date,rank,title,daily_admission,total_admission,showtimes
2025-04-30,1,Thunderbolts*,176153,176153,1655
2025-04-30,2,Jumbo,96729,7836773,58265
2025-04-30,3,Pengepungan di Bukit Duri,74000,1370751,16050
2025-04-30,4,Mendadak Dangdut,66650,66650,619
2025-04-30,5,Penjagal Iblis Dosa Turunan,58729,58729,736
2025-04-30,6,Perang Kota,40361,40361,843
2025-04-30,7,Komang,7235,2915740,30425
2025-04-30,8,Pabrik Gula,6912,4682297,8411
2025-04-30,9,Anak Medan: Cocok Ko Rasa???,5034,63765,866
2025-04-30,10,Rumah Untuk Alie,3581,513232,8625
2025-04-30,11,The Accountant 2,2610,127700,3554
2025-04-30,12,Until Dawn,2007,80035,3697
2025-04-30,13,Mangku Pocong,1075,91257,2190
2025-04-30,14,Panor,885,885,37
2025-04-29,1,Jumbo,109187,7740044,56852
2025-04-29,2,Pengepungan di Bukit Duri,78555,1296751,15062
2025-04-29,3,Komang,14876,2908505,30242
2025-04-29,4,The Accountant 2,14711,125090,3452
2025-04-29,5,Rumah Untuk Alie,11649,509651,8538
2025-04-29,6,Pabrik Gula,10583,4675385,8411
2025-04-29,7,Mangku Pocong,9910,90182,2135
2025-04-29,8,Until Dawn,6971,78028,3601
2025-04-29,9,Anak Medan: Cocok Ko Rasa???,4547,58731,815
2025-04-29,10,Sinners,1812,59546,2204
2025-04-29,11,Sah! Katanya...,1411,65506,1894
2025-04-29,12,A Minecraft Movie,1347,711672,10352
2025-04-29,13,Norma: Antara Mertua dan Menantu,920,686919,9093
2025-04-29,14,Muslihat,890,173707,3261
2025-04-29,15,Drop,687,18849,1644
2025-04-29,16,The Amateur,651,127834,3975
2025-04-29,17,Qodrat 2,505,2214441,24228
2025-04-29,18,The Snitch,191,3746,57
2025-04-28,1,Jumbo,137508,7630857,54365
2025-04-28,2,Pengepungan di Bukit Duri,82690,1218196,13608
2025-04-28,3,Komang,23245,2893629,29732
2025-04-28,4,The Accountant 2,19022,110379,2757
2025-04-28,5,Rumah Untuk Alie,14208,498002,8028
2025-04-28,6,Pabrik Gula,11965,4664802,8410
2025-04-28,7,Mangku Pocong,8229,80272,1858
2025-04-28,8,Until Dawn,7420,71057,3116
2025-04-28,9,Anak Medan: Cocok Ko Rasa???,6073,54184,711
2025-04-28,10,A Minecraft Movie,2254,710325,10240
2025-04-28,11,Sah! Katanya...,2082,64095,1846
2025-04-28,12,Sinners,2080,57734,2069
2025-04-28,13,Muslihat,995,172817,3218
2025-04-28,14,Drop,874,18162,1563
2025-04-28,15,Qodrat 2,823,2213936,24199
2025-04-28,16,The Amateur,514,127183,3900
2025-04-28,17,The Snitch,267,3555,51
2025-04-27,1,Jumbo,337429,7493349,51860
2025-04-27,2,Pengepungan di Bukit Duri,105661,1135506,12203
2025-04-27,3,Komang,32401,2870384,29255
2025-04-27,4,The Accountant 2,26292,91357,2062
2025-04-27,5,Rumah Untuk Alie,25492,483794,7476
2025-04-27,6,Pabrik Gula,19588,4652837,8409
2025-04-27,7,Mangku Pocong,15605,72043,1541
2025-04-27,8,Anak Medan: Cocok Ko Rasa???,14782,48111,599
2025-04-27,9,A Minecraft Movie,14589,708071,10129
2025-04-27,10,Until Dawn,14304,63637,2686
2025-04-27,11,Sah! Katanya...,7800,62013,1693
2025-04-27,12,Sinners,3677,55654,1971
2025-04-27,13,Norma: Antara Mertua dan Menantu,2528,685999,9093
2025-04-27,14,Drop,2517,17288,1481
2025-04-27,15,Qodrat 2,1702,2213113,24164
2025-04-27,16,Muslihat,1694,171822,3159
2025-04-27,17,The Amateur,1671,126669,3843
2025-04-27,18,The Snitch,642,3288,51
2025-04-26,1,Jumbo,346258,7155920,49261
2025-04-26,2,Pengepungan di Bukit Duri,148684,1029845,10791
2025-04-26,3,Komang,40227,2837983,28770
2025-04-26,4,The Accountant 2,33709,65065,1391
2025-04-26,5,Rumah Untuk Alie,32748,458302,6902
2025-04-26,6,Pabrik Gula,18574,4633249,8408
2025-04-26,7,Until Dawn,15253,49333,2267
2025-04-26,8,A Minecraft Movie,14660,693482,10021
2025-04-26,9,Mangku Pocong,14177,56438,1196
2025-04-26,10,Anak Medan: Cocok Ko Rasa???,13391,33329,486
2025-04-26,11,Sah! Katanya...,9995,54213,1491
2025-04-26,12,Sinners,4505,51977,1886
2025-04-26,13,Drop,3563,14771,1371
2025-04-26,14,The Amateur,1998,124998,3788
2025-04-26,15,Qodrat 2,1992,2211411,24132
2025-04-26,16,Muslihat,1907,170128,3099
2025-04-26,17,The Snitch,784,2646,50
2025-04-25,1,Jumbo,188161,6809662,46886
2025-04-25,2,Pengepungan di Bukit Duri,107599,881161,9393
2025-04-25,3,Rumah Untuk Alie,32302,425554,6315
2025-04-25,4,The Accountant 2,31356,31356,704
2025-04-25,5,Komang,27032,2797756,28292
2025-04-25,6,Pabrik Gula,24351,4614675,8407
2025-04-25,7,Mangku Pocong,19004,42261,833
2025-04-25,8,Sah! Katanya...,17200,44218,1136
2025-04-25,9,Until Dawn,9288,34080,1845
2025-04-25,10,Anak Medan: Cocok Ko Rasa???,8560,19938,373
2025-04-25,11,A Minecraft Movie,5383,678822,9899
2025-04-25,12,Muslihat,3423,168221,3025
2025-04-25,13,Sinners,2324,47472,1802
2025-04-25,14,Drop,1666,11208,1255
2025-04-25,15,Qodrat 2,1586,2209419,24097
2025-04-25,16,The Amateur,1103,123000,3735
2025-04-25,17,The Snitch,437,1862,39
2025-04-24,1,Jumbo,147215,6621501,44901
2025-04-24,2,Pengepungan di Bukit Duri,95917,773562,7981
2025-04-24,3,Komang,28522,2770724,27794
2025-04-24,4,Sah! Katanya...,27018,27018,652
2025-04-24,5,Mangku Pocong,23257,23257,411
2025-04-24,6,Pabrik Gula,18820,4590324,8405
2025-04-24,7,Rumah Untuk Alie,18072,393252,5872
2025-04-24,8,Until Dawn,11429,24792,1349
2025-04-24,9,Anak Medan: Cocok Ko Rasa???,11378,11378,239
2025-04-24,10,Buku Harianku,6763,212569,65
2025-04-24,11,Muslihat,4670,164798,2850
2025-04-24,12,A Minecraft Movie,4173,673439,9805
2025-04-24,13,Qodrat 2,3906,2207833,24033
2025-04-24,14,Drop,3737,9542,1047
2025-04-24,15,Norma: Antara Mertua dan Menantu,2490,683471,9088
2025-04-24,16,Sinners,1878,45148,1729
2025-04-24,17,The Amateur,1171,121897,3657
2025-04-24,18,The Snitch,624,1425,36
2025-04-23,1,Jumbo,151804,6474286,42998
2025-04-23,2,Pengepungan di Bukit Duri,101047,677645,6562
2025-04-23,3,Komang,35220,2742202,27351
2025-04-23,4,Pabrik Gula,27324,4571504,8404
2025-04-23,5,Rumah Untuk Alie,23219,375180,5386
2025-04-23,6,Muslihat,18813,160128,2586
2025-04-23,7,Until Dawn,13363,13363,734
2025-04-23,8,Qodrat 2,5987,2203927,23950
2025-04-23,9,Drop,5805,5805,690
2025-04-23,10,A Minecraft Movie,3813,669266,9698
2025-04-23,11,Sinners,2241,43270,1653
2025-04-23,12,The Amateur,1636,120726,3571
2025-04-23,13,The King of Kings,1509,38269,1386
2025-04-23,14,The Snitch,801,801,32
2025-04-22,1,Jumbo,165674,6322482,40865
2025-04-22,2,Pengepungan di Bukit Duri,101899,576598,5158
2025-04-22,3,Komang,31569,2706982,26680
2025-04-22,4,Pabrik Gula,30678,4544180,8397
2025-04-22,5,Rumah Untuk Alie,30082,351961,4685
2025-04-22,6,Muslihat,19183,141315,2252
2025-04-22,7,Qodrat 2,9951,2197940,23793
2025-04-22,8,A Minecraft Movie,4786,665453,9566
2025-04-22,9,Sinners,3113,41029,1553
2025-04-22,10,The Amateur,2610,119090,3471
2025-04-22,11,A Working Man,1867,450460,15172
2025-04-22,12,The King of Kings,1500,36760,1341
2025-04-21,1,Jumbo,219375,6156808,38304
2025-04-21,2,Pengepungan di Bukit Duri,104629,474699,3835
2025-04-21,3,Komang,49048,2675413,25680
2025-04-21,4,Pabrik Gula,43737,4513502,8389
2025-04-21,5,Rumah Untuk Alie,39293,321879,3873
2025-04-21,6,Muslihat,22125,122132,1887
2025-04-21,7,Qodrat 2,12050,2187989,23515
2025-04-21,8,A Minecraft Movie,10928,660667,9240
2025-04-21,9,Sinners,4092,37916,1392
2025-04-21,10,The Amateur,2809,116480,3312
2025-04-21,11,The King of Kings,2261,35260,1153
2025-04-21,12,A Working Man,1089,448593,15078
2025-04-20,1,Jumbo,464994,5937433,35586
2025-04-20,2,Pengepungan di Bukit Duri,97978,370070,3041
2025-04-20,3,Komang,66413,2626365,24697
2025-04-20,4,Pabrik Gula,52075,4469765,8368
2025-04-20,5,Rumah Untuk Alie,51899,282586,3066
2025-04-20,6,A Minecraft Movie,32617,649739,8908
2025-04-20,7,Qodrat 2,24581,2175939,23097
2025-04-20,8,Muslihat,19504,100007,1511
2025-04-20,9,The King of Kings,9789,32999,947
2025-04-20,10,Sinners,7724,33824,1261
2025-04-20,11,The Amateur,7265,113671,3138
2025-04-20,12,Seventeen [Right Here] World Tour in Cinemas,5080,21286,5
2025-04-20,13,A Working Man,2632,447504,14987
2025-04-20,14,Kesari Chapter 2,435,1113,34
2025-04-20,15,Korban Jatuh Tempo: Pinjol,179,179,10
2025-04-20,16,Streaming,107,750,18
2025-04-19,1,Jumbo,523747,5472439,32965
2025-04-19,2,Pengepungan di Bukit Duri,107735,272092,2300
2025-04-19,3,Komang,92000,2559952,23766
2025-04-19,4,Rumah Untuk Alie,72895,230687,2308
2025-04-19,5,Pabrik Gula,59273,4417690,8353
2025-04-19,6,A Minecraft Movie,43222,617122,8553
2025-04-19,7,Qodrat 2,28990,2151358,22693
2025-04-19,8,Muslihat,22132,80503,1145
2025-04-19,9,The Amateur,9415,106406,2969
2025-04-19,10,The King of Kings,8323,23210,741
2025-04-19,11,Sinners,8122,26100,1124
2025-04-19,12,Seventeen [Right Here] World Tour in Cinemas,7726,16206,5
2025-04-19,13,A Working Man,2566,444872,14923
2025-04-19,14,Kesari Chapter 2,360,678,22
2025-04-19,15,Streaming,175,643,17
2025-04-18,1,Jumbo,555864,4948692,30313
2025-04-18,2,Komang,127917,2467952,22821
2025-04-18,3,Rumah Untuk Alie,98415,157792,1528
2025-04-18,4,Pengepungan di Bukit Duri,92662,164357,1570
2025-04-18,5,Pabrik Gula,74760,4358417,8325
2025-04-18,6,A Minecraft Movie,48519,573900,8210
2025-04-18,7,Qodrat 2,35996,2122368,22283
2025-04-18,8,Muslihat,29080,58371,766
2025-04-18,9,The King of Kings,14887,14887,478
2025-04-18,10,The Amateur,10545,96991,2806
2025-04-18,11,Sinners,8663,17978,983
2025-04-18,12,A Working Man,3041,442306,14859
2025-04-18,13,Seventeen [Right Here] World Tour in Cinemas,2358,8480,5
2025-04-18,14,Kesari Chapter 2,318,318,9
2025-04-18,15,Streaming,150,468,17
2025-04-17,1,Jumbo,303634,4392828,28080
2025-04-17,2,Komang,78620,2340035,21874
2025-04-17,3,Pabrik Gula,72818,4283657,8306
2025-04-17,4,Pengepungan di Bukit Duri,71695,71695,783
2025-04-17,5,Rumah Untuk Alie,59377,59377,748
2025-04-17,6,Muslihat,29291,29291,395
2025-04-17,7,Qodrat 2,24380,2086372,21834
2025-04-17,8,A Minecraft Movie,22806,525381,7871
2025-04-17,9,The Amateur,5789,86446,2632
2025-04-17,10,Sinners,4172,9315,819
2025-04-17,11,Seventeen [Right Here] World Tour in Cinemas,1727,6122,5
2025-04-17,12,A Working Man,1526,439265,14795
2025-04-17,13,Norma: Antara Mertua dan Menantu,1371,680981,9025
2025-04-17,14,Streaming,162,318,17
2025-04-16,1,Jumbo,264667,4089194,25880
2025-04-16,2,Komang,92636,2261415,20817
2025-04-16,3,Pabrik Gula,86978,4210839,8289
2025-04-16,4,Qodrat 2,61878,2061992,21161
2025-04-16,5,A Minecraft Movie,19738,502575,7586
2025-04-16,6,The Amateur,6551,80657,2414
2025-04-16,7,Norma: Antara Mertua dan Menantu,6489,679610,8991
2025-04-16,8,Sinners,5143,5143,506
2025-04-16,9,Seventeen [Right Here] World Tour in Cinemas,4395,4395,5
2025-04-16,10,A Working Man,1162,437739,14705
2025-04-16,11,Petaka Gunung Gede,816,3242843,67793
2025-04-16,12,Streaming,156,156,8
2025-04-15,1,Jumbo,258073,3824527,23712
2025-04-15,2,Komang,105110,2168779,19653
2025-04-15,3,Pabrik Gula,95434,4123861,8263
2025-04-15,4,Qodrat 2,61244,2000114,20191
2025-04-15,5,A Minecraft Movie,16751,482837,7147
2025-04-15,6,Norma: Antara Mertua dan Menantu,8328,673121,8832
2025-04-15,7,The Amateur,7384,74106,2116
2025-04-15,8,A Working Man,1545,436577,14590
2025-04-15,9,Pinjam 100 The Movie,282,13412,973
2025-04-14,1,Jumbo,290757,3566454,21466
2025-04-14,2,Komang,107443,2063669,18434
2025-04-14,3,Pabrik Gula,71921,4028427,8231
2025-04-14,4,Qodrat 2,70362,1938870,19158
2025-04-14,5,A Minecraft Movie,21537,466086,6409
2025-04-14,6,Norma: Antara Mertua dan Menantu,9807,664793,8616
2025-04-14,7,The Amateur,8153,66722,1759
2025-04-14,8,A Working Man,1797,435032,14421
2025-04-14,9,Pinjam 100 The Movie,537,13130,938
2025-04-13,1,Jumbo,480532,3275697,19418
2025-04-13,2,Komang,165784,1956226,17248
2025-04-13,3,Pabrik Gula,149916,3956506,8201
2025-04-13,4,Qodrat 2,87659,1868508,18106
2025-04-13,5,A Minecraft Movie,83244,444549,5569
2025-04-13,6,The Amateur,19751,58569,1386
2025-04-13,7,Norma: Antara Mertua dan Menantu,13102,654986,8362
2025-04-13,8,A Working Man,4538,433235,14276
2025-04-13,9,The Last Supper,4178,683423,7998
2025-04-13,10,Soffie: Dendam Dalam Dosa,3026,3026,28
2025-04-13,11,Ne Zha 2,2832,462418,14375
2025-04-13,12,Pinjam 100 The Movie,1857,12593,883
2025-04-13,13,"Ado SPECIAL LIVE ""Shinzou"" in Cinema",753,2118,12
2025-04-13,14,Jaat,270,715,42
2025-04-13,15,IMAGINE DRAGONS: LIVE FROM THE HOLLYWOOD BOWL (WITH THE LA FILM ORCHESTRA),48,639,20
2025-04-12,1,Jumbo,432671,2795165,17359
2025-04-12,2,Komang,206465,1790442,15905
2025-04-12,3,Pabrik Gula,184239,3806590,8122
2025-04-12,4,Qodrat 2,111755,1780849,16934
2025-04-12,5,A Minecraft Movie,109798,361305,4640
2025-04-12,6,The Amateur,23585,38818,973
2025-04-12,7,Norma: Antara Mertua dan Menantu,21179,641884,8035
2025-04-12,8,A Working Man,6437,428697,14113
2025-04-12,9,Ne Zha 2,3402,459586,14325
2025-04-12,10,Pinjam 100 The Movie,2053,10736,789
2025-04-12,11,"Ado SPECIAL LIVE ""Shinzou"" in Cinema",721,1365,0
2025-04-12,12,Jaat,273,445,27
2025-04-12,13,IMAGINE DRAGONS: LIVE FROM THE HOLLYWOOD BOWL (WITH THE LA FILM ORCHESTRA),266,591,20
2025-04-11,1,Jumbo,272842,2362494,15622
2025-04-11,2,Pabrik Gula,209366,3622351,8025
2025-04-11,3,Komang,147931,1583977,14558
2025-04-11,4,Qodrat 2,97902,1669094,15738
2025-04-11,5,A Minecraft Movie,56313,251507,3710
2025-04-11,6,Norma: Antara Mertua dan Menantu,26907,620705,7634
2025-04-11,7,The Amateur,15233,15233,504
2025-04-11,8,A Working Man,2903,422260,13936
2025-04-11,9,Pinjam 100 The Movie,2535,8683,645
2025-04-11,10,Ne Zha 2,1617,456184,14269
2025-04-11,11,"Ado SPECIAL LIVE ""Shinzou"" in Cinema",644,644,0
2025-04-11,12,Jaat,172,172,12
2025-04-11,13,IMAGINE DRAGONS: LIVE FROM THE HOLLYWOOD BOWL (WITH THE LA FILM ORCHESTRA),76,325,20
2025-04-10,1,Jumbo,231503,2089652,14251
2025-04-10,2,Pabrik Gula,231193,3412985,7943
2025-04-10,3,Komang,147093,1436046,13408
2025-04-10,4,Qodrat 2,96900,1571192,14629
2025-04-10,5,A Minecraft Movie,37595,195194,2848
2025-04-10,6,Norma: Antara Mertua dan Menantu,32693,593798,7251
2025-04-10,7,Pinjam 100 The Movie,6148,6148,439
2025-04-10,8,Petaka Gunung Gede,5802,3242027,67769
2025-04-10,9,A Working Man,3286,419357,13805
2025-04-10,10,Ne Zha 2,1266,454567,14206
2025-04-10,11,The Last Supper,888,679245,7865
2025-04-10,12,IMAGINE DRAGONS: LIVE FROM THE HOLLYWOOD BOWL (WITH THE LA FILM ORCHESTRA),65,249,20
2025-04-09,1,Pabrik Gula,256983,3181792,7666
2025-04-09,2,Jumbo,251687,1858149,12701
2025-04-09,3,Komang,168686,1288953,12126
2025-04-09,4,Qodrat 2,114511,1474292,13385
2025-04-09,5,A Minecraft Movie,66705,157599,1739
2025-04-09,6,Norma: Antara Mertua dan Menantu,41937,561105,6831
2025-04-09,7,A Working Man,6277,416071,13608
2025-04-09,8,Ne Zha 2,1918,453301,14105
2025-04-09,9,The Last Supper,1196,678357,7813
2025-04-09,10,IMAGINE DRAGONS: LIVE FROM THE HOLLYWOOD BOWL (WITH THE LA FILM ORCHESTRA),184,184,14
2025-04-08,1,Jumbo,303845,1606462,11137
2025-04-08,2,Pabrik Gula,285928,2924809,7286
2025-04-08,3,Komang,182457,1120267,10836
2025-04-08,4,Qodrat 2,157382,1359781,12059
2025-04-08,5,Norma: Antara Mertua dan Menantu,63413,519168,6322
2025-04-08,6,A Working Man,13434,409794,13360
2025-04-08,7,Ne Zha 2,4714,451383,14007
2025-04-08,8,The Last Supper,2311,677161,7753
2025-04-07,1,Pabrik Gula,352512,2638881,6844
2025-04-07,2,Jumbo,297365,1302617,9618
2025-04-07,3,Qodrat 2,189329,1202399,10710
2025-04-07,4,Komang,180493,937810,9551
2025-04-07,5,Norma: Antara Mertua dan Menantu,75178,455755,5676
2025-04-07,6,A Working Man,21797,396360,12699
2025-04-07,7,Ne Zha 2,10318,446669,13787
2025-04-07,8,The Last Supper,4516,674850,7573
2025-04-06,1,Pabrik Gula,279010,2286369,6364
2025-04-06,2,Jumbo,229750,1005252,8180
2025-04-06,3,Qodrat 2,172632,1013070,9361
2025-04-06,4,Komang,155772,757317,8322
2025-04-06,5,Norma: Antara Mertua dan Menantu,55937,380577,5018
2025-04-06,6,A Minecraft Movie,38417,90894,604
2025-04-06,7,A Working Man,21737,374563,12015
2025-04-06,8,Ne Zha 2,12740,436351,13580
2025-04-06,9,The Last Supper,9479,670334,7424
2025-04-06,10,Sikandar,559,4108,97
2025-04-06,11,Bunga Semerah Darah,270,270,117
2025-04-05,1,Pabrik Gula,355282,2007359,5640
2025-04-05,2,Jumbo,202609,775502,6778
2025-04-05,3,Qodrat 2,182706,840438,7966
2025-04-05,4,Komang,141592,601545,7074
2025-04-05,5,Norma: Antara Mertua dan Menantu,66346,324640,4336
2025-04-05,6,A Minecraft Movie,35484,52477,360
2025-04-05,7,A Working Man,28923,352826,11449
2025-04-05,8,Ne Zha 2,13370,423611,13395
2025-04-05,9,The Last Supper,11499,660855,7207
2025-04-05,10,Sikandar,338,3549,87
2025-04-04,1,Pabrik Gula,318457,1652077,4755
2025-04-04,2,Jumbo,163703,572893,5591
2025-04-04,3,Qodrat 2,157380,657732,6652
2025-04-04,4,Komang,125512,459953,5966
2025-04-04,5,Norma: Antara Mertua dan Menantu,67651,258294,3704
2025-04-04,6,A Working Man,27913,323903,10884
2025-04-04,7,A Minecraft Movie,16993,16993,150
2025-04-04,8,The Last Supper,16175,649356,6966
2025-04-04,9,Ne Zha 2,14289,410241,13208
2025-04-04,10,Sikandar,272,3211,77
2025-04-03,1,Pabrik Gula,396255,1333620,3822
2025-04-03,2,Qodrat 2,157353,500352,5369
2025-04-03,3,Jumbo,154106,409190,4465
2025-04-03,4,Komang,114267,334441,4884
2025-04-03,5,Norma: Antara Mertua dan Menantu,70500,190643,3090
2025-04-03,6,A Working Man,29937,295990,10314
2025-04-03,7,The Last Supper,22140,633181,6783
2025-04-03,8,Ne Zha 2,16320,395952,13034
2025-04-03,9,Sikandar,461,2939,67
2025-04-02,1,Pabrik Gula,429994,937365,2843
2025-04-02,2,Qodrat 2,146649,342999,3956
2025-04-02,3,Jumbo,114905,255084,3276
2025-04-02,4,Komang,85019,220174,3754
2025-04-02,5,Norma: Antara Mertua dan Menantu,51647,120143,2428
2025-04-02,6,A Working Man,29704,266053,9639
2025-04-02,7,The Last Supper,22746,611041,6565
2025-04-02,8,Ne Zha 2,17997,379632,12807
2025-04-02,9,Sikandar,493,2478,58
2025-04-01,1,Pabrik Gula,303572,507371,1907
2025-04-01,2,Qodrat 2,123973,196350,2579
2025-04-01,3,Jumbo,79721,140179,2119
2025-04-01,4,Komang,74937,135155,2604
2025-04-01,5,Norma: Antara Mertua dan Menantu,37020,68496,1748
2025-04-01,6,A Working Man,32013,236349,8917
2025-04-01,7,The Last Supper,25580,588295,6325
2025-04-01,8,Ne Zha 2,15430,361635,12631
2025-04-01,9,Sikandar,676,1985,45
2025-05-31,1,Mission: Impossible - The Final Reckoning,142159,1719104,25270
2025-05-31,2,Waktu Maghrib 2,74065,340019,6142
2025-05-31,3,Lilo & Stitch,65484,616908,13329
2025-05-31,4,Karate Kid: Legends,54148,231832,4822
2025-05-31,5,Final Destination: Bloodlines,32244,1653916,34419
2025-05-31,6,Jumbo,23928,10052249,95319
2025-05-31,7,Gundik,18172,409993,11035
2025-05-31,8,Dendam Malam Kelam,11783,56094,2662
2025-05-31,9,Cocote Tonggo,6234,248066,6614
2025-05-31,10,The Ritual,3377,15328,891
2025-05-31,11,J-Hope Tour 'HOPE ON THE STAGE' in JAPAN: LIVE VIEWING,1422,1422,0
2025-05-31,12,Dasim,748,200927,7050
2025-05-31,13,The Ugly Stepsister,437,1734,10
2025-05-31,14,Hala Bala,150,510,0
2025-05-30,1,Mission: Impossible - The Final Reckoning,123995,1576945,23522
2025-05-30,2,Waktu Maghrib 2,72774,265954,4635
2025-05-30,3,Lilo & Stitch,57882,551424,12157
2025-05-30,4,Karate Kid: Legends,46633,177684,3713
2025-05-30,5,Final Destination: Bloodlines,30887,1621672,33821
2025-05-30,6,Jumbo,20295,10028321,94652
2025-05-30,7,Gundik,13528,391821,10591
2025-05-30,8,Dendam Malam Kelam,10525,44311,2274
2025-05-30,9,Cocote Tonggo,6344,241832,6459
2025-05-30,10,The Ritual,3128,11951,764
2025-05-30,11,The Ugly Stepsister,384,1297,10
2025-05-30,12,Hala Bala,145,360,0
2025-05-30,13,Pembantaian Dukun Santet,125,729992,14159
2025-05-29,1,Mission: Impossible - The Final Reckoning,176454,1452950,21867
2025-05-29,2,Waktu Maghrib 2,101095,193180,3157
2025-05-29,3,Karate Kid: Legends,74153,131051,2529
2025-05-29,4,Lilo & Stitch,65107,493542,11226
2025-05-29,5,Final Destination: Bloodlines,43631,1590785,33145
2025-05-29,6,Jumbo,35828,10008026,94074
2025-05-29,7,Gundik,22789,378293,10069
2025-05-29,8,Dendam Malam Kelam,17755,33786,1776
2025-05-29,9,Cocote Tonggo,10494,235488,6312
2025-05-29,10,The Ritual,8823,8823,513
2025-05-29,11,The Ugly Stepsister,518,913,0
2025-05-29,12,Pembantaian Dukun Santet,394,729867,14147
2025-05-29,13,Hala Bala,115,215,0
2025-05-28,1,Waktu Maghrib 2,92085,92085,1581
2025-05-28,2,Mission: Impossible - The Final Reckoning,83068,1276496,20349
2025-05-28,3,Karate Kid: Legends,56898,56898,1410
2025-05-28,4,Lilo & Stitch,32833,428435,10619
2025-05-28,5,Final Destination: Bloodlines,24652,1547154,32602
2025-05-28,6,Gundik,23412,355504,9338
2025-05-28,7,Dendam Malam Kelam,16031,16031,1112
2025-05-28,8,Jumbo,15368,9972198,93650
2025-05-28,9,Cocote Tonggo,4767,224994,6176
2025-05-28,10,Komang,2127,2984897,31920
2025-05-28,11,Pembantaian Dukun Santet,858,729473,14120
2025-05-28,12,The Ugly Stepsister,395,395,0
2025-05-28,13,Dasim,145,200179,7049
2025-05-28,14,Hala Bala,100,100,0
2025-05-27,1,Mission: Impossible - The Final Reckoning,62739,1193428,18942
2025-05-27,2,Lilo & Stitch,49155,395602,10114
2025-05-27,3,Gundik,39920,332092,8452
2025-05-27,4,Final Destination: Bloodlines,23316,1522502,31898
2025-05-27,5,Jumbo,15389,9956830,93326
2025-05-27,6,Cocote Tonggo,4516,220227,6022
2025-05-27,7,Pengepungan di Bukit Duri,1555,1892369,26722
2025-05-27,8,Pembantaian Dukun Santet,1512,728615,14081
2025-05-27,9,Dasim,873,200034,7039
2025-05-27,10,Thunderbolts*,484,1485938,24828
2025-05-27,11,COLORFUL STAGE! The Movie: A Miku Who Cant Sing,73,66733,18
2025-05-26,1,Mission: Impossible - The Final Reckoning,84623,1130689,16129
2025-05-26,2,Gundik,41879,292172,6994
2025-05-26,3,Lilo & Stitch,33977,346447,8735
2025-05-26,4,Final Destination: Bloodlines,31426,1499186,30718
2025-05-26,5,Jumbo,11782,9941441,92776
2025-05-26,6,Cocote Tonggo,6291,215711,5734
2025-05-26,7,Pembantaian Dukun Santet,2012,727103,13981
2025-05-26,8,Dasim,819,199161,6967
2025-05-26,9,Thunderbolts*,483,1485454,24756
2025-05-26,10,COLORFUL STAGE! The Movie: A Miku Who Cant Sing,308,66660,18
2025-05-25,1,Mission: Impossible - The Final Reckoning,200013,1046066,13279
2025-05-25,2,Lilo & Stitch,65240,312470,7269
2025-05-25,3,Gundik,64061,250293,5534
2025-05-25,4,Final Destination: Bloodlines,62808,1467760,29601
2025-05-25,5,Jumbo,32340,9929659,92128
2025-05-25,6,Cocote Tonggo,14221,209420,5460
2025-05-25,7,Buku Harianku,8044,240616,65
2025-05-25,8,Pembantaian Dukun Santet,3889,725091,13914
2025-05-25,9,Komang,1764,2982770,31918
2025-05-25,10,Dasim,1346,198342,6906
2025-05-25,11,Thunderbolts*,1149,1484971,24713
2025-05-25,12,Angkara Murka,1087,8232,612
2025-05-25,13,COLORFUL STAGE! The Movie: A Miku Who Cant Sing,598,66352,18
2025-05-25,14,Insya Allah Berkah,487,5492,567
2025-05-25,15,Sayap Sayap Patah 2: Olivia,398,256602,6109
2025-05-25,16,Bhool Chuk Maaf,301,641,45
2025-05-23,1,Mission: Impossible - The Final Reckoning,132423,564731,7891
2025-05-23,2,Gundik,58677,122028,2595
2025-05-23,3,Lilo & Stitch,51913,139079,3879
2025-05-23,4,Final Destination: Bloodlines,51198,1327935,27338
2025-05-23,5,Jumbo,12135,9868298,90933
2025-05-23,6,Cocote Tonggo,9222,181946,4968
2025-05-23,7,Pembantaian Dukun Santet,2495,717707,13788
2025-05-23,8,Angkara Murka,1270,5649,555
2025-05-23,9,Dasim,1090,196093,6831
2025-05-23,10,Thunderbolts*,1004,1482263,24627
2025-05-23,11,Sayap Sayap Patah 2: Olivia,522,255740,6080
2025-05-23,12,Insya Allah Berkah,472,4333,459
2025-05-23,13,COLORFUL STAGE! The Movie: A Miku Who Cant Sing,392,65069,18
2025-05-23,14,Bhool Chuk Maaf,130,130,15
2025-05-22,1,Mission: Impossible - The Final Reckoning,104299,432308,5694
2025-05-22,2,Gundik,63351,63351,851
2025-05-22,3,Final Destination: Bloodlines,45541,1276737,26084
2025-05-22,4,Lilo & Stitch,39666,87166,2620
2025-05-22,5,Jumbo,12088,9856163,90500
2025-05-22,6,Cocote Tonggo,11460,172724,4681
2025-05-22,7,Angkara Murka,4379,4379,374
2025-05-22,8,Insya Allah Berkah,3861,3861,312
2025-05-22,9,Dasim,3743,195003,6698
2025-05-22,10,Pembantaian Dukun Santet,3176,715212,13690
2025-05-22,11,Sayap Sayap Patah 2: Olivia,868,255218,6056
2025-05-22,12,Thunderbolts*,711,1481259,24578
2025-05-22,13,COLORFUL STAGE! The Movie: A Miku Who Cant Sing,381,64677,18
2025-05-21,1,Mission: Impossible - The Final Reckoning,174500,328009,3166
2025-05-21,2,Final Destination: Bloodlines,52196,1231196,24788
2025-05-21,3,Lilo & Stitch,47500,47500,1540
2025-05-21,4,Cocote Tonggo,20346,161264,4372
2025-05-21,5,Jumbo,17803,9844075,90141
2025-05-21,6,Dasim,12010,191260,6463
2025-05-21,7,Pembantaian Dukun Santet,10154,712036,13516
2025-05-21,8,Godaan Setan Yang Terkutuk,3194,54118,2828
2025-05-21,9,Sayap Sayap Patah 2: Olivia,2058,254350,6028
2025-05-21,10,Thunderbolts*,1298,1480548,24541
2025-05-21,11,COLORFUL STAGE! The Movie: A Miku Who Cant Sing,786,64296,18
2025-05-21,12,Home Sweet Home: Rebirth,79,10466,1393
2025-05-20,1,Final Destination: Bloodlines,74638,1179000,23135
2025-05-20,2,Jumbo,22354,9826272,89426
2025-05-20,3,Cocote Tonggo,21038,140918,3922
2025-05-20,4,Pembantaian Dukun Santet,17062,701882,13223
2025-05-20,5,Dasim,16895,179250,5996
2025-05-20,6,Thunderbolts*,6973,1479250,24450
2025-05-20,7,Sayap Sayap Patah 2: Olivia,4605,252292,5920
2025-05-20,8,Godaan Setan Yang Terkutuk,4006,50924,2687
2025-05-20,9,COLORFUL STAGE! The Movie: A Miku Who Cant Sing,2757,63510,18
2025-05-20,10,Mungkin Kita Perlu Waktu,1724,24320,1630
2025-05-20,11,Pengepungan di Bukit Duri,1504,1890814,26666
2025-05-20,12,Home Sweet Home: Rebirth,1015,10387,1368
2025-05-20,13,Holy Night: Demon Hunters,783,66249,1370
2025-05-20,14,Warfare,580,46624,3694
2025-05-20,15,The Red Envelope,411,12121,566
2025-05-20,16,Mendadak Dangdut,289,320710,5344
2025-05-19,1,Final Destination: Bloodlines,79519,1104362,19387
2025-05-19,2,Jumbo,25929,9803918,88122
2025-05-19,3,Dasim,22955,162355,5004
2025-05-19,4,Cocote Tonggo,19821,119880,3202
2025-05-19,5,Pembantaian Dukun Santet,19116,684820,12769
2025-05-19,6,Thunderbolts*,8407,1472277,24020
2025-05-19,7,Godaan Setan Yang Terkutuk,4454,46918,2311
2025-05-19,8,COLORFUL STAGE! The Movie: A Miku Who Cant Sing,4229,60753,18
2025-05-19,9,Sayap Sayap Patah 2: Olivia,3460,247687,5673
2025-05-19,10,Mungkin Kita Perlu Waktu,2050,22596,1525
2025-05-19,11,Pengepungan di Bukit Duri,1759,1889310,26578
2025-05-19,12,Home Sweet Home: Rebirth,927,9372,1196
2025-05-19,13,Holy Night: Demon Hunters,848,65466,1301
2025-05-19,14,Warfare,668,46044,3581
2025-05-19,15,The Red Envelope,458,11710,535
2025-05-19,16,Mendadak Dangdut,303,320421,5320
2025-05-18,1,Final Destination: Bloodlines,159542,1024843,15638
2025-05-18,2,Mission: Impossible - The Final Reckoning,69008,153509,882
2025-05-18,3,Jumbo,65645,9777989,86743
2025-05-18,4,Cocote Tonggo,38092,100059,2477
2025-05-18,5,Dasim,34653,139400,3993
2025-05-18,6,Pembantaian Dukun Santet,27745,665704,12259
2025-05-18,7,Thunderbolts*,19077,1463870,23534
2025-05-18,8,Godaan Setan Yang Terkutuk,9713,42464,1906
2025-05-18,9,Sayap Sayap Patah 2: Olivia,5967,244227,5383
2025-05-18,10,Mungkin Kita Perlu Waktu,3518,20546,1408
2025-05-18,11,Pengepungan di Bukit Duri,2916,1887551,26490
2025-05-18,12,COLORFUL STAGE! The Movie: A Miku Who Cant Sing,2538,56524,18
2025-05-18,13,Home Sweet Home: Rebirth,2023,8445,1073
2025-05-18,14,Holy Night: Demon Hunters,1722,64618,1236
2025-05-18,15,The Red Envelope,1681,11252,493
2025-05-18,16,Warfare,1379,45376,3489
2025-05-18,17,ATEEZ World Tour [TOWARDS THE LIGHT WILL TO POWER] In Cinemas,1238,4698,0
2025-05-18,18,Komang,966,2981006,31914
2025-05-18,19,Mendadak Dangdut,602,320118,5299
2025-05-17,1,Final Destination: Bloodlines,212100,865301,12127
2025-05-17,2,Mission: Impossible - The Final Reckoning,84501,84501,436
2025-05-17,3,Jumbo,56734,9712344,85359
2025-05-17,4,Dasim,27622,104747,3072
2025-05-17,5,Cocote Tonggo,24663,61967,1801
2025-05-17,6,Thunderbolts*,20254,1444793,23111
2025-05-17,7,Pembantaian Dukun Santet,19629,637959,11792
2025-05-17,8,Godaan Setan Yang Terkutuk,8331,32751,1515
2025-05-17,9,Sayap Sayap Patah 2: Olivia,6329,238260,5108
2025-05-17,10,Mungkin Kita Perlu Waktu,3737,17028,1279
2025-05-17,11,Home Sweet Home: Rebirth,3453,6422,915
2025-05-17,12,Pengepungan di Bukit Duri,3344,1884635,26411
2025-05-17,13,Holy Night: Demon Hunters,2490,62896,1172
2025-05-17,14,COLORFUL STAGE! The Movie: A Miku Who Cant Sing,2113,53986,18
2025-05-17,15,ATEEZ World Tour [TOWARDS THE LIGHT WILL TO POWER] In Cinemas,1771,3460,0
2025-05-17,16,The Red Envelope,1684,9571,434
2025-05-17,17,Warfare,1441,43997,3404
2025-05-17,18,Mendadak Dangdut,484,319516,5279
2025-05-16,1,Final Destination: Bloodlines,157740,653201,8852
2025-05-16,2,Dasim,26421,77125,2247
2025-05-16,3,Jumbo,25422,9655610,84236
2025-05-16,4,Pembantaian Dukun Santet,22066,618330,11290
2025-05-16,5,Sayap Sayap Patah 2: Olivia,20504,231931,4760
2025-05-16,6,Cocote Tonggo,18198,37304,1324
2025-05-16,7,Godaan Setan Yang Terkutuk,10240,24420,1091
2025-05-16,8,Thunderbolts*,9199,1424539,22710
2025-05-16,9,Mungkin Kita Perlu Waktu,7258,13291,1101
2025-05-16,10,Home Sweet Home: Rebirth,2969,2969,626
2025-05-16,11,Pengepungan di Bukit Duri,2654,1881291,26333
2025-05-16,12,The Red Envelope,1284,7887,367
2025-05-16,13,COLORFUL STAGE! The Movie: A Miku Who Cant Sing,1037,51873,18
2025-05-16,14,Warfare,1029,42556,3321
2025-05-16,15,Holy Night: Demon Hunters,965,60406,1105
2025-05-16,16,Mendadak Dangdut,520,319032,5260
2025-05-16,17,ATEEZ World Tour [TOWARDS THE LIGHT WILL TO POWER] In Cinemas,426,1689,0
2025-05-15,1,Final Destination: Bloodlines,134099,495461,5807
2025-05-15,2,Dasim,50704,50704,1035
2025-05-15,3,Jumbo,25676,9630188,83634
2025-05-15,4,Pembantaian Dukun Santet,23179,596264,10650
2025-05-15,5,Buku Harianku,20003,232572,65
2025-05-15,6,Cocote Tonggo,19106,19106,791
2025-05-15,7,Sayap Sayap Patah 2: Olivia,18761,211427,4355
2025-05-15,8,Godaan Setan Yang Terkutuk,14180,14180,577
2025-05-15,9,Thunderbolts*,8922,1415340,22442
2025-05-15,10,Mungkin Kita Perlu Waktu,6033,6033,749
2025-05-15,11,Pengepungan di Bukit Duri,3181,1878637,26231
2025-05-15,12,The Red Envelope,2099,6603,288
2025-05-15,13,Holy Night: Demon Hunters,1210,59441,1035
2025-05-15,14,Warfare,976,41527,3207
2025-05-15,15,COLORFUL STAGE! The Movie: A Miku Who Cant Sing,936,50836,18
2025-05-15,16,Mendadak Dangdut,536,318512,5230
2025-05-15,17,ATEEZ World Tour [TOWARDS THE LIGHT WILL TO POWER] In Cinemas,209,1263,0
2025-05-15,18,Tabayyun,96,75897,2955
2025-05-14,11,Pengepungan di Bukit Duri,3181,1878637,26231
2025-05-14,12,Pembantaian Dukun Santet,45821,573085,9769
2025-05-14,3,Jumbo,36222,9604512,82853
2025-05-14,4,Sayap Sayap Patah 2: Olivia,20963,192666,3951
2025-05-14,5,Thunderbolts*,13201,1406418,22137
2025-05-14,6,Pengepungan di Bukit Duri,6958,1875456,26119
2025-05-14,7,The Red Envelope,4504,4504,190
2025-05-14,8,Mendadak Dangdut,2987,317976,5192
2025-05-14,11,COLORFUL STAGE! The Movie: A Miku Who Cant Sing,1224,49900,18
2025-05-14,12,Tabayyun,1146,75801,2935
2025-05-14,13,ATEEZ World Tour [TOWARDS THE LIGHT WILL TO POWER] In Cinemas,1054,1054,0
2025-05-14,14,Anak Medan: Cocok Ko Rasa???,840,115810,1584
2025-05-14,15,Penjagal Iblis Dosa Turunan,630,361461,6553
2025-05-14,16,Mumu,357,13066,297
2025-05-14,17,Shadow Force,231,16996,2078
2025-05-14,18,Perang Kota,92,126200,3877
2025-05-14,19,Until Dawn,89,99586,4543
2025-05-13,1,Jumbo,93625,9568290,81134
2025-05-13,2,Pembantaian Dukun Santet,66290,527264,8278
2025-05-13,3,Thunderbolts*,55740,1393217,21281
2025-05-13,4,Sayap Sayap Patah 2: Olivia,30317,171703,3483
2025-05-13,5,Pengepungan di Bukit Duri,17183,1868498,25719
2025-05-13,6,Mendadak Dangdut,6857,314989,4992
2025-05-13,7,Warfare,5348,38949,2841
2025-05-13,8,Tabayyun,5335,74655,2780
2025-05-13,9,Holy Night: Demon Hunters,5060,56860,791
2025-05-13,10,COLORFUL STAGE! The Movie: A Miku Who Cant Sing,3659,48676,17
2025-05-13,11,Anak Medan: Cocok Ko Rasa???,2489,114970,1542
2025-05-13,12,Penjagal Iblis Dosa Turunan,2073,360831,6516
2025-05-13,13,Mumu,1335,12709,264
2025-05-13,14,Shadow Force,1149,16765,2013
2025-05-13,15,Komang,1091,2980040,31872
2025-05-13,16,The Accountant 2,877,154146,4413
2025-05-13,17,Rannu (Cinta Bugis Makassar),714,3052,0
2025-05-13,18,Until Dawn,621,99497,4516
2025-05-12,1,Jumbo,180835,9474665,79269
2025-05-12,2,Thunderbolts*,106247,1337477,19894
2025-05-12,3,Pembantaian Dukun Santet,96120,460974,6676
2025-05-12,4,Sayap Sayap Patah 2: Olivia,37946,141386,3015
2025-05-12,5,Pengepungan di Bukit Duri,27360,1851315,25253
2025-05-12,6,Mendadak Dangdut,11209,308132,4728
2025-05-12,7,Holy Night: Demon Hunters,11051,51800,561
2025-05-12,8,COLORFUL STAGE! The Movie: A Miku Who Cant Sing,9768,45017,12
2025-05-12,9,Warfare,9260,33601,2396
2025-05-12,10,Pabrik Gula,8741,4726760,8411
2025-05-12,11,Tabayyun,7769,69320,2450
2025-05-12,12,Anak Medan: Cocok Ko Rasa???,4212,112481,1495
2025-05-12,13,Penjagal Iblis Dosa Turunan,3344,358758,6450
2025-05-12,14,Mumu,2527,11374,215
2025-05-12,15,Shadow Force,2266,15616,1829
2025-05-12,16,Komang,1972,2978949,31832
2025-05-12,17,The Accountant 2,1710,153269,4372
2025-05-12,18,Perang Kota,1643,126108,3861
2025-05-12,19,Until Dawn,1361,98876,4471
2025-05-12,20,Rannu (Cinta Bugis Makassar),676,2338,0
2025-05-11,1,Jumbo,165965,9293830,77747
2025-05-11,2,Thunderbolts*,118279,1231230,18498
2025-05-11,3,Pembantaian Dukun Santet,104918,364854,5363
2025-05-11,4,Pengepungan di Bukit Duri,26655,1823955,24846
2025-05-11,5,Sayap Sayap Patah 2: Olivia,17797,103440,2589
2025-05-11,6,Tabayyun,15812,61551,2233
2025-05-11,7,Holy Night: Demon Hunters,13818,40749,483
2025-05-11,8,COLORFUL STAGE! The Movie: A Miku Who Cant Sing,12513,35249,12
2025-05-11,9,Mendadak Dangdut,11301,296923,4478
2025-05-11,10,Warfare,9419,24341,1918
2025-05-11,11,Mangku Pocong,5345,101345,2332
2025-05-11,12,Penjagal Iblis Dosa Turunan,3960,355414,6389
2025-05-11,13,Anak Medan: Cocok Ko Rasa???,3119,108269,1453
2025-05-11,14,Mumu,3088,8847,187
2025-05-11,15,Shadow Force,2923,13350,1652
2025-05-11,16,Komang,2407,2976977,31796
2025-05-11,17,The Accountant 2,1921,151559,4340
2025-05-11,18,Until Dawn,1196,97515,4433
2025-05-11,19,Rannu (Cinta Bugis Makassar),714,1662,0
2025-05-11,20,Parah Bener,186,656,0
2025-05-10,1,Jumbo,113844,9127865,76208
2025-05-10,2,Thunderbolts*,91794,1112951,17096
2025-05-10,3,Pembantaian Dukun Santet,86561,259936,3964
2025-05-10,4,Final Destination: Bloodlines,50711,86394,490
2025-05-10,5,Pengepungan di Bukit Duri,19842,1797300,24405
2025-05-10,6,Sayap Sayap Patah 2: Olivia,13745,85643,2095
2025-05-10,7,COLORFUL STAGE! The Movie: A Miku Who Cant Sing,12220,22736,7
2025-05-10,8,Tabayyun,9844,45739,1927
2025-05-10,9,Warfare,8591,14922,1406
2025-05-10,10,Holy Night: Demon Hunters,8354,26931,389
2025-05-10,11,Mendadak Dangdut,7719,285622,4227
2025-05-10,12,Penjagal Iblis Dosa Turunan,2500,351454,6311
2025-05-10,13,Shadow Force,2084,10427,1459
2025-05-10,14,Mumu,2025,5759,159
2025-05-10,15,Anak Medan: Cocok Ko Rasa???,1810,105150,1412
2025-05-10,16,Komang,1711,2974570,31758
2025-05-10,17,The Accountant 2,1683,149638,4303
2025-05-10,18,Rannu (Cinta Bugis Makassar),948,948,0
2025-05-10,19,Until Dawn,898,96319,4399
2025-05-09,1,Pembantaian Dukun Santet,90310,173375,2480
2025-05-09,2,Jumbo,56559,9014021,74696
2025-05-09,3,Thunderbolts*,43660,1021157,15768
2025-05-09,4,Final Destination: Bloodlines,35683,35683,236
2025-05-09,5,Sayap Sayap Patah 2: Olivia,32386,71898,1410
2025-05-09,6,Pengepungan di Bukit Duri,18149,1777458,23971
2025-05-09,7,Tabayyun,14969,35895,1444
2025-05-09,8,COLORFUL STAGE! The Movie: A Miku Who Cant Sing,10516,10516,3
2025-05-09,9,Mendadak Dangdut,6486,277903,3996
2025-05-09,10,Warfare,6331,6331,847
2025-05-09,11,Holy Night: Demon Hunters,4482,18577,294
2025-05-09,12,Penjagal Iblis Dosa Turunan,3724,348954,6240
2025-05-09,13,Anak Medan: Cocok Ko Rasa???,1505,103340,1374
2025-05-09,14,Shadow Force,1348,8343,1272
2025-05-09,15,Komang,1074,2972859,31715
2025-05-09,16,Mumu,927,3734,118
2025-05-09,17,The Accountant 2,872,147955,4269
2025-05-09,18,Until Dawn,404,95421,4366
2025-05-08,1,Pembantaian Dukun Santet,83065,83065,1017
2025-05-08,2,Jumbo,51238,8957462,73548
2025-05-08,3,Thunderbolts*,40795,977497,14828
2025-05-08,4,Sayap Sayap Patah 2: Olivia,39512,39512,749
2025-05-08,5,Tabayyun,20926,20926,794
2025-05-08,6,Pengepungan di Bukit Duri,17878,1759309,23511
2025-05-08,7,Mendadak Dangdut,11978,271417,3723
2025-05-08,8,Penjagal Iblis Dosa Turunan,10687,345230,6098
2025-05-08,9,Holy Night: Demon Hunters,6301,14095,199
2025-05-08,10,Shadow Force,3193,6995,1065
2025-05-08,11,Komang,2305,2971785,31673
2025-05-08,12,Anak Medan: Cocok Ko Rasa???,1990,101835,1338
2025-05-08,13,Pabrik Gula,1407,4718019,8411
2025-05-08,14,Mumu,1026,2807,88
2025-05-08,15,Rumah Untuk Alie,737,539222,9108
2025-05-08,16,The Accountant 2,690,147083,4231
2025-05-08,17,Until Dawn,479,95017,4326
2025-05-08,18,Parah Bener,70,470,0
2025-05-07,1,Jumbo,61500,8906224,72288
2025-05-07,2,Thunderbolts*,47452,936702,13628
2025-05-07,3,Pengepungan di Bukit Duri,27135,1741431,22856
2025-05-07,4,Penjagal Iblis Dosa Turunan,26949,334543,5665
2025-05-07,5,Mendadak Dangdut,20620,259439,3436
2025-05-07,6,Holy Night: Demon Hunters,7794,7794,100
2025-05-07,7,Komang,6198,2969480,31572
2025-05-07,8,Shadow Force,3802,3802,670
2025-05-07,9,Pabrik Gula,3010,4716612,8411
2025-05-07,10,Anak Medan: Cocok Ko Rasa???,2606,99845,1290
2025-05-07,11,Perang Kota,2561,124465,3792
2025-05-07,12,Mumu,1781,1781,65
2025-05-07,13,Rumah Untuk Alie,1393,538485,9081
2025-05-07,14,Until Dawn,1353,94538,4277
2025-05-07,15,The Accountant 2,990,146393,4175
2025-05-07,16,Parah Bener,400,400,0
2025-05-06,1,Jumbo,68324,8844724,70425
2025-05-06,2,Thunderbolts*,54540,889250,12054
2025-05-06,3,Pengepungan di Bukit Duri,30690,1714296,21919
2025-05-06,4,Penjagal Iblis Dosa Turunan,27439,307594,4991
2025-05-06,5,Mendadak Dangdut,22128,238819,3048
2025-05-06,6,Komang,5882,2963282,31408
2025-05-06,7,Perang Kota,3537,121904,3627
2025-05-06,8,Pabrik Gula,2708,4713602,8411
2025-05-06,9,Anak Medan: Cocok Ko Rasa???,2678,97239,1232
2025-05-06,10,Until Dawn,1828,93185,4186
2025-05-06,11,Rumah Untuk Alie,1549,537092,9029
2025-05-06,12,The Accountant 2,1410,145403,4078
2025-05-06,13,Somebody,205,2762,420
2025-05-06,14,Raid 2,169,2178,80
2025-05-06,15,Panor,131,3699,116
2025-05-05,1,Jumbo,86724,8776400,68291
2025-05-05,2,Thunderbolts*,67020,834710,10320
2025-05-05,3,Pengepungan di Bukit Duri,37462,1683606,20928
2025-05-05,4,Penjagal Iblis Dosa Turunan,28956,280155,4259
2025-05-05,5,Mendadak Dangdut,22566,216691,2678
2025-05-05,6,Komang,6088,2957400,31228
2025-05-05,7,Rumah Untuk Alie,6027,535543,8969
2025-05-05,8,Perang Kota,4348,118367,3401
2025-05-05,9,Pabrik Gula,3479,4710894,8411
2025-05-05,10,Anak Medan: Cocok Ko Rasa???,3164,94561,1162
2025-05-05,11,The Accountant 2,1286,143993,3961
2025-05-05,12,Until Dawn,1029,91357,4077
2025-05-05,13,Raid 2,249,2009,70
2025-05-05,14,Somebody,218,2557,372
2025-05-05,15,Panor,166,3568,112
2025-05-04,11,The Accountant 2,1286,143993,3961
2025-05-04,12,Until Dawn,1029,91357,4077
2025-05-04,13,Raid 2,249,2009,70
2025-05-04,14,Somebody,218,2557,372
2025-05-04,15,Panor,166,3568,112
2025-05-03,1,Jumbo,195431,8489638,63722
2025-05-03,2,Thunderbolts*,157817,650061,6756
2025-05-03,3,Pengepungan di Bukit Duri,62624,1590782,18974
2025-05-03,4,Penjagal Iblis Dosa Turunan,37181,208627,2823
2025-05-03,5,Mendadak Dangdut,19886,171421,2067
2025-05-03,6,Perang Kota,14531,101703,2702
2025-05-03,7,Komang,9884,2941435,30906
2025-05-03,8,Anak Medan: Cocok Ko Rasa???,5157,83453,1034
2025-05-03,9,Pabrik Gula,4834,4702645,8411
2025-05-03,10,Mangku Pocong,4743,96000,2260
2025-05-03,11,The Accountant 2,3987,139545,3802
2025-05-03,12,Rumah Untuk Alie,3212,526238,8844
2025-05-03,13,Until Dawn,2493,88076,3916
2025-05-03,14,Somebody,890,1943,311
2025-05-03,15,Raid 2,552,1324,40
2025-05-03,16,Panor,302,3055,97
2025-05-02,11,The Accountant 2,3987,139545,3802
2025-05-02,12,Rumah Untuk Alie,3212,526238,8844
2025-05-02,13,Until Dawn,2493,88076,3916
2025-05-02,14,Somebody,890,1943,311
2025-05-02,15,Raid 2,552,1324,40
2025-05-02,16,Panor,302,3055,97
2025-05-01,1,Jumbo,335236,8172009,59854
2025-05-01,2,Thunderbolts*,218881,395034,3365
2025-05-01,3,Pengepungan di Bukit Duri,103253,1474004,17033
2025-05-01,4,Penjagal Iblis Dosa Turunan,70200,128929,1447
2025-05-01,5,Mendadak Dangdut,49797,116447,1173
2025-05-01,6,Perang Kota,32298,72659,1650
2025-05-01,7,Anak Medan: Cocok Ko Rasa???,10844,74609,917
2025-05-01,8,Komang,10646,2926386,30595
2025-05-01,9,Pabrik Gula,9157,4691454,8411
2025-05-01,10,Rumah Untuk Alie,6406,519638,8701
2025-05-01,11,The Accountant 2,5631,133331,3647
2025-05-01,12,Until Dawn,4101,84136,3779
2025-05-01,13,Panor,1424,2309,76
2025-05-01,14,Raid 2,503,503,13
2025-05-01,15,Muslihat,413,174120,3273
2025-06-30,1,Jalan Pulang,108480,1790736,30714
2025-06-30,2,F1 The Movie,36210,300046,7048
2025-06-30,3,Jodoh 3 Bujang,36014,216129,5089
2025-06-30,4,How To Train Your Dragon,32689,1344100,29886
2025-06-30,5,Ejen Ali: The Movie 2,31433,144049,2700
2025-06-30,6,Lorong Kost,5927,70582,1959
2025-06-30,7,GJLS: Ibuku Ibu Ibu,5638,586146,12449
2025-06-30,8,M3GAN 2.0,4239,65540,4050
2025-06-30,9,Elio,3832,158916,7031
2025-06-30,10,28 Years Later,2772,173468,6750
2025-06-30,11,Warkop DKI Kartun,2737,19439,1834
2025-06-30,12,Tak Ingin Usai Di Sini,2471,501508,12218
2025-06-30,13,Mission: Impossible - The Final Reckoning,2290,2478794,43819
2025-06-30,14,Ballerina,2097,613541,18177
2025-06-30,15,Gaza,1448,144450,3891
2025-06-30,16,Rabi Jiwo,1288,10354,886
2025-06-30,17,Keluarga Super Irit,977,131538,5534
2025-06-30,18,Noise,930,7418,822
2025-06-30,19,Lilo & Stitch,697,911297,22265
2025-06-30,20,Maa,160,1060,73
2025-06-30,21,Dangerous Animals,135,1831,161
2025-06-29,1,Jalan Pulang,132577,1682256,28463
2025-06-29,2,How To Train Your Dragon,52846,1311411,28735
2025-06-29,3,F1 The Movie,46078,263836,5844
2025-06-29,4,Jodoh 3 Bujang,35399,180115,4178
2025-06-29,5,Ejen Ali: The Movie 2,30972,112616,1934
2025-06-29,6,Lorong Kost,16846,64655,1522
2025-06-29,7,Jumbo,10592,10193128,100363
2025-06-29,8,GJLS: Ibuku Ibu Ibu,7884,580508,12176
2025-06-29,9,M3GAN 2.0,7842,61301,3613
2025-06-29,10,Warkop DKI Kartun,6294,16702,1646
2025-06-29,1,Jalan Pulang,132577,1682256,28463
2025-06-29,2,How To Train Your Dragon,52846,1311411,28735
2025-06-29,3,F1 The Movie,46078,263836,5844
2025-06-29,4,Jodoh 3 Bujang,35399,180115,4178
2025-06-29,5,Ejen Ali: The Movie 2,30972,112616,1934
2025-06-29,6,Lorong Kost,16846,64655,1522
2025-06-29,7,Jumbo,10592,10193128,100363
2025-06-29,8,GJLS: Ibuku Ibu Ibu,7884,580508,12176
2025-06-29,9,M3GAN 2.0,7842,61301,3613
2025-06-29,10,Warkop DKI Kartun,6294,16702,1646
2025-06-29,21,Maa,300,900,52
2025-06-29,22,Dangerous Animals,150,1696,147
2025-06-28,21,Maa,300,900,52
2025-06-28,2,How To Train Your Dragon,61806,1258565,27565
2025-06-28,11,28 Years Later,5681,166226,6393
2025-06-28,12,Mission: Impossible - The Final Reckoning,4009,2473139,43628
2025-06-28,13,Ballerina,3221,608525,17994
2025-06-28,14,Gaza,2107,141387,3854
2025-06-28,15,Keluarga Super Irit,1846,128690,5394
2025-06-28,16,Rabi Jiwo,1425,7417,673
2025-06-28,17,Noise,1176,4872,609
2025-06-28,18,Lilo & Stitch,1103,909641,22162
2025-06-28,19,Warkop DKI Kartun,570,10408,1419
2025-06-28,20,Maa,300,600,32
2025-06-28,21,Dangerous Animals,259,1546,129
2025-06-27,1,Jalan Pulang,120360,1420369,24057
2025-06-27,2,F1 The Movie,73041,162395,3369
2025-06-27,3,How To Train Your Dragon,71549,1196759,26421
2025-06-27,4,Jodoh 3 Bujang,50090,105125,2178
2025-06-27,5,Ejen Ali: The Movie 2,41223,49387,432
2025-06-27,6,Lorong Kost,17721,31833,724
2025-06-27,7,M3GAN 2.0,13886,43903,2681
2025-06-27,8,GJLS: Ibuku Ibu Ibu,11178,564040,11722
2025-06-27,9,Elio,10662,142156,6360
2025-06-27,10,28 Years Later,6894,160545,6225
2025-06-27,11,Warkop DKI Kartun,5960,9838,1154
2025-06-27,12,Mission: Impossible - The Final Reckoning,4062,2469130,43548
2025-06-27,13,Noise,3696,3696,424
2025-06-27,14,Tak Ingin Usai Di Sini,3228,490220,11926
2025-06-27,15,Ballerina,3037,605304,17927
2025-06-27,16,Keluarga Super Irit,2677,126844,5328
2025-06-27,17,Rabi Jiwo,2317,5992,547
2025-06-27,18,Gaza,2275,139280,3835
2025-06-27,19,Lilo & Stitch,1759,908538,22111
2025-06-27,20,Dangerous Animals,319,1287,111
2025-06-27,21,Maa,300,300,15
2025-06-26,1,Jalan Pulang,109952,1300009,21953
2025-06-26,2,Jodoh 3 Bujang,55035,55035,1053
2025-06-26,3,How To Train Your Dragon,34923,1125210,25378
2025-06-26,4,F1 The Movie,34176,89354,2132
2025-06-26,5,Lorong Kost,14112,14112,338
2025-06-26,6,M3GAN 2.0,10836,30017,2119
2025-06-26,7,GJLS: Ibuku Ibu Ibu,6696,552862,11495
2025-06-26,8,Tak Ingin Usai Di Sini,6328,486992,11822
2025-06-26,9,Elio,5373,131494,6123
2025-06-26,10,Ejen Ali: The Movie 2,5222,8164,133
2025-06-26,11,28 Years Later,4314,153651,6059
2025-06-26,12,Komang,4270,2996041,31989
2025-06-26,13,Warkop DKI Kartun,3878,3878,794
2025-06-26,14,Rabi Jiwo,3675,3675,329
2025-06-26,15,Ballerina,2224,602267,17873
2025-06-26,16,Gaza,1956,137005,3807
2025-06-26,17,Mission: Impossible - The Final Reckoning,1821,2465068,43482
2025-06-26,18,Keluarga Super Irit,1190,124167,5267
2025-06-26,19,Lilo & Stitch,907,906779,22062
2025-06-26,20,Dangerous Animals,377,968,93
2025-06-25,1,Jalan Pulang,129490,1190057,19930
2025-06-25,2,F1 The Movie,55178,55178,1097
2025-06-25,3,How To Train Your Dragon,38191,1090287,24484
2025-06-25,4,M3GAN 2.0,19181,19181,1335
2025-06-25,5,GJLS: Ibuku Ibu Ibu,13012,546166,11240
2025-06-25,6,Elio,9725,126121,5875
2025-06-25,7,Tak Ingin Usai Di Sini,9249,480664,11720
2025-06-25,8,28 Years Later,6035,149337,5882
2025-06-25,9,Ejen Ali: The Movie 2,2942,2942,83
2025-06-25,10,Gaza,2931,135049,3777
2025-06-25,11,Ballerina,2835,600043,17797
2025-06-25,12,Mission: Impossible - The Final Reckoning,2370,2463247,43415
2025-06-25,13,Keluarga Super Irit,2100,122977,5205
2025-06-25,14,Gowok Kamasutra Jawa,1072,455433,437
2025-06-25,15,Lilo & Stitch,975,905872,22013
2025-06-25,16,Dangerous Animals,591,591,53
2025-06-25,17,Locked,162,9307,1067
2025-06-25,18,Kaiju No. 8: Mission Recon,156,4346,174
2025-06-24,1,Jalan Pulang,140478,1060567,17086
2025-06-24,2,How To Train Your Dragon,40045,1052096,23384
2025-06-24,3,28 Years Later,12877,143302,5562
2025-06-24,4,GJLS: Ibuku Ibu Ibu,12769,533154,10795
2025-06-24,5,Elio,11384,116396,5469
2025-06-24,6,Tak Ingin Usai Di Sini,8835,471415,11578
2025-06-24,7,Ballerina,5438,597208,17657
2025-06-24,8,Mission: Impossible - The Final Reckoning,4462,2460877,43309
2025-06-24,9,Keluarga Super Irit,2330,120877,5114
2025-06-24,10,Gaza,2106,132118,3733
2025-06-24,11,Assalamualaikum Beijing 2: Lost in Ningxia,1705,53660,2169
2025-06-24,12,Gowok Kamasutra Jawa,1564,454361,437
2025-06-24,13,Syirik (Danyang Laut Selatan),1120,23268,887
2025-06-24,14,Lilo & Stitch,1088,904897,21952
2025-06-24,15,Sitaare Zameen Par,1048,4789,223
2025-06-24,16,Locked,831,9145,1028
2025-06-24,17,Karate Kid: Legends,557,444624,11631
2025-06-24,18,Kaiju No. 8: Mission Recon,471,4190,171
2025-06-24,19,Dan Da Dan: Evil Eye,192,17771,393
2025-06-23,1,Jalan Pulang,156400,920089,13733
2025-06-23,2,How To Train Your Dragon,49983,1012051,21783
2025-06-23,3,GJLS: Ibuku Ibu Ibu,16414,520385,10177
2025-06-23,4,28 Years Later,14216,130425,4899
2025-06-23,5,Tak Ingin Usai Di Sini,11438,462580,11334
2025-06-23,6,Elio,10871,105012,4791
2025-06-23,7,Ballerina,5711,591770,17320
2025-06-23,8,Mission: Impossible - The Final Reckoning,4423,2456415,43078
2025-06-23,9,Keluarga Super Irit,2541,118547,4989
2025-06-23,10,Gaza,1949,130012,3657
2025-06-23,11,Gowok Kamasutra Jawa,1694,452797,437
2025-06-23,12,Lilo & Stitch,1338,903809,21868
2025-06-23,13,Syirik (Danyang Laut Selatan),1120,22148,872
2025-06-23,14,Sitaare Zameen Par,1115,3741,151
2025-06-23,15,Assalamualaikum Beijing 2: Lost in Ningxia,1113,51955,2075
2025-06-23,16,Locked,995,8314,911
2025-06-23,17,Karate Kid: Legends,664,444067,11595
2025-06-23,18,Kaiju No. 8: Mission Recon,535,3719,146
2025-06-23,19,Dan Da Dan: Evil Eye,317,17579,385
2025-06-22,1,Jalan Pulang,201112,763689,10542
2025-06-22,2,How To Train Your Dragon,92412,962068,20200
2025-06-22,3,28 Years Later,23957,116209,4171
2025-06-22,4,GJLS: Ibuku Ibu Ibu,23287,503971,9509
2025-06-22,5,Elio,20607,94141,4132
2025-06-22,6,Tak Ingin Usai Di Sini,13033,451142,11039
2025-06-22,7,Ballerina,10247,586059,17004
2025-06-22,8,Mission: Impossible - The Final Reckoning,9693,2451992,42867
2025-06-22,9,Keluarga Super Irit,4396,116006,4852
2025-06-22,10,Gaza,3107,128063,3572
2025-06-22,11,Gowok Kamasutra Jawa,3084,451103,437
2025-06-22,12,Sitaare Zameen Par,2626,2626,75
2025-06-22,13,Locked,2288,7319,739
2025-06-22,14,Lilo & Stitch,2062,902471,21789
2025-06-22,15,Assalamualaikum Beijing 2: Lost in Ningxia,1998,50842,1959
2025-06-22,16,Karate Kid: Legends,1354,443403,11561
2025-06-22,17,Syirik (Danyang Laut Selatan),1106,21028,853
2025-06-22,18,Kaiju No. 8: Mission Recon,1033,3184,123
2025-06-22,19,Angel Pol,658,23498,1134
2025-06-22,20,Dan Da Dan: Evil Eye,481,17262,377
2025-06-22,21,Waktu Maghrib 2,189,910665,21252
2025-06-21,1,Jalan Pulang,193157,562577,7552
2025-06-21,2,How To Train Your Dragon,103718,869656,18647
2025-06-21,3,28 Years Later,29469,92252,3452
2025-06-21,4,GJLS: Ibuku Ibu Ibu,22873,480684,8863
2025-06-21,5,Elio,22746,73534,3453
2025-06-21,6,Assalamualaikum Beijing 2: Lost in Ningxia,16300,48844,1784
2025-06-21,7,Tak Ingin Usai Di Sini,14022,438109,10757
2025-06-21,8,Ballerina,10858,575812,16739
2025-06-21,9,Mission: Impossible - The Final Reckoning,8908,2442299,42671
2025-06-21,10,Keluarga Super Irit,4512,111610,4724
2025-06-21,11,Locked,3667,5031,533
2025-06-21,12,Angel Pol,3251,22840,1012
2025-06-21,13,Gaza,3222,124956,3486
2025-06-21,14,Gowok Kamasutra Jawa,3202,448019,437
2025-06-21,15,Syirik (Danyang Laut Selatan),1950,19922,810
2025-06-21,16,Lilo & Stitch,1897,900409,21715
2025-06-21,17,Karate Kid: Legends,1425,442049,11528
2025-06-21,18,Kaiju No. 8: Mission Recon,1170,2151,95
2025-06-21,19,Dan Da Dan: Evil Eye,495,16781,369
2025-06-21,20,Waktu Maghrib 2,141,910476,21228
2025-06-20,1,Jalan Pulang,157781,369420,4510
2025-06-20,2,How To Train Your Dragon,56026,765938,17174
2025-06-20,3,GJLS: Ibuku Ibu Ibu,21661,457811,8262
2025-06-20,4,Assalamualaikum Beijing 2: Lost in Ningxia,17003,32544,1343
2025-06-20,5,Elio,15248,50788,2766
2025-06-20,6,28 Years Later,15244,62783,2767
2025-06-20,7,Gowok Kamasutra Jawa,8642,444817,437
2025-06-20,8,Tak Ingin Usai Di Sini,7333,424087,10518
2025-06-20,9,Ballerina,5971,564954,16507
2025-06-20,10,Angel Pol,5950,19589,771
2025-06-20,11,Mission: Impossible - The Final Reckoning,4977,2433391,42513
2025-06-20,12,Syirik (Danyang Laut Selatan),4396,17972,686
2025-06-20,13,Gaza,4083,121734,3396
2025-06-20,14,Keluarga Super Irit,2533,107098,4616
2025-06-20,15,Locked,1364,1364,274
2025-06-20,16,Lilo & Stitch,1321,898512,21637
2025-06-20,17,Karate Kid: Legends,1106,440624,11489
2025-06-20,18,Kaiju No. 8: Mission Recon,981,981,64
2025-06-20,19,Malam Jahanam,741,2434,264
2025-06-20,20,Waktu Maghrib 2,562,910335,21191
2025-06-20,21,Dan Da Dan: Evil Eye,441,16286,361
2025-06-19,1,Jalan Pulang,211639,211639,1689
2025-06-19,2,How To Train Your Dragon,44041,709912,15911
2025-06-19,3,GJLS: Ibuku Ibu Ibu,30309,436150,7679
2025-06-19,4,Elio,17253,35540,2186
2025-06-19,5,28 Years Later,17054,47539,2047
2025-06-19,6,Assalamualaikum Beijing 2: Lost in Ningxia,15541,15541,808
2025-06-19,7,Angel Pol,13639,13639,431
2025-06-19,8,Syirik (Danyang Laut Selatan),13576,13576,407
2025-06-19,9,Gowok Kamasutra Jawa,10554,436175,437
2025-06-19,10,Tak Ingin Usai Di Sini,9590,416754,10280
2025-06-19,11,Ballerina,7155,558983,16306
2025-06-19,12,Gaza,4685,117651,3320
2025-06-19,13,Mission: Impossible - The Final Reckoning,4671,2428414,42391
2025-06-19,14,Waktu Maghrib 2,4355,909773,21102
2025-06-19,15,Keluarga Super Irit,2872,104565,4515
2025-06-19,16,Malam Jahanam,1693,1693,182
2025-06-19,17,Lilo & Stitch,1536,897191,21570
2025-06-19,18,Karate Kid: Legends,782,439518,11455
2025-06-19,19,Bring Her Back,635,85551,3097
2025-06-19,20,Dan Da Dan: Evil Eye,444,15845,351
2025-06-19,21,Tenung By Risa Saraswati & Dimasta,394,291940,8013
2025-06-19,22,HI-FIVE,326,15200,1421
2025-06-18,1,How To Train Your Dragon,54134,665871,14633
2025-06-18,2,GJLS: Ibuku Ibu Ibu,42753,405841,6939
2025-06-18,3,28 Years Later,30485,30485,1147
2025-06-18,4,Elio,18287,18287,1352
2025-06-18,5,Tak Ingin Usai Di Sini,14556,407164,10014
2025-06-18,6,Waktu Maghrib 2,14069,905418,20822
2025-06-18,7,Gaza,12920,112966,3214
2025-06-18,8,Keluarga Super Irit,11058,101693,4378
2025-06-18,9,Ballerina,11056,551828,16059
2025-06-18,10,Gowok Kamasutra Jawa,7670,425621,437
2025-06-18,11,Mission: Impossible - The Final Reckoning,7097,2423743,42245
2025-06-18,12,Tenung By Risa Saraswati & Dimasta,2293,291546,7943
2025-06-18,13,Lilo & Stitch,2114,895655,21487
2025-06-18,14,Karate Kid: Legends,868,438736,11422
2025-06-18,15,Bring Her Back,764,84916,3060
2025-06-18,16,HI-FIVE,610,14874,1405
2025-06-18,17,Dan Da Dan: Evil Eye,545,15401,342
2025-06-18,18,Blood Brothers: Bara Naga,47,1647,45
2025-06-17,1,How To Train Your Dragon,62319,611737,13073
2025-06-17,2,GJLS: Ibuku Ibu Ibu,50521,363088,5931
2025-06-17,3,Tak Ingin Usai Di Sini,15673,392608,9546
2025-06-17,4,Waktu Maghrib 2,14284,891349,20353
2025-06-17,5,Ballerina,12431,540772,15596
2025-06-17,6,Gowok Kamasutra Jawa,11501,417951,437
2025-06-17,7,Mission: Impossible - The Final Reckoning,11472,2416646,41972
2025-06-17,8,Keluarga Super Irit,9938,90635,3975
2025-06-17,9,Gaza,7807,100046,2964
2025-06-17,10,Tenung By Risa Saraswati & Dimasta,3999,289253,7802
2025-06-17,11,Lilo & Stitch,3394,893541,21350
2025-06-17,12,Bring Her Back,1897,84152,2983
2025-06-17,13,Karate Kid: Legends,1552,437868,11362
2025-06-17,14,Dan Da Dan: Evil Eye,1537,14856,330
2025-06-17,15,HI-FIVE,1369,14264,1366
2025-06-17,16,Blood Brothers: Bara Naga,108,1600,45
2025-06-16,1,How To Train Your Dragon,71661,549418,11120
2025-06-16,2,GJLS: Ibuku Ibu Ibu,49939,312567,4845
2025-06-16,3,Tak Ingin Usai Di Sini,21367,376935,8899
2025-06-16,4,Waktu Maghrib 2,16174,877065,19817
2025-06-16,5,Ballerina,14833,528341,14803
2025-06-16,6,Gowok Kamasutra Jawa,13529,406450,437
2025-06-16,7,Mission: Impossible - The Final Reckoning,12622,2405174,41504
2025-06-16,8,Keluarga Super Irit,10672,80697,3397
2025-06-16,9,Gaza,9911,92239,2589
2025-06-16,10,Tenung By Risa Saraswati & Dimasta,4070,285254,7581
2025-06-16,11,Bring Her Back,2489,82255,2850
2025-06-16,12,Karate Kid: Legends,1955,436316,11233
2025-06-16,13,Dan Da Dan: Evil Eye,1640,13319,286
2025-06-16,14,HI-FIVE,1587,12895,1190
2025-06-16,15,Lilo & Stitch,1193,890147,21137
2025-06-16,16,The Dark House,431,6901,627
2025-06-16,17,Blood Brothers: Bara Naga,101,1492,40
2025-06-15,1,How To Train Your Dragon,120991,477757,9175
2025-06-15,2,GJLS: Ibuku Ibu Ibu,75456,262628,3809
2025-06-15,3,Ballerina,26677,513508,14000
2025-06-15,4,Tak Ingin Usai Di Sini,24293,355568,8265
2025-06-15,5,Waktu Maghrib 2,23231,860891,19314
2025-06-15,6,Gowok Kamasutra Jawa,23000,392921,437
2025-06-15,7,Mission: Impossible - The Final Reckoning,22937,2392552,41011
2025-06-15,8,Keluarga Super Irit,20649,70025,2793
2025-06-15,9,Gaza,12118,82328,2175
2025-06-15,10,Lilo & Stitch,11907,888954,20938
2025-06-15,11,Jumbo,11164,10182536,99769
2025-06-15,12,Gundik,6154,493371,13231
2025-06-15,13,Tenung By Risa Saraswati & Dimasta,5892,281184,7341
2025-06-15,14,Karate Kid: Legends,3994,434361,11099
2025-06-15,15,Bring Her Back,3960,79766,2724
2025-06-15,16,Dan Da Dan: Evil Eye,3481,11679,237
2025-06-15,17,HI-FIVE,3332,11308,1025
2025-06-15,18,The Ugly Stepsister,1429,4483,48
2025-06-15,19,Komang,673,2991771,31969
2025-06-15,20,The Dark House,453,6470,581
2025-06-15,21,Senyum Manies Love Story,398,5447,543
2025-06-15,22,Blood Brothers: Bara Naga,228,1391,35
2025-06-14,1,How To Train Your Dragon,148619,356766,7215
2025-06-14,2,GJLS: Ibuku Ibu Ibu,73621,187172,2802
2025-06-14,3,Ballerina,31267,486831,13174
2025-06-14,4,Tak Ingin Usai Di Sini,26892,331275,7630
2025-06-14,5,Mission: Impossible - The Final Reckoning,25223,2369615,40521
2025-06-14,6,Gowok Kamasutra Jawa,22790,369921,437
2025-06-14,7,Keluarga Super Irit,21710,49376,2215
2025-06-14,8,Waktu Maghrib 2,18893,837660,18832
2025-06-14,9,Gaza,18848,70210,1758
2025-06-14,10,Lilo & Stitch,10045,877047,20733
2025-06-14,11,Tenung By Risa Saraswati & Dimasta,5413,275292,7113
2025-06-14,12,Bring Her Back,5146,75806,2597
2025-06-14,13,Karate Kid: Legends,4147,430367,10989
2025-06-14,14,Dan Da Dan: Evil Eye,4027,8198,169
2025-06-14,15,HI-FIVE,3910,7976,817
2025-06-14,16,The Dark House,974,6017,524
2025-06-14,17,Senyum Manies Love Story,567,5049,481
2025-06-14,18,Blood Brothers: Bara Naga,373,1163,29
2025-06-13,1,How To Train Your Dragon,66788,208147,5302
2025-06-13,2,GJLS: Ibuku Ibu Ibu,58551,113551,1788
2025-06-13,3,Gowok Kamasutra Jawa,25134,347131,437
2025-06-13,4,Tak Ingin Usai Di Sini,21702,304383,6984
2025-06-13,5,Ballerina,17891,455564,12356
2025-06-13,6,Waktu Maghrib 2,13405,818767,18381
2025-06-13,7,Mission: Impossible - The Final Reckoning,11917,2344392,40035
2025-06-13,8,Gaza,10732,51362,1279
2025-06-13,9,Keluarga Super Irit,9865,27666,1645
2025-06-13,10,Tenung By Risa Saraswati & Dimasta,4784,269879,6902
2025-06-13,11,Lilo & Stitch,4262,867002,20526
2025-06-13,12,Dan Da Dan: Evil Eye,4171,4171,93
2025-06-13,13,HI-FIVE,4066,4066,530
2025-06-13,14,Bring Her Back,3283,70660,2477
2025-06-13,15,Senyum Manies Love Story,2970,4482,405
2025-06-13,16,Karate Kid: Legends,1974,426220,10876
2025-06-13,17,The Dark House,1890,5043,447
2025-06-13,18,Blood Brothers: Bara Naga,287,790,23
2025-06-12,1,How To Train Your Dragon,62380,141359,3563
2025-06-12,2,GJLS: Ibuku Ibu Ibu,55000,55000,767
2025-06-12,3,Gaza,40630,40630,622
2025-06-12,4,Tak Ingin Usai Di Sini,25293,282681,6388
2025-06-12,5,Ballerina,21733,437673,11659
2025-06-12,6,Gowok Kamasutra Jawa,20431,321997,437
2025-06-12,7,Keluarga Super Irit,17801,17801,929
2025-06-12,8,Waktu Maghrib 2,15813,805362,17921
2025-06-12,9,Mission: Impossible - The Final Reckoning,13788,2332475,39709
2025-06-12,10,Tenung By Risa Saraswati & Dimasta,6109,265095,6705
2025-06-12,11,Lilo & Stitch,4214,862740,20356
2025-06-12,12,Bring Her Back,3442,67377,2365
2025-06-12,13,The Dark House,3153,3153,303
2025-06-12,14,Karate Kid: Legends,2660,424246,10775
2025-06-12,15,Komang,1530,2991098,31961
2025-06-12,16,Senyum Manies Love Story,1512,1512,322
2025-06-12,17,Dendam Malam Kelam,691,94882,4508
2025-06-12,18,Blood Brothers: Bara Naga,234,503,17
2025-06-11,1,How To Train Your Dragon,78979,78979,2086
2025-06-11,2,Tak Ingin Usai Di Sini,32930,257388,5765
2025-06-11,3,Gowok Kamasutra Jawa,25656,301566,436
2025-06-11,4,Ballerina,22754,415940,10977
2025-06-11,5,Waktu Maghrib 2,20209,789549,17463
2025-06-11,6,Mission: Impossible - The Final Reckoning,19214,2318687,39403
2025-06-11,7,Tenung By Risa Saraswati & Dimasta,12655,258986,6490
2025-06-11,8,Lilo & Stitch,5393,858526,20169
2025-06-11,9,Bring Her Back,4815,63935,2231
2025-06-11,10,Jumbo,4098,10171372,99444
2025-06-11,11,Karate Kid: Legends,3088,421586,10661
2025-06-11,12,Final Destination: Bloodlines,1268,1753681,38191
2025-06-11,13,Blood Brothers: Bara Naga,269,269,10
2025-06-10,1,Tak Ingin Usai Di Sini,31568,224458,4819
2025-06-10,2,Gowok Kamasutra Jawa,25500,275910,431
2025-06-10,3,Ballerina,24225,393186,9962
2025-06-10,4,Mission: Impossible - The Final Reckoning,18794,2299473,38867
2025-06-10,5,Waktu Maghrib 2,17371,769340,16807
2025-06-10,6,Tenung By Risa Saraswati & Dimasta,15486,246331,6013
2025-06-10,7,Lilo & Stitch,8978,853133,19877
2025-06-10,8,Bring Her Back,6238,59120,1993
2025-06-10,9,Karate Kid: Legends,4951,418498,10495
2025-06-10,10,Jumbo,4723,10167274,99242
2025-06-10,11,Final Destination: Bloodlines,2746,1752413,38116
2025-06-10,12,Gundik,364,487217,13210
2025-06-09,1,Ballerina,52981,368961,8732
2025-06-09,2,Mission: Impossible - The Final Reckoning,45412,2280679,37881
2025-06-09,3,Tak Ingin Usai Di Sini,40602,192890,3846
2025-06-09,4,Gowok Kamasutra Jawa,38369,250410,412
2025-06-09,5,Waktu Maghrib 2,31500,751969,15966
2025-06-09,6,Tenung By Risa Saraswati & Dimasta,24038,230845,5342
2025-06-09,7,Lilo & Stitch,19293,844155,19444
2025-06-09,8,Karate Kid: Legends,11585,413547,10171
2025-06-09,9,Bring Her Back,11567,52882,1588
2025-06-09,10,Jumbo,10997,10162551,98925
2025-06-09,11,Final Destination: Bloodlines,4085,1749667,37987
2025-06-09,12,Gundik,931,486853,13168
2025-06-08,1,Mission: Impossible - The Final Reckoning,71340,2235267,36747
2025-06-08,2,Ballerina,63513,315980,7333
2025-06-08,3,Gowok Kamasutra Jawa,52861,212041,406
2025-06-08,4,Tak Ingin Usai Di Sini,46020,152288,2825
2025-06-08,5,Tenung By Risa Saraswati & Dimasta,43025,206807,4351
2025-06-08,6,Lilo & Stitch,32499,824862,18925
2025-06-08,7,Waktu Maghrib 2,30772,720469,15148
2025-06-08,8,Karate Kid: Legends,20203,401962,9852
2025-06-08,9,Jumbo,15551,10151554,98635
2025-06-08,10,Bring Her Back,15041,41315,1206
2025-06-08,11,Final Destination: Bloodlines,6676,1745582,37863
2025-06-08,12,Buku Harianku,6407,247023,75
2025-06-08,13,Dendam Malam Kelam,4542,94191,4458
2025-06-08,14,Gundik,2321,485922,13127
2025-06-08,15,The Phoenician Scheme,1342,4304,162
2025-06-08,16,"Sampai Jumpa, Selamat Tinggal",614,13456,602
2025-06-08,17,Housefull 5,483,1636,37
2025-06-08,18,Komang,358,2989568,31951
2025-06-07,1,Mission: Impossible - The Final Reckoning,86573,2163927,35617
2025-06-07,2,Ballerina,73588,252467,5884
2025-06-07,3,Gowok Kamasutra Jawa,52879,159180,400
2025-06-07,4,Waktu Maghrib 2,52076,689697,14397
2025-06-07,5,Tenung By Risa Saraswati & Dimasta,46269,163782,3472
2025-06-07,6,Tak Ingin Usai Di Sini,41948,106268,2115
2025-06-07,7,Lilo & Stitch,31389,792363,18503
2025-06-07,8,Karate Kid: Legends,20603,381759,9582
2025-06-07,9,Jumbo,14365,10136003,98355
2025-06-07,10,Bring Her Back,13196,26274,916
2025-06-07,11,Final Destination: Bloodlines,7600,1738906,37731
2025-06-07,12,"Sampai Jumpa, Selamat Tinggal",3087,12842,563
2025-06-07,13,Gundik,2235,483601,13085
2025-06-07,14,The Phoenician Scheme,1156,2962,139
2025-06-07,15,Housefull 5,528,1153,25
2025-06-06,1,Ballerina,84597,178879,4613
2025-06-06,2,Mission: Impossible - The Final Reckoning,84187,2077354,34560
2025-06-06,3,Tenung By Risa Saraswati & Dimasta,58779,117513,2533
2025-06-06,4,Gowok Kamasutra Jawa,55504,106301,376
2025-06-06,5,Waktu Maghrib 2,46572,637621,13554
2025-06-06,6,Tak Ingin Usai Di Sini,33095,64320,1378
2025-06-06,7,Lilo & Stitch,32452,760974,18025
2025-06-06,8,Karate Kid: Legends,26631,361156,9305
2025-06-06,9,Bring Her Back,13078,13078,571
2025-06-06,10,Jumbo,12077,10121638,98192
2025-06-06,11,Final Destination: Bloodlines,8375,1731306,37607
2025-06-06,12,"Sampai Jumpa, Selamat Tinggal",4015,9755,509
2025-06-06,13,Gundik,3535,481366,13037
2025-06-06,14,The Phoenician Scheme,1806,1806,96
2025-06-06,15,Housefull 5,625,625,11
2025-06-05,1,Tenung By Risa Saraswati & Dimasta,58734,58734,1312
2025-06-05,2,Gowok Kamasutra Jawa,50797,50797,304
2025-06-05,3,Ballerina,32949,94282,3333
2025-06-05,4,Tak Ingin Usai Di Sini,31225,31225,599
2025-06-05,5,Mission: Impossible - The Final Reckoning,28553,1993167,33755
2025-06-05,6,Waktu Maghrib 2,27671,591049,12787
2025-06-05,7,Lilo & Stitch,14492,728522,17721
2025-06-05,8,Karate Kid: Legends,10236,334525,9056
2025-06-05,9,"Sampai Jumpa, Selamat Tinggal",5740,5740,390
2025-06-05,10,Final Destination: Bloodlines,4639,1722931,37478
2025-06-05,11,Komang,4313,2989210,31948
2025-06-05,12,Jumbo,4163,10109561,98059
2025-06-05,13,Gundik,1472,477831,12989
2025-06-05,14,Dendam Malam Kelam,513,89649,4393
2025-06-05,15,The Ritual,283,23331,1351
2025-06-05,16,Cocote Tonggo,248,264466,7220
2025-06-05,17,Basement: Jangan Turun Ke Bawah,115,115,38
2025-06-04,1,Ballerina,61333,61333,1828
2025-06-04,2,Waktu Maghrib 2,46090,563378,11824
2025-06-04,3,Mission: Impossible - The Final Reckoning,38805,1964614,32835
2025-06-04,4,Lilo & Stitch,15241,714030,17363
2025-06-04,5,Karate Kid: Legends,14790,324289,8752
2025-06-04,6,Gundik,11951,476359,12892
2025-06-04,7,Final Destination: Bloodlines,11604,1718292,37284
2025-06-04,8,Jumbo,7917,10105398,97906
2025-06-04,9,Dendam Malam Kelam,5705,89136,4317
2025-06-04,10,Cocote Tonggo,3076,264218,7196
2025-06-04,11,The Ritual,1046,23048,1327
2025-06-04,12,The Ugly Stepsister,238,3054,39
2025-06-03,1,Mission: Impossible - The Final Reckoning,48286,1925809,31256
2025-06-03,2,Waktu Maghrib 2,43700,517288,10388
2025-06-03,3,Gundik,17359,464408,12500
2025-06-03,4,Lilo & Stitch,16250,698789,16584
2025-06-03,5,Karate Kid: Legends,16161,309499,8044
2025-06-03,6,Final Destination: Bloodlines,13567,1706688,36631
2025-06-03,7,Jumbo,9056,10097481,97402
2025-06-03,8,Dendam Malam Kelam,7574,83431,3922
2025-06-03,9,Cocote Tonggo,3191,261142,7054
2025-06-03,10,The Ritual,2241,22002,1242
2025-06-03,11,The Ugly Stepsister,276,2816,33
2025-06-03,12,Hala Bala,74,870,0
2025-06-02,1,Mission: Impossible - The Final Reckoning,58245,1877523,29368
2025-06-02,2,Waktu Maghrib 2,53500,473588,8980
2025-06-02,3,Lilo & Stitch,19990,682539,15612
2025-06-02,4,Karate Kid: Legends,19103,293338,7036
2025-06-02,5,Gundik,16251,447049,12021
2025-06-02,6,Final Destination: Bloodlines,14105,1693121,35863
2025-06-02,7,Jumbo,11452,10088425,96800
2025-06-02,8,Dendam Malam Kelam,7212,75857,3547
2025-06-02,9,Cocote Tonggo,3000,257951,6938
2025-06-02,10,The Ritual,1939,19761,1121
2025-06-02,11,The Ugly Stepsister,301,2540,25
2025-06-02,12,Hala Bala,104,796,0
2025-06-01,1,Mission: Impossible - The Final Reckoning,100174,1819278,27344
2025-06-01,2,Waktu Maghrib 2,80069,420088,7677
2025-06-01,3,Lilo & Stitch,45641,662549,14613
2025-06-01,4,Karate Kid: Legends,42403,274235,5919
2025-06-01,5,Final Destination: Bloodlines,25100,1679016,35127
2025-06-01,6,Jumbo,24724,10076973,96074
2025-06-01,7,Gundik,20805,430798,11524
2025-06-01,8,Dendam Malam Kelam,12551,68645,3106
2025-06-01,9,Cocote Tonggo,6885,254951,6774
2025-06-01,10,Angkara Murka,4360,10412,643
2025-06-01,11,The Ritual,2494,17822,1006
2025-06-01,12,The Red Envelope,1091,13212,596
2025-06-01,13,The Ugly Stepsister,505,2239,17
2025-06-01,14,Hala Bala,182,692,0
2025-07-31,1,Sihir Pelakor,72442,72442,908
2025-07-31,2,Sore Istri Dari Masa Depan,51351,2445667,29772
2025-07-31,3,Rego Nyowo,46642,46642,1248
2025-07-31,4,"Believe - Takdir, Mimpi, Keberanian",41596,576205,7342
2025-07-31,5,The Fantastic Four: First Steps,32689,997805,20013
2025-07-31,6,Bertaut Rindu: Semua Impian Berhak Dirayakan,23689,23689,564
2025-07-31,7,Omniscient Reader: The Prophecy,12875,58837,1332
2025-07-31,8,Kitab Sijjin & Illiyyin,7318,577072,13317
2025-07-31,9,The Naked Gun,6697,17038,1987
2025-07-31,10,Superman,5322,1498558,26340
2025-07-31,11,Ghost Train,4672,65337,2590
2025-07-31,12,Jodoh 3 Bujang,2641,547812,11513
2025-07-31,13,Doti - Tumbal Ilmu Hitam,2313,59807,517
2025-07-31,14,Assalamualaikum Baitullah,1414,225730,8287
2025-07-31,15,Jurassic World: Rebirth,875,2414873,34277
2025-07-31,16,Gerbang Setan,559,32909,1696
2025-07-31,17,Kampung Jabang Mayit: Ritual Maut,469,126418,4558
2025-07-31,18,F1 The Movie,192,513483,12921
2025-07-31,19,BTS Army: Forever We Are Young,93,397,32
2025-07-30,1,Sore Istri Dari Masa Depan,60552,2394316,28530
2025-07-30,2,"Believe - Takdir, Mimpi, Keberanian",46074,534609,6580
2025-07-30,3,The Fantastic Four: First Steps,39287,965116,18740
2025-07-30,4,Omniscient Reader: The Prophecy,17217,45962,821
2025-07-30,5,Kitab Sijjin & Illiyyin,17144,569754,12920
2025-07-30,6,The Naked Gun,10341,10341,1311
2025-07-30,7,Ghost Train,7144,60665,2260
2025-07-30,8,Superman,6206,1493236,26144
2025-07-30,9,Kampung Jabang Mayit: Ritual Maut,4415,125949,4453
2025-07-30,10,Assalamualaikum Baitullah,4238,224316,8164
2025-07-30,11,Doti - Tumbal Ilmu Hitam,3955,57494,508
2025-07-30,12,Jurassic World: Rebirth,1398,2413998,34254
2025-07-30,13,Gak Nyangka..!!,917,20111,1410
2025-07-30,14,Gerbang Setan,814,32350,1656
2025-07-30,15,BTS Army: Forever We Are Young,304,304,18
2025-07-30,16,F1 The Movie,292,513291,12900
2025-07-29,1,Sore Istri Dari Masa Depan,69145,2333764,27025
2025-07-29,2,The Fantastic Four: First Steps,51560,925829,16857
2025-07-29,3,"Believe - Takdir, Mimpi, Keberanian",40178,488535,5664
2025-07-29,4,Kitab Sijjin & Illiyyin,20338,552610,12328
2025-07-29,5,Ghost Train,7944,53521,1856
2025-07-29,6,Superman,7260,1487030,25882
2025-07-29,7,Kampung Jabang Mayit: Ritual Maut,6765,121534,4113
2025-07-29,8,Assalamualaikum Baitullah,4865,220078,7884
2025-07-29,9,Doti - Tumbal Ilmu Hitam,4332,53539,483
2025-07-29,10,Jurassic World: Rebirth,2258,2412600,34214
2025-07-29,11,Gak Nyangka..!!,1680,19194,1333
2025-07-29,12,Gerbang Setan,631,31536,1612
2025-07-29,13,F1 The Movie,295,512999,12879
2025-07-29,14,Doraemon The Movie: Nobitas Art World Tales,158,32025,295
2025-07-29,15,Ultraman Arc The Movie: The Clash of Light and Evil,80,1845,69
2025-07-28,1,Sore Istri Dari Masa Depan,82115,2264619,25276
2025-07-28,2,The Fantastic Four: First Steps,68746,874269,14673
2025-07-28,3,"Believe - Takdir, Mimpi, Keberanian",48704,448357,4628
2025-07-28,4,Kitab Sijjin & Illiyyin,18138,532272,11682
2025-07-28,5,Kampung Jabang Mayit: Ritual Maut,11769,114769,3600
2025-07-28,6,Superman,10374,1479770,25395
2025-07-28,7,Ghost Train,9969,45577,1432
2025-07-28,8,Doti - Tumbal Ilmu Hitam,5231,49207,441
2025-07-28,9,Assalamualaikum Baitullah,5088,215213,7527
2025-07-28,10,Jurassic World: Rebirth,2555,2410342,34118
2025-07-28,11,Gak Nyangka..!!,1787,17514,1205
2025-07-28,12,Gerbang Setan,689,30905,1572
2025-07-28,13,F1 The Movie,317,512704,12843
2025-07-28,14,Doraemon The Movie: Nobitas Art World Tales,165,31867,295
2025-07-28,15,Ultraman Arc The Movie: The Clash of Light and Evil,137,1765,66
2025-07-27,1,The Fantastic Four: First Steps,169036,805523,12366
2025-07-27,2,Sore Istri Dari Masa Depan,115860,2182504,24023
2025-07-27,3,"Believe - Takdir, Mimpi, Keberanian",57384,399653,3726
2025-07-27,4,Kitab Sijjin & Illiyyin,31589,514134,11095
2025-07-27,5,Superman,27410,1469396,24897
2025-07-27,6,Kampung Jabang Mayit: Ritual Maut,17550,103000,2980
2025-07-27,7,Ghost Train,13217,35608,1043
2025-07-27,8,Doti - Tumbal Ilmu Hitam,12426,43976,383
2025-07-27,9,Omniscient Reader: The Prophecy,12224,28745,191
2025-07-27,10,Jurassic World: Rebirth,11194,2407787,34031
2025-07-27,11,Assalamualaikum Baitullah,10544,210125,7217
2025-07-27,12,Gak Nyangka..!!,4063,15727,1063
2025-07-27,13,Doraemon The Movie: Nobitas Art World Tales,2947,31702,294
2025-07-27,14,Gerbang Setan,1183,30216,1527
2025-07-27,15,F1 The Movie,774,512387,12818
2025-07-27,16,Ultraman Arc The Movie: The Clash of Light and Evil,651,1628,60
2025-07-26,1,The Fantastic Four: First Steps,229929,636487,10028
2025-07-26,2,Sore Istri Dari Masa Depan,143486,2066644,22763
2025-07-26,3,"Believe - Takdir, Mimpi, Keberanian",69062,342269,2817
2025-07-26,4,Superman,33504,1441986,24366
2025-07-26,5,Kampung Jabang Mayit: Ritual Maut,29340,85450,2309
2025-07-26,6,Kitab Sijjin & Illiyyin,28353,482545,10499
2025-07-26,7,Omniscient Reader: The Prophecy,16521,16521,115
2025-07-26,8,Ghost Train,15436,22391,676
2025-07-26,9,Assalamualaikum Baitullah,10478,199581,6919
2025-07-26,10,Jurassic World: Rebirth,10381,2396593,33947
2025-07-26,11,Doti - Tumbal Ilmu Hitam,9425,31550,333
2025-07-26,12,Gak Nyangka..!!,4850,11664,900
2025-07-26,13,Doraemon The Movie: Nobitas Art World Tales,2212,28755,288
2025-07-26,14,Gerbang Setan,939,29033,1487
2025-07-26,15,F1 The Movie,796,511613,12795
2025-07-26,16,Ultraman Arc The Movie: The Clash of Light and Evil,595,977,53
2025-07-25,1,The Fantastic Four: First Steps,119986,406558,7686
2025-07-25,2,Sore Istri Dari Masa Depan,96481,1923158,21515
2025-07-25,3,"Believe - Takdir, Mimpi, Keberanian",52753,273207,1932
2025-07-25,4,Kitab Sijjin & Illiyyin,21232,454192,9967
2025-07-25,5,Kampung Jabang Mayit: Ritual Maut,20049,56110,1620
2025-07-25,6,Superman,11495,1408482,23874
2025-07-25,7,Assalamualaikum Baitullah,7196,189103,6622
2025-07-25,8,Ghost Train,6955,6955,326
2025-07-25,9,Doti - Tumbal Ilmu Hitam,6445,22125,271
2025-07-25,10,Jurassic World: Rebirth,4479,2386212,33880
2025-07-25,11,Gak Nyangka..!!,2973,6814,729
2025-07-25,12,Gerbang Setan,739,28094,1444
2025-07-25,13,Jalan Pulang,534,2808689,52395
2025-07-25,14,Ultraman Arc The Movie: The Clash of Light and Evil,382,382,38
2025-07-25,15,F1 The Movie,252,510817,12773
2025-07-25,16,Doraemon The Movie: Nobitas Art World Tales,243,26543,286
2025-07-24,1,"Believe - Takdir, Mimpi, Keberanian",220454,220454,892
2025-07-24,2,The Fantastic Four: First Steps,119372,286572,5283
2025-07-24,3,Sore Istri Dari Masa Depan,87134,1826677,20034
2025-07-24,4,Karunrung 1995,50375,55876,324
2025-07-24,5,Kampung Jabang Mayit: Ritual Maut,36061,36061,743
2025-07-24,6,Kitab Sijjin & Illiyyin,21451,432960,9389
2025-07-24,7,Doti - Tumbal Ilmu Hitam,15680,15680,160
2025-07-24,8,Superman,8386,1396987,23606
2025-07-24,9,Assalamualaikum Baitullah,5527,181907,6340
2025-07-24,10,Gak Nyangka..!!,3841,3841,406
2025-07-24,11,Jurassic World: Rebirth,3770,2381733,33833
2025-07-24,12,Jodoh 3 Bujang,3594,545171,11458
2025-07-24,13,Selepas Tahlil,3225,178256,5270
2025-07-24,14,Gerbang Setan,643,27355,1404
2025-07-24,15,F1 The Movie,530,510565,12756
2025-07-24,16,Doraemon The Movie: Nobitas Art World Tales,138,26300,286
2025-07-23,1,The Fantastic Four: First Steps,167200,167200,2916
2025-07-23,2,Sore Istri Dari Masa Depan,99858,1739543,18800
2025-07-23,3,Kitab Sijjin & Illiyyin,34818,411509,8791
2025-07-23,4,Superman,14198,1388601,23439
2025-07-23,5,Assalamualaikum Baitullah,10567,176380,6050
2025-07-23,6,Jurassic World: Rebirth,5448,2377963,33795
2025-07-23,7,Gerbang Setan,1869,26712,1357
2025-07-23,8,I Know What You Did Last Summer,694,39638,2450
2025-07-23,9,F1 The Movie,493,510035,12739
2025-07-23,10,Doraemon The Movie: Nobitas Art World Tales,332,26162,286
2025-07-22,1,Sore Istri Dari Masa Depan,110468,1639685,17166
2025-07-22,2,Kitab Sijjin & Illiyyin,33221,376691,7762
2025-07-22,3,Superman,31226,1374403,22891
2025-07-22,4,Assalamualaikum Baitullah,12788,165813,5395
2025-07-22,5,Jurassic World: Rebirth,11665,2372515,33633
2025-07-22,6,Gerbang Setan,2214,24843,1248
2025-07-22,7,I Know What You Did Last Summer,1899,38944,2394
2025-07-22,8,Smurfs,1697,38294,1060
2025-07-22,9,Jalan Pulang,1177,2808155,52343
2025-07-22,10,Jodoh 3 Bujang,1119,541577,11428
2025-07-22,11,Doraemon The Movie: Nobitas Art World Tales,1020,25830,277
2025-07-22,12,F1 The Movie,826,509542,12696
2025-07-22,13,Saiyaara,485,2195,70
2025-07-22,14,Bride Hard,303,5783,698
2025-07-21,1,Sore Istri Dari Masa Depan,136145,1529217,15119
2025-07-21,2,Kitab Sijjin & Illiyyin,37342,343470,6585
2025-07-21,3,Superman,36949,1343177,21738
2025-07-21,4,Jurassic World: Rebirth,16439,2360850,32948
2025-07-21,5,Assalamualaikum Baitullah,12991,153025,4628
2025-07-21,6,I Know What You Did Last Summer,2229,37045,2179
2025-07-21,7,Smurfs,2220,36597,973
2025-07-21,8,Gerbang Setan,2187,22629,1109
2025-07-21,9,Jodoh 3 Bujang,1393,540458,11391
2025-07-21,10,Jalan Pulang,1299,2806978,52251
2025-07-21,11,Doraemon The Movie: Nobitas Art World Tales,1146,24810,254
2025-07-21,12,F1 The Movie,885,508716,12619
2025-07-21,13,Bride Hard,549,5480,655
2025-07-21,14,Saiyaara,370,1710,60
2025-07-20,1,Sore Istri Dari Masa Depan,191419,1393072,13305
2025-07-20,2,Superman,95249,1306228,20483
2025-07-20,3,Kitab Sijjin & Illiyyin,80593,306128,5268
2025-07-20,4,Jurassic World: Rebirth,50358,2344411,32211
2025-07-20,5,Assalamualaikum Baitullah,24094,140034,3789
2025-07-20,6,Smurfs,10401,34377,771
2025-07-20,7,Doraemon The Movie: Nobitas Art World Tales,7823,23664,223
2025-07-20,8,I Know What You Did Last Summer,5583,34816,1964
2025-07-20,9,Jalan Pulang,3768,2805679,52148
2025-07-20,10,Gerbang Setan,3444,20442,939
2025-07-20,11,F1 The Movie,2819,507831,12543
2025-07-20,12,Bride Hard,1401,4931,566
2025-07-20,13,Jodoh 3 Bujang,1074,539065,11343
2025-07-20,14,Komang,650,3002303,32040
2025-07-20,15,Saiyaara,600,1340,43
2025-07-20,16,Selepas Tahlil,549,175031,5200
2025-07-20,17,Arti Cinta,509,3799,622
2025-07-20,18,"Sorry, Baby",138,557,23
2025-07-20,19,Narik Sukmo,20,196368,5550
2025-07-19,1,Sore Istri Dari Masa Depan,233196,1201653,11514
2025-07-19,2,Superman,111063,1210979,19280
2025-07-19,3,Kitab Sijjin & Illiyyin,79567,225535,4084
2025-07-19,4,Jurassic World: Rebirth,57942,2294053,31525
2025-07-19,5,Assalamualaikum Baitullah,25801,115940,2986
2025-07-19,6,Smurfs,13075,23976,553
2025-07-19,7,I Know What You Did Last Summer,7484,29233,1784
2025-07-19,8,Doraemon The Movie: Nobitas Art World Tales,7315,15841,194
2025-07-19,9,Gerbang Setan,5276,16998,767
2025-07-19,10,Jalan Pulang,3176,2801911,52050
2025-07-19,11,F1 The Movie,3077,505012,12470
2025-07-19,12,Jodoh 3 Bujang,2908,537991,11298
2025-07-19,13,Bride Hard,2064,3530,442
2025-07-19,14,Selepas Tahlil,466,174482,5178
2025-07-19,15,Saiyaara,405,740,24
2025-07-19,16,Arti Cinta,291,3290,600
2025-07-19,17,Narik Sukmo,91,196348,5548
2025-07-19,18,"Sorry, Baby",87,419,23
2025-07-18,1,Sore Istri Dari Masa Depan,154930,968457,9835
2025-07-18,2,Kitab Sijjin & Illiyyin,63326,145968,2886
2025-07-18,3,Superman,54432,1099916,18188
2025-07-18,4,Assalamualaikum Baitullah,35338,90139,2059
2025-07-18,5,Jurassic World: Rebirth,24152,2236111,30952
2025-07-18,6,Smurfs,10901,10901,300
2025-07-18,7,Gerbang Setan,5056,11722,595
2025-07-18,8,I Know What You Did Last Summer,4921,21749,1602
2025-07-18,9,Jalan Pulang,2956,2798735,51936
2025-07-18,10,Jodoh 3 Bujang,2487,535083,11249
2025-07-18,11,F1 The Movie,1904,501935,12398
2025-07-18,12,Gaza,1627,151007,3920
2025-07-18,13,Doraemon The Movie: Nobitas Art World Tales,1552,8526,174
2025-07-18,14,Bride Hard,1466,1466,219
2025-07-18,15,Selepas Tahlil,816,174016,5154
2025-07-18,16,Arti Cinta,546,2999,570
2025-07-18,17,Narik Sukmo,405,196257,5542
2025-07-18,18,Saiyaara,335,335,10
2025-07-18,19,"Sorry, Baby",66,332,19
2025-07-17,1,Sore Istri Dari Masa Depan,145116,813527,8293
2025-07-17,2,Kitab Sijjin & Illiyyin,82642,82642,1267
2025-07-17,3,Assalamualaikum Baitullah,54801,54801,1030
2025-07-17,4,Superman,49919,1045484,17128
2025-07-17,5,Jurassic World: Rebirth,24931,2211959,30481
2025-07-17,6,Gerbang Setan,6666,6666,322
2025-07-17,7,I Know What You Did Last Summer,5628,16828,1304
2025-07-17,8,Selepas Tahlil,5396,173200,5076
2025-07-17,9,Jalan Pulang,4910,2795779,51765
2025-07-17,10,Narik Sukmo,3063,195852,5446
2025-07-17,11,Jodoh 3 Bujang,2643,532596,11183
2025-07-17,12,Doraemon The Movie: Nobitas Art World Tales,2547,6974,147
2025-07-17,13,Arti Cinta,2453,2453,460
2025-07-17,14,Jumbo,2378,10197790,100676
2025-07-17,15,F1 The Movie,1534,500031,12329
2025-07-17,16,"Sorry, Baby",86,266,15
2025-07-16,11,Jodoh 3 Bujang,2643,532596,11183
2025-07-16,12,Doraemon The Movie: Nobitas Art World Tales,2547,6974,147
2025-07-16,13,Arti Cinta,2453,2453,460
2025-07-16,14,Jumbo,2378,10197790,100676
2025-07-16,15,F1 The Movie,11200,11200,831
2025-07-16,6,Selepas Tahlil,10829,167804,4877
2025-07-16,11,Hotel Sakura,606,27712,1501
2025-07-16,12,Ejen Ali: The Movie 2,599,344450,7217
2025-07-16,13,How To Train Your Dragon,413,1462720,33758
2025-07-16,14,"Sorry, Baby",180,180,7
2025-07-15,1,Sore Istri Dari Masa Depan,127168,522206,5242
2025-07-15,2,Superman,69939,941728,14454
2025-07-15,3,Jurassic World: Rebirth,34140,2157039,29023
2025-07-15,4,Jalan Pulang,20987,2776505,50861
2025-07-15,5,Selepas Tahlil,14609,156975,4419
2025-07-15,6,Narik Sukmo,6198,188090,5108
2025-07-15,7,Jodoh 3 Bujang,4340,525397,10971
2025-07-15,8,F1 The Movie,1909,496840,12152
2025-07-15,9,Ejen Ali: The Movie 2,1469,343851,7199
2025-07-15,10,Hotel Sakura,1071,27106,1462
2025-07-15,11,How To Train Your Dragon,782,1462307,33732
2025-07-14,1,Superman,147334,871789,12575
2025-07-14,2,Sore Istri Dari Masa Depan,110885,395038,3729
2025-07-14,3,Jurassic World: Rebirth,42390,2122899,27780
2025-07-14,4,Jalan Pulang,24930,2755518,50090
2025-07-14,5,Selepas Tahlil,15265,142366,3753
2025-07-14,6,Jodoh 3 Bujang,8822,521057,10743
2025-07-14,7,Narik Sukmo,5248,181892,4886
2025-07-14,8,F1 The Movie,3799,494931,12019
2025-07-14,9,Ejen Ali: The Movie 2,1852,342382,7133
2025-07-14,10,Hotel Sakura,1694,26035,1350
2025-07-14,11,How To Train Your Dragon,817,1461525,33676
2025-07-13,1,Superman,155968,798122,10554
2025-07-13,2,Jurassic World: Rebirth,113968,2080509,26247
2025-07-13,3,Sore Istri Dari Masa Depan,104468,284153,2804
2025-07-13,4,Jalan Pulang,55434,2730588,49222
2025-07-13,5,Selepas Tahlil,29851,127101,3031
2025-07-13,6,Jodoh 3 Bujang,11490,512235,10519
2025-07-13,7,Narik Sukmo,10894,176644,4713
2025-07-13,8,Mission: Impossible - The Final Reckoning,8971,2490000,44059
2025-07-13,9,F1 The Movie,7703,491132,11885
2025-07-13,10,Ejen Ali: The Movie 2,7262,340530,7012
2025-07-13,11,BTS MAP OF THE SOUL ON:E (HYBE CINE FEST IN ASIA 2025),5098,18023,0
2025-07-13,12,Hotel Sakura,3754,24341,1207
2025-07-13,13,SEVENTEEN WORLD TOUR [BE THE SUN] (HYBE CINE FEST IN ASIA 2025),3630,13872,0
2025-07-13,14,ENHYPEN WORLD TOUR [FATE] (HYBE CINE FEST IN ASIA 2025),3447,13889,0
2025-07-13,15,How To Train Your Dragon,2353,1460708,33608
2025-07-13,16,HYBE CINEMA NORAEBANG (HYBE CINE FEST IN ASIA 2025),1917,7003,0
2025-07-13,17,Komang,1436,3001653,32037
2025-07-13,18,TOMORROW X TOGETHER WORLD TOUR [ACT : SWEET MIRAGE] (HYBE CINE FEST IN ASIA 2025),1349,4893,0
2025-07-13,19,Dangerous Animals,1226,3167,184
2025-07-13,20,Karunrung 1995,736,5501,200
2025-07-13,21,Lilo & Stitch,373,913000,22384
2025-07-13,22,Orang Ikan,332,332,0
2025-07-13,23,Agen +62,295,66811,2620
2025-07-13,24,Nintama Rantaro: Invincible Master of the Dokutake Ninja,58,402,5
2025-07-12,1,Superman,212778,642154,8176
2025-07-12,2,Jurassic World: Rebirth,142923,1966541,24697
2025-07-12,3,Sore Istri Dari Masa Depan,88395,179685,1967
2025-07-12,4,Jalan Pulang,52175,2675154,48247
2025-07-12,5,Selepas Tahlil,35548,97250,2303
2025-07-12,6,Jodoh 3 Bujang,15030,500745,10287
2025-07-12,7,Ejen Ali: The Movie 2,12195,333268,6844
2025-07-12,8,Narik Sukmo,11218,165750,4540
2025-07-12,9,F1 The Movie,9306,483429,11753
2025-07-12,10,SEVENTEEN WORLD TOUR [BE THE SUN] (HYBE CINE FEST IN ASIA 2025),5168,10242,0
2025-07-12,11,BTS MAP OF THE SOUL ON:E (HYBE CINE FEST IN ASIA 2025),4458,12925,0
2025-07-12,12,Hotel Sakura,4076,20587,1030
2025-07-12,13,ENHYPEN WORLD TOUR [FATE] (HYBE CINE FEST IN ASIA 2025),3425,10442,0
2025-07-12,14,How To Train Your Dragon,3061,1458355,33539
2025-07-12,15,HYBE CINEMA NORAEBANG (HYBE CINE FEST IN ASIA 2025),2144,5086,0
2025-07-12,16,TOMORROW X TOGETHER WORLD TOUR [ACT : SWEET MIRAGE] (HYBE CINE FEST IN ASIA 2025),1494,3544,0
2025-07-12,17,Gaza,1185,149380,3920
2025-07-12,18,Karunrung 1995,630,4765,178
2025-07-12,19,Agen +62,377,66516,2606
2025-07-12,20,Nintama Rantaro: Invincible Master of the Dokutake Ninja,64,344,4
2025-07-11,11,BTS MAP OF THE SOUL ON:E (HYBE CINE FEST IN ASIA 2025),4458,12925,0
2025-07-11,12,Hotel Sakura,4076,20587,1030
2025-07-11,13,ENHYPEN WORLD TOUR [FATE] (HYBE CINE FEST IN ASIA 2025),3425,10442,0
2025-07-11,14,How To Train Your Dragon,3061,1458355,33539
2025-07-11,15,HYBE CINEMA NORAEBANG (HYBE CINE FEST IN ASIA 2025),2144,5086,0
2025-07-11,16,TOMORROW X TOGETHER WORLD TOUR [ACT : SWEET MIRAGE] (HYBE CINE FEST IN ASIA 2025),1494,3544,0
2025-07-11,17,Gaza,1185,149380,3920
2025-07-11,18,Karunrung 1995,630,4765,178
2025-07-11,19,Agen +62,377,66516,2606
2025-07-11,20,Nintama Rantaro: Invincible Master of the Dokutake Ninja,64,344,4
2025-07-10,1,Superman,128165,304165,4173
2025-07-10,2,Jurassic World: Rebirth,91722,1741607,21674
2025-07-10,3,Jalan Pulang,44738,2583567,46250
2025-07-10,4,Sore Istri Dari Masa Depan,44090,44090,549
2025-07-10,5,Selepas Tahlil,32898,32898,666
2025-07-10,6,Jodoh 3 Bujang,13631,473130,9803
2025-07-10,7,Hotel Sakura,11377,11377,412
2025-07-10,8,Narik Sukmo,8911,150494,4177
2025-07-10,9,Ejen Ali: The Movie 2,7732,314249,6484
2025-07-10,10,F1 The Movie,5802,468091,11477
2025-07-10,11,BTS MAP OF THE SOUL ON:E (HYBE CINE FEST IN ASIA 2025),5113,5113,0
2025-07-10,12,ENHYPEN WORLD TOUR [FATE] (HYBE CINE FEST IN ASIA 2025),4343,4343,0
2025-07-10,13,Karunrung 1995,3095,3095,93
2025-07-10,14,SEVENTEEN WORLD TOUR [BE THE SUN] (HYBE CINE FEST IN ASIA 2025),2700,2700,0
2025-07-10,15,How To Train Your Dragon,2673,1453294,33393
2025-07-10,16,Komang,2163,3000217,32023
2025-07-10,17,HYBE CINEMA NORAEBANG (HYBE CINE FEST IN ASIA 2025),2018,2018,0
2025-07-10,18,Agen +62,1580,65316,2519
2025-07-10,19,TOMORROW X TOGETHER WORLD TOUR [ACT : SWEET MIRAGE] (HYBE CINE FEST IN ASIA 2025),1260,1260,0
2025-07-10,20,Arwah,333,25922,1126
2025-07-10,21,Nintama Rantaro: Invincible Master of the Dokutake Ninja,55,198,2
2025-07-09,1,Superman,176000,176000,2124
2025-07-09,2,Jurassic World: Rebirth,98904,1649885,20212
2025-07-09,3,Jalan Pulang,67041,2538829,45233
2025-07-09,4,Jodoh 3 Bujang,15305,459499,9576
2025-07-09,5,Narik Sukmo,11343,141583,3964
2025-07-09,6,Ejen Ali: The Movie 2,9246,306517,6331
2025-07-09,7,F1 The Movie,6119,462289,11337
2025-07-09,8,Agen +62,4416,63736,2425
2025-07-09,9,How To Train Your Dragon,2853,1450621,33308
2025-07-09,10,Arwah,1517,25589,1099
2025-07-09,11,Bad Genius (2024),192,5170,567
2025-07-09,12,Crayon Shinchan The Movie: Our Dinosaur Diary,152,5136,67
2025-07-09,13,Nintama Rantaro: Invincible Master of the Dokutake Ninja,143,143,2
2025-07-08,1,Jurassic World: Rebirth,131778,1550981,18388
2025-07-08,2,Jalan Pulang,79456,2471788,43845
2025-07-08,3,Jodoh 3 Bujang,20131,444194,9190
2025-07-08,4,Narik Sukmo,15708,130240,3520
2025-07-08,5,Ejen Ali: The Movie 2,11274,297271,6083
2025-07-08,6,F1 The Movie,11024,456170,11148
2025-07-08,7,Agen +62,7725,59320,2230
2025-07-08,8,How To Train Your Dragon,6252,1447768,33171
2025-07-08,9,Arwah,2077,24072,1016
2025-07-08,10,Elio,644,171956,7569
2025-07-08,11,Bad Genius (2024),611,4978,542
2025-07-08,12,Lorong Kost,475,91643,3075
2025-07-08,13,Crayon Shinchan The Movie: Our Dinosaur Diary,384,4984,67
2025-07-08,14,Fox Hunt,356,2276,195
2025-07-08,15,GJLS: Ibuku Ibu Ibu,236,597165,13029
2025-07-08,16,Seribu Bayang Purnama,128,3484,770
2025-07-07,1,Jurassic World: Rebirth,157666,1419203,15707
2025-07-07,2,Jalan Pulang,91501,2392332,42475
2025-07-07,3,Jodoh 3 Bujang,24034,424063,8751
2025-07-07,4,Narik Sukmo,15446,114532,3047
2025-07-07,5,Ejen Ali: The Movie 2,13638,285997,5777
2025-07-07,6,F1 The Movie,11435,445146,10766
2025-07-07,7,Agen +62,7420,51595,2001
2025-07-07,8,How To Train Your Dragon,7419,1441516,32934
2025-07-07,9,Arwah,2577,21995,921
2025-07-07,10,Gaza,1081,148195,3918
2025-07-07,11,Elio,767,171312,7545
2025-07-07,12,Bad Genius (2024),684,4367,467
2025-07-07,13,Lorong Kost,615,91168,3048
2025-07-07,14,Crayon Shinchan The Movie: Our Dinosaur Diary,558,4600,57
2025-07-07,15,GJLS: Ibuku Ibu Ibu,298,596929,13005
2025-07-07,16,Fox Hunt,205,2098,170
2025-07-07,17,Seribu Bayang Purnama,85,3356,753
2025-07-06,1,Jurassic World: Rebirth,251231,1261537,12810
2025-07-06,2,Jalan Pulang,105671,2300831,40820
2025-07-06,3,Jodoh 3 Bujang,31836,400029,8302
2025-07-06,4,Narik Sukmo,26698,99086,2399
2025-07-06,5,F1 The Movie,19531,433711,10386
2025-07-06,6,Ejen Ali: The Movie 2,19496,272359,5417
2025-07-06,7,How To Train Your Dragon,10781,1434097,32711
2025-07-06,8,Agen +62,9170,44175,1695
2025-07-06,9,Arwah,4190,19418,756
2025-07-06,10,Elio,1592,170545,7507
2025-07-06,11,Jumbo,1539,10195412,100525
2025-07-06,12,Crayon Shinchan The Movie: Our Dinosaur Diary,1267,4042,47
2025-07-06,13,Bad Genius (2024),1233,3683,379
2025-07-06,14,Komang,851,2998054,32010
2025-07-06,15,Lorong Kost,623,90553,3008
2025-07-06,16,GJLS: Ibuku Ibu Ibu,583,596631,12975
2025-07-06,17,Fox Hunt,350,1893,145
2025-07-06,18,Seribu Bayang Purnama,190,3271,721
2025-07-05,1,Jurassic World: Rebirth,322418,1010306,10187
2025-07-05,2,Jalan Pulang,93884,2195160,39423
2025-07-05,3,Jodoh 3 Bujang,32503,368193,7890
2025-07-05,4,F1 The Movie,23192,414180,10012
2025-07-05,5,Narik Sukmo,23095,72388,1930
2025-07-05,6,Ejen Ali: The Movie 2,22949,252863,5064
2025-07-05,7,How To Train Your Dragon,15747,1423316,32436
2025-07-05,8,Agen +62,9101,35005,1446
2025-07-05,9,Arwah,4214,15228,646
2025-07-05,10,Elio,1562,168953,7485
2025-07-05,11,Crayon Shinchan The Movie: Our Dinosaur Diary,1457,2775,34
2025-07-05,12,Bad Genius (2024),1323,2450,295
2025-07-05,13,Gaza,1076,147114,3918
2025-07-05,14,Lorong Kost,914,89930,2974
2025-07-05,15,GJLS: Ibuku Ibu Ibu,818,596048,12946
2025-07-05,16,Seribu Bayang Purnama,380,3081,668
2025-07-05,17,Fox Hunt,293,1543,145
2025-07-04,1,Jurassic World: Rebirth,181253,687888,7373
2025-07-04,2,Jalan Pulang,62130,2101276,37804
2025-07-04,3,Jodoh 3 Bujang,23485,335690,7463
2025-07-04,4,Narik Sukmo,21087,49293,1289
2025-07-04,5,F1 The Movie,15753,390988,9610
2025-07-04,6,Ejen Ali: The Movie 2,15280,229914,4777
2025-07-04,7,How To Train Your Dragon,7793,1407569,32177
2025-07-04,8,Agen +62,7655,25904,1046
2025-07-04,9,Arwah,3660,11014,466
2025-07-04,10,Crayon Shinchan The Movie: Our Dinosaur Diary,1318,1318,20
2025-07-04,11,Bad Genius (2024),1127,1127,165
2025-07-04,12,Lorong Kost,912,89016,2904
2025-07-04,13,Elio,880,167391,7443
2025-07-04,14,GJLS: Ibuku Ibu Ibu,546,595230,12919
2025-07-04,15,Fox Hunt,315,1250,118
2025-07-04,16,Seribu Bayang Purnama,303,2701,580
2025-07-03,1,Jurassic World: Rebirth,198647,506635,4667
2025-07-03,2,Jalan Pulang,141054,2039146,36283
2025-07-03,3,Narik Sukmo,28206,28206,639
2025-07-03,4,Jodoh 3 Bujang,26937,312205,6998
2025-07-03,5,Ejen Ali: The Movie 2,21034,214634,4414
2025-07-03,6,Agen +62,18249,18249,519
2025-07-03,7,F1 The Movie,14562,375235,9256
2025-07-03,8,How To Train Your Dragon,9438,1399776,31999
2025-07-03,9,Arwah,7354,7354,264
2025-07-03,10,Seribu Bayang Purnama,2398,2398,441
2025-07-03,11,Lorong Kost,2052,88104,2786
2025-07-03,12,Komang,1162,2997203,32004
2025-07-03,13,Elio,1097,166511,7398
2025-07-03,14,Gaza,932,146038,3918
2025-07-03,15,GJLS: Ibuku Ibu Ibu,789,594684,12889
2025-07-03,16,Jumbo,745,10193873,100464
2025-07-03,17,Keluarga Super Irit,620,134214,5692
2025-07-03,18,Fox Hunt,502,935,89
2025-07-03,19,28 Years Later,483,178053,7102
2025-07-03,20,Tak Ingin Usai Di Sini,360,504317,12371
2025-07-02,1,Jurassic World: Rebirth,307988,307988,2108
2025-07-02,2,Jalan Pulang,84038,1968619,34789
2025-07-02,3,Jodoh 3 Bujang,33009,285268,6627
2025-07-02,4,F1 The Movie,21500,360673,8863
2025-07-02,5,Ejen Ali: The Movie 2,19491,193600,4127
2025-07-02,6,How To Train Your Dragon,16365,1390338,31738
2025-07-02,7,Lorong Kost,9298,86052,2618
2025-07-02,8,Gowok Kamasutra Jawa,7567,463000,437
2025-07-02,9,GJLS: Ibuku Ibu Ibu,2760,593895,12847
2025-07-02,10,Ballerina,2573,618263,18354
2025-07-02,11,Elio,2052,165414,7342
2025-07-02,12,28 Years Later,1233,177570,7070
2025-07-02,13,M3GAN 2.0,993,70848,4529
2025-07-02,14,Keluarga Super Irit,817,133594,5661
2025-07-02,15,Tak Ingin Usai Di Sini,775,503957,12351
2025-07-02,16,Mission: Impossible - The Final Reckoning,524,2481029,43950
2025-07-02,17,Fox Hunt,433,433,45
2025-07-02,18,Lilo & Stitch,330,912627,22343
2025-07-01,1,Jalan Pulang,93845,1884581,32984
2025-07-01,2,F1 The Movie,39127,339173,8256
2025-07-01,3,Jodoh 3 Bujang,36130,252259,6014
2025-07-01,4,Ejen Ali: The Movie 2,30060,174109,3539
2025-07-01,5,How To Train Your Dragon,29873,1373973,31029
2025-07-01,6,Lorong Kost,6172,76754,2345
2025-07-01,7,GJLS: Ibuku Ibu Ibu,4989,591135,12693
2025-07-01,8,Elio,4446,163362,7239
2025-07-01,9,M3GAN 2.0,4315,69855,4436
2025-07-01,10,28 Years Later,2869,176337,6972
2025-07-01,11,Warkop DKI Kartun,2292,21731,2004
2025-07-01,12,Ballerina,2149,615690,18308
2025-07-01,13,Mission: Impossible - The Final Reckoning,1711,2480505,43921
2025-07-01,14,Tak Ingin Usai Di Sini,1674,503182,12319
2025-07-01,15,Keluarga Super Irit,1239,132777,5606
2025-07-01,16,Lilo & Stitch,1000,912297,22315
2025-07-01,17,Noise,690,8108,895
2025-07-01,18,Gaza,656,145106,3906
2025-07-01,19,Rabi Jiwo,350,10704,981
2025-07-01,20,Maa,130,1190,95
2025-07-01,21,Dangerous Animals,110,1941,175
2025-08-31,1,Pencarian Terakhir,56949,200079,6617
2025-08-31,2,The Shadows Edge,41904,515028,14030
2025-08-31,3,Demon Slayer -Kimetsu No Yaiba- The Movie: Infinity Castle,40322,2375850,36810
2025-08-31,4,Juara Sejati,30000,110000,10
2025-08-31,5,"La Tahzan: Cinta, Dosa, Luka...",26492,800569,18681
2025-08-31,6,Labinak,19890,332779,11786
2025-08-31,7,Weapons,12131,1004675,23756
2025-08-31,8,Panggil Aku Ayah,11459,854877,25917
2025-08-31,9,Dracula: A Love Tale,8102,28718,2521
2025-08-31,10,"Believe - Takdir, Mimpi, Keberanian",2625,1038688,14132
2025-08-31,11,Grave of The Fireflies,2447,10267,935
2025-08-31,12,The Conjuring: The Devil Made Me Do It (Reissue),2438,9265,232
2025-08-31,13,Panji Tengkorak,2420,18505,2579
2025-08-31,14,Lebih Dari Selamanya,2399,25129,2634
2025-08-31,15,Materialists,2357,62699,3741
2025-08-31,16,Siapa Dia,2005,6847,648
2025-08-31,17,Tinggal Meninggal,1840,178740,6983
2025-08-31,18,Relay,1704,12445,1897
2025-08-31,19,Sore Istri Dari Masa Depan,1123,3080470,45229
2025-08-31,20,Princess Mononoke,623,4507,281
2025-08-31,21,Cinta Pertamaku,579,579,2
2025-08-31,22,Jaws,477,1397,100
2025-08-31,23,Together,324,12542,1596
2025-08-31,24,Param Sundari,254,730,57
2025-08-31,25,My Daughter is A Zombie,222,164997,6420
2025-08-31,26,My Beloved Stranger,142,1007,208
2025-08-31,27,Mocca: Life In Bloom,56,174,82
2025-08-30,1,Pencarian Terakhir,53074,143130,4705
2025-08-30,2,Demon Slayer -Kimetsu No Yaiba- The Movie: Infinity Castle,52316,2335528,35388
2025-08-30,3,The Shadows Edge,47570,473124,12800
2025-08-30,4,"La Tahzan: Cinta, Dosa, Luka...",28392,774077,17681
2025-08-30,5,Weapons,17601,992544,23296
2025-08-30,6,Labinak,13489,312889,10977
2025-08-30,7,Dracula: A Love Tale,10515,20616,1762
2025-08-30,8,Panggil Aku Ayah,10386,843418,25505
2025-08-30,9,Materialists,4034,60342,3554
2025-08-30,10,Panji Tengkorak,3964,16085,2194
2025-08-30,11,The Conjuring: The Devil Made Me Do It (Reissue),3840,6827,153
2025-08-30,12,Grave of The Fireflies,3668,7820,594
2025-08-30,13,Lebih Dari Selamanya,2844,22730,2261
2025-08-30,14,Tinggal Meninggal,2605,176900,6869
2025-08-30,15,Relay,2062,10741,1759
2025-08-30,16,Siapa Dia,1992,4842,519
2025-08-30,17,Sore Istri Dari Masa Depan,1304,3079347,45173
2025-08-30,18,Sihir Pelakor,984,664683,18625
2025-08-30,19,Princess Mononoke,671,3884,178
2025-08-30,20,Jaws,546,920,73
2025-08-30,21,My Daughter is A Zombie,405,164775,6399
2025-08-30,22,Together,351,12218,1555
2025-08-30,23,Param Sundari,273,476,36
2025-08-30,24,My Beloved Stranger,154,865,183
2025-08-30,25,Mocca: Life In Bloom,57,118,52
2025-08-29,1,Pencarian Terakhir,33769,90056,2825
2025-08-29,2,Demon Slayer -Kimetsu No Yaiba- The Movie: Infinity Castle,31727,2283212,34003
2025-08-29,3,The Shadows Edge,23614,425554,11593
2025-08-29,4,Labinak,20363,299400,10135
2025-08-29,5,"La Tahzan: Cinta, Dosa, Luka...",19991,745685,16691
2025-08-29,6,Dracula: A Love Tale,10101,10101,982
2025-08-29,7,Weapons,9282,974943,22887
2025-08-29,8,Panji Tengkorak,6545,12121,1794
2025-08-29,9,Lebih Dari Selamanya,5823,19886,1755
2025-08-29,10,Panggil Aku Ayah,5716,833032,25122
2025-08-29,11,Grave of The Fireflies,4152,4152,253
2025-08-29,12,The Conjuring: The Devil Made Me Do It (Reissue),2987,2987,71
2025-08-29,13,Materialists,2416,56308,3366
2025-08-29,14,Tinggal Meninggal,1684,174295,6760
2025-08-29,15,Siapa Dia,1271,2850,386
2025-08-29,16,Relay,1023,8679,1619
2025-08-29,17,Sore Istri Dari Masa Depan,877,3078043,45117
2025-08-29,18,Princess Mononoke,644,3213,77
2025-08-29,19,Together,380,11867,1517
2025-08-29,20,Jaws,374,374,40
2025-08-29,21,Param Sundari,203,203,18
2025-08-29,22,My Daughter is A Zombie,142,164370,6377
2025-08-29,23,My Beloved Stranger,106,711,153
2025-08-29,24,Mocca: Life In Bloom,61,61,25
2025-08-28,1,Pencarian Terakhir,56287,56287,1294
2025-08-28,2,Demon Slayer -Kimetsu No Yaiba- The Movie: Infinity Castle,27274,2251485,33184
2025-08-28,3,The Shadows Edge,25909,401940,10682
2025-08-28,4,"La Tahzan: Cinta, Dosa, Luka...",25802,725694,15994
2025-08-28,5,Labinak,14325,279037,9429
2025-08-28,6,Lebih Dari Selamanya,14063,14063,1035
2025-08-28,7,Weapons,12351,965661,22508
2025-08-28,8,Panggil Aku Ayah,6519,827316,24787
2025-08-28,9,Panji Tengkorak,5576,5576,1195
2025-08-28,10,Materialists,3328,53892,3158
2025-08-28,11,Tinggal Meninggal,2509,172611,6647
2025-08-28,12,Relay,2416,7656,1463
2025-08-28,13,Lyora: Penantian Buah Hati,1743,182629,5493
2025-08-28,14,Siapa Dia,1579,1579,226
2025-08-28,15,Sore Istri Dari Masa Depan,1242,3077166,45061
2025-08-28,16,Princess Mononoke,843,2569,61
2025-08-28,17,My Daughter is A Zombie,407,164228,6354
2025-08-28,18,Together,353,11487,1517
2025-08-28,19,My Beloved Stranger,181,605,123
2025-08-27,1,Demon Slayer -Kimetsu No Yaiba- The Movie: Infinity Castle,35301,2224211,32226
2025-08-27,2,The Shadows Edge,30974,376031,9613
2025-08-27,3,"La Tahzan: Cinta, Dosa, Luka...",28889,699892,15238
2025-08-27,4,Labinak,28281,264712,8574
2025-08-27,5,Weapons,17244,953310,22114
2025-08-27,6,Panggil Aku Ayah,11075,820797,24416
2025-08-27,7,Relay,5240,5240,1058
2025-08-27,8,Tinggal Meninggal,4287,170102,6519
2025-08-27,9,Materialists,3987,50564,2923
2025-08-27,10,Hanya Namamu Dalam Doaku,1978,47776,5188
2025-08-27,11,Princess Mononoke,1726,1726,28
2025-08-27,12,Sore Istri Dari Masa Depan,1675,3075924,44996
2025-08-27,13,Darah Nyai,1378,12494,970
2025-08-27,14,Sihir Pelakor,689,663699,18595
2025-08-27,15,My Daughter is A Zombie,552,163821,6307
2025-08-27,16,My Beloved Stranger,424,424,72
2025-08-27,17,Together,412,11134,1516
2025-08-27,18,Pretty Crazy,107,4415,697
2025-08-26,1,Demon Slayer -Kimetsu No Yaiba- The Movie: Infinity Castle,34930,2188910,30885
2025-08-26,2,The Shadows Edge,34685,345057,8343
2025-08-26,3,"La Tahzan: Cinta, Dosa, Luka...",34506,671003,14272
2025-08-26,4,Labinak,32396,236431,7332
2025-08-26,5,Assalamualaikum Baitullah,20283,252255,8676
2025-08-26,6,Weapons,19918,936066,21559
2025-08-26,7,Panggil Aku Ayah,12835,809722,23730
2025-08-26,8,Materialists,4975,46577,2674
2025-08-26,9,Tinggal Meninggal,4373,165815,6306
2025-08-26,10,Hanya Namamu Dalam Doaku,2413,45798,4936
2025-08-26,11,Sore Istri Dari Masa Depan,1772,3074249,44916
2025-08-26,12,Darah Nyai,1273,11116,874
2025-08-26,13,Together,837,10722,1447
2025-08-26,14,My Daughter is A Zombie,769,163269,6246
2025-08-26,15,Sihir Pelakor,713,663010,18554
2025-08-26,16,Nobody 2,371,52417,3711
2025-08-26,17,Pretty Crazy,332,4308,664
2025-08-26,18,Lyora: Penantian Buah Hati,99,180886,5477
2025-08-25,1,Demon Slayer -Kimetsu No Yaiba- The Movie: Infinity Castle,52381,2153980,29314
2025-08-25,2,The Shadows Edge,42935,310372,6964
2025-08-25,3,"La Tahzan: Cinta, Dosa, Luka...",36990,636497,13276
2025-08-25,4,Labinak,33026,204035,6036
2025-08-25,5,Weapons,15065,916148,20763
2025-08-25,6,Panggil Aku Ayah,13443,796887,22877
2025-08-25,7,Materialists,4671,41602,2298
2025-08-25,8,Hanya Namamu Dalam Doaku,3765,43385,4561
2025-08-25,9,Tinggal Meninggal,3520,161442,6024
2025-08-25,10,Sore Istri Dari Masa Depan,1849,3072477,44813
2025-08-25,11,Darah Nyai,1182,9843,755
2025-08-25,12,Together,1149,9885,1341
2025-08-25,13,Sihir Pelakor,697,662297,18493
2025-08-25,14,My Daughter is A Zombie,681,162500,6136
2025-08-25,15,Pretty Crazy,552,3976,593
2025-08-25,16,Nobody 2,488,52046,3680
2025-08-25,17,Lyora: Penantian Buah Hati,283,180787,5451
2025-08-24,1,Demon Slayer -Kimetsu No Yaiba- The Movie: Infinity Castle,95000,2101599,27661
2025-08-24,2,The Shadows Edge,90979,267437,5584
2025-08-24,3,"La Tahzan: Cinta, Dosa, Luka...",46895,599507,12334
2025-08-24,4,Labinak,36391,171009,4656
2025-08-24,5,Panggil Aku Ayah,34517,783444,21995
2025-08-24,6,Weapons,29502,901083,19901
2025-08-24,7,Cyberbullying,20848,47055,47
2025-08-24,8,Juara Sejati,20000,80000,10
2025-08-24,9,Materialists,7765,36931,1986
2025-08-24,10,Tinggal Meninggal,7697,157922,5775
2025-08-24,11,Hanya Namamu Dalam Doaku,6395,39620,4100
2025-08-24,12,The Conjuring 2 (Reissue),4012,14524,212
2025-08-24,13,Sore Istri Dari Masa Depan,3422,3070628,44715
2025-08-24,14,Darah Nyai,2156,8661,642
2025-08-24,15,Sihir Pelakor,2045,661600,18439
2025-08-24,16,Lyora: Penantian Buah Hati,2025,180504,5402
2025-08-24,17,My Daughter is A Zombie,1929,161819,6019
2025-08-24,18,Together,1474,8736,1233
2025-08-24,19,Nobody 2,1201,51558,3649
2025-08-24,20,Pretty Crazy,829,3424,520
2025-08-24,21,The Sun Gazer: Cinta Dari Langit,652,5333,865
2025-08-24,22,Merah Putih One For All,151,2492,153
2025-08-23,1,Demon Slayer -Kimetsu No Yaiba- The Movie: Infinity Castle,115000,2006599,25946
2025-08-23,2,The Shadows Edge,84083,176458,4221
2025-08-23,3,"La Tahzan: Cinta, Dosa, Luka...",51310,552612,11415
2025-08-23,4,Weapons,37377,871581,19173
2025-08-23,5,Panggil Aku Ayah,30014,748927,21169
2025-08-23,6,Labinak,29540,134618,3438
2025-08-23,7,Tinggal Meninggal,10627,150225,5547
2025-08-23,8,Materialists,10164,29166,1654
2025-08-23,9,Hanya Namamu Dalam Doaku,8969,33225,3551
2025-08-23,10,The Conjuring 2 (Reissue),5731,10512,142
2025-08-23,11,Sore Istri Dari Masa Depan,4630,3067206,44624
2025-08-23,12,Lyora: Penantian Buah Hati,3704,178479,5338
2025-08-23,13,Darah Nyai,2014,6505,516
2025-08-23,14,The Sun Gazer: Cinta Dari Langit,1995,4681,785
2025-08-23,15,My Daughter is A Zombie,1928,159890,5930
2025-08-23,16,Together,1744,7262,1123
2025-08-23,17,Sihir Pelakor,1705,659555,18383
2025-08-23,18,Nobody 2,1184,50357,3618
2025-08-23,19,Pretty Crazy,692,2595,452
2025-08-22,1,Demon Slayer -Kimetsu No Yaiba- The Movie: Infinity Castle,80000,1891599,24169
2025-08-22,2,Labinak,49489,105078,2124
2025-08-22,3,The Shadows Edge,42851,92375,3074
2025-08-22,4,"La Tahzan: Cinta, Dosa, Luka...",39624,501302,10487
2025-08-22,5,Weapons,19661,834204,18469
2025-08-22,6,Panggil Aku Ayah,18758,718913,20456
2025-08-22,7,Hanya Namamu Dalam Doaku,9322,24256,2846
2025-08-22,8,Tinggal Meninggal,6977,139598,5314
2025-08-22,9,Materialists,5759,19002,1309
2025-08-22,10,The Conjuring 2 (Reissue),4781,4781,70
2025-08-22,11,SUPER JUNIOR`s 20th Anniversary World Tour SUPER Show 10 in Cinemas,4093,4093,0
2025-08-22,12,Lyora: Penantian Buah Hati,3199,174775,5269
2025-08-22,13,Sore Istri Dari Masa Depan,2971,3062576,44527
2025-08-22,14,Darah Nyai,2509,4491,383
2025-08-22,15,Sihir Pelakor,1468,657850,18304
2025-08-22,16,Together,1117,5518,944
2025-08-22,17,My Daughter is A Zombie,1030,157962,5843
2025-08-22,18,Nobody 2,547,49173,3583
2025-08-22,19,Pretty Crazy,401,1903,399
2025-08-22,20,The Sun Gazer: Cinta Dari Langit,194,2686,696
2025-08-21,1,Demon Slayer -Kimetsu No Yaiba- The Movie: Infinity Castle,75999,1811599,22458
2025-08-21,2,Labinak,55589,55589,950
2025-08-21,3,"La Tahzan: Cinta, Dosa, Luka...",40435,461678,9549
2025-08-21,4,The Shadows Edge,24939,49524,1984
2025-08-21,5,Panggil Aku Ayah,18679,700155,19781
2025-08-21,6,Weapons,17567,814543,17847
2025-08-21,7,Hanya Namamu Dalam Doaku,14934,14934,1746
2025-08-21,8,Tinggal Meninggal,6009,132621,5089
2025-08-21,9,Materialists,5324,13243,949
2025-08-21,10,Lyora: Penantian Buah Hati,3237,171576,5205
2025-08-21,11,The Sun Gazer: Cinta Dari Langit,2492,2492,496
2025-08-21,12,Sihir Pelakor,2424,656382,18205
2025-08-21,13,Sore Istri Dari Masa Depan,2203,3059605,44438
2025-08-21,14,Darah Nyai,1982,1982,212
2025-08-21,15,Together,1292,4401,814
2025-08-21,16,My Daughter is A Zombie,596,156932,5778
2025-08-21,17,Pretty Crazy,515,1502,300
2025-08-21,18,Nobody 2,506,48626,3548
2025-08-21,19,Panggilan Dari Kubur,259,52702,2530
2025-08-20,1,Demon Slayer -Kimetsu No Yaiba- The Movie: Infinity Castle,93000,1735600,20751
2025-08-20,2,"La Tahzan: Cinta, Dosa, Luka...",44746,421243,8701
2025-08-20,3,The Shadows Edge,24585,24585,1069
2025-08-20,4,Weapons,18942,796976,17313
2025-08-20,5,Panggil Aku Ayah,18888,681476,19289
2025-08-20,6,Tinggal Meninggal,10077,126612,4887
2025-08-20,7,Materialists,7919,7919,592
2025-08-20,8,Sihir Pelakor,4792,653958,18106
2025-08-20,9,Sore Istri Dari Masa Depan,3049,3057402,44359
2025-08-20,10,Lyora: Penantian Buah Hati,3039,168339,5162
2025-08-20,11,Pamali: Tumbal,1804,345388,9124
2025-08-20,12,Together,1648,3109,654
2025-08-20,13,My Daughter is A Zombie,1136,156336,5726
2025-08-20,14,Panggilan Dari Kubur,1131,52443,2498
2025-08-20,15,Pretty Crazy,987,987,194
2025-08-20,16,Nobody 2,842,48120,3518
2025-08-20,17,"Believe - Takdir, Mimpi, Keberanian",338,1036063,14095
2025-08-20,18,War 2,274,6551,211
2025-08-19,1,Demon Slayer -Kimetsu No Yaiba- The Movie: Infinity Castle,138000,1642600,18381
2025-08-19,2,"La Tahzan: Cinta, Dosa, Luka...",43512,376497,7709
2025-08-19,3,Weapons,22519,778034,16545
2025-08-19,4,Panggil Aku Ayah,21364,662588,18417
2025-08-19,5,Tinggal Meninggal,14508,116535,4442
2025-08-19,6,Sihir Pelakor,3974,649166,17948
2025-08-19,7,Sore Istri Dari Masa Depan,3566,3054353,44262
2025-08-19,8,My Daughter is A Zombie,2706,155200,5629
2025-08-19,9,Nobody 2,2332,47278,3406
2025-08-19,10,Panggilan Dari Kubur,2305,51312,2325
2025-08-19,11,Lyora: Penantian Buah Hati,2208,165300,5129
2025-08-19,12,"Believe - Takdir, Mimpi, Keberanian",2178,1035725,14068
2025-08-19,13,Pamali: Tumbal,2078,343584,9073
2025-08-19,14,War 2,450,6277,191
2025-08-19,15,Putra,293,293,101
2025-08-19,16,Merah Putih One For All,65,2341,152
2025-08-18,1,Demon Slayer -Kimetsu No Yaiba- The Movie: Infinity Castle,313300,1504600,15005
2025-08-18,2,"La Tahzan: Cinta, Dosa, Luka...",60828,332985,6650
2025-08-18,3,Weapons,57000,755515,15615
2025-08-18,4,Panggil Aku Ayah,56278,641224,17411
2025-08-18,5,Tinggal Meninggal,20946,102027,3909
2025-08-18,6,Sihir Pelakor,9873,645192,17776
2025-08-18,7,Sore Istri Dari Masa Depan,9649,3050787,44134
2025-08-18,8,Panggilan Dari Kubur,7970,49007,2058
2025-08-18,9,My Daughter is A Zombie,7364,152494,5415
2025-08-18,10,Nobody 2,5200,44946,3237
2025-08-18,11,Pamali: Tumbal,5018,341506,9012
2025-08-18,12,"Believe - Takdir, Mimpi, Keberanian",3108,1033547,14022
2025-08-18,13,Lyora: Penantian Buah Hati,2802,163092,5092
2025-08-18,14,War 2,955,5827,155
2025-08-18,15,Merah Putih One For All,350,2276,139
2025-08-17,1,Demon Slayer -Kimetsu No Yaiba- The Movie: Infinity Castle,350300,1191300,11555
2025-08-17,2,"La Tahzan: Cinta, Dosa, Luka...",67549,272157,5575
2025-08-17,3,Weapons,67000,698515,14719
2025-08-17,4,Panggil Aku Ayah,62155,584946,16471
2025-08-17,5,Tinggal Meninggal,24238,81081,3344
2025-08-17,6,Juara Sejati,20000,60000,9
2025-08-17,7,Sore Istri Dari Masa Depan,11052,3041138,44012
2025-08-17,8,Sihir Pelakor,10790,635319,17606
2025-08-17,9,Panggilan Dari Kubur,10474,41037,1773
2025-08-17,10,My Daughter is A Zombie,8975,145130,5229
2025-08-17,11,Pamali: Tumbal,7744,336488,8955
2025-08-17,12,Nobody 2,6500,39746,3024
2025-08-17,13,"Believe - Takdir, Mimpi, Keberanian",5600,1030439,13952
2025-08-17,14,THE CONJURING (REISSUE),4419,11747,123
2025-08-17,15,Lyora: Penantian Buah Hati,4134,160290,5030
2025-08-17,16,War 2,1956,4872,118
2025-08-17,17,6DAYS,1744,6489,310
2025-08-17,18,Together,728,1461,133
2025-08-17,19,Merah Putih One For All,410,1926,126
2025-08-17,20,Ketika Hantu Yatim Piatu,49,49,59
2025-08-16,1,Demon Slayer -Kimetsu No Yaiba- The Movie: Infinity Castle,375000,841000,8006
2025-08-16,2,"La Tahzan: Cinta, Dosa, Luka...",60313,204608,4505
2025-08-16,3,Weapons,44015,631515,13948
2025-08-16,4,Panggil Aku Ayah,43629,522791,15647
2025-08-16,5,Tinggal Meninggal,20023,56843,2798
2025-08-16,6,"Believe - Takdir, Mimpi, Keberanian",19661,1024839,13838
2025-08-16,7,Sore Istri Dari Masa Depan,10107,3030086,43901
2025-08-16,8,Sihir Pelakor,7831,624529,17442
2025-08-16,9,Panggilan Dari Kubur,7392,30563,1474
2025-08-16,10,Nobody 2,7346,33246,2839
2025-08-16,11,My Daughter is A Zombie,6710,136155,5064
2025-08-16,12,Lyora: Penantian Buah Hati,5885,156156,4784
2025-08-16,13,Pamali: Tumbal,4133,328744,8897
2025-08-16,14,THE CONJURING (REISSUE),3987,7328,82
2025-08-16,15,6DAYS,2832,4745,238
2025-08-16,16,War 2,1017,2916,82
2025-08-16,17,Together,733,733,78
2025-08-16,18,Merah Putih One For All,380,1516,110
2025-08-15,1,Demon Slayer -Kimetsu No Yaiba- The Movie: Infinity Castle,466000,466000,4369
2025-08-15,2,"La Tahzan: Cinta, Dosa, Luka...",61046,144295,3366
2025-08-15,3,Panggil Aku Ayah,36225,479162,14875
2025-08-15,4,Weapons,31204,587500,13341
2025-08-15,5,"Believe - Takdir, Mimpi, Keberanian",16590,1005178,13716
2025-08-15,6,Tinggal Meninggal,15513,36820,2221
2025-08-15,7,Lyora: Penantian Buah Hati,8856,150271,4691
2025-08-15,8,Panggilan Dari Kubur,8830,23171,1127
2025-08-15,9,Sore Istri Dari Masa Depan,7144,3019979,43799
2025-08-15,10,Sihir Pelakor,5590,616698,17288
2025-08-15,11,Pamali: Tumbal,4556,324611,8828
2025-08-15,12,My Daughter is A Zombie,4230,129445,4938
2025-08-15,13,Nobody 2,4075,25900,2657
2025-08-15,14,THE CONJURING (REISSUE),3341,3341,42
2025-08-15,15,War 2,1050,1899,52
2025-08-15,16,6DAYS,783,1913,162
2025-08-15,17,Merah Putih One For All,416,1136,85
2025-08-14,1,"La Tahzan: Cinta, Dosa, Luka...",70548,83249,1629
2025-08-14,2,Weapons,50197,556296,12787
2025-08-14,3,Panggil Aku Ayah,40241,442937,14048
2025-08-14,4,"Believe - Takdir, Mimpi, Keberanian",24097,988588,13579
2025-08-14,5,Tinggal Meninggal,21307,21307,1033
2025-08-14,6,Sore Istri Dari Masa Depan,16399,3012835,43695
2025-08-14,7,Pamali: Tumbal,14679,320055,8717
2025-08-14,8,Panggilan Dari Kubur,14341,14341,627
2025-08-14,9,Sihir Pelakor,11036,611108,17108
2025-08-14,10,Lyora: Penantian Buah Hati,9075,141415,4600
2025-08-14,11,Nobody 2,7979,21825,2436
2025-08-14,12,My Daughter is A Zombie,5358,125215,4819
2025-08-14,13,The Fantastic Four: First Steps,1866,1337387,32304
2025-08-14,14,6DAYS,1130,1130,84
2025-08-14,15,War 2,849,849,18
2025-08-14,16,Merah Putih One For All,720,720,50
2025-08-14,17,Rego Nyowo,296,285575,11961
2025-08-13,1,Weapons,57220,506099,11180
2025-08-13,2,Panggil Aku Ayah,47031,402696,12551
2025-08-13,3,Pamali: Tumbal,28192,305376,8195
2025-08-13,4,"Believe - Takdir, Mimpi, Keberanian",22040,964491,13351
2025-08-13,5,Sihir Pelakor,18698,600072,16618
2025-08-13,6,Sore Istri Dari Masa Depan,14200,2996436,43271
2025-08-13,7,Nobody 2,13846,13846,1519
2025-08-13,8,Lyora: Penantian Buah Hati,11348,132340,4419
2025-08-13,9,My Daughter is A Zombie,8591,119857,4301
2025-08-13,10,The Fantastic Four: First Steps,2364,1335521,32124
2025-08-13,11,Rego Nyowo,1104,285279,11907
2025-08-13,12,Omniscient Reader: The Prophecy,514,146963,4585
2025-08-13,13,Superman,505,1553864,28275
2025-08-13,14,The Naked Gun,212,56291,4904
2025-08-12,1,Weapons,60408,448879,9326
2025-08-12,2,Panggil Aku Ayah,39942,355665,10558
2025-08-12,3,Pamali: Tumbal,30801,277184,7017
2025-08-12,4,"Believe - Takdir, Mimpi, Keberanian",26363,942451,13031
2025-08-12,5,Sihir Pelakor,17117,581374,15726
2025-08-12,6,Sore Istri Dari Masa Depan,16956,2982236,42449
2025-08-12,7,My Daughter is A Zombie,10333,111266,3502
2025-08-12,8,Lyora: Penantian Buah Hati,9161,120992,4036
2025-08-12,9,The Fantastic Four: First Steps,4505,1333157,31726
2025-08-12,10,Rego Nyowo,1682,284175,11734
2025-08-12,11,Superman,675,1553359,28230
2025-08-12,12,Omniscient Reader: The Prophecy,534,146449,4508
2025-08-12,13,The Naked Gun,269,56079,4874
2025-08-12,14,Freakier Friday,209,7075,1209
2025-08-12,15,Ghost Train,86,107845,5140
2025-08-11,1,Weapons,59727,388471,7620
2025-08-11,2,Panggil Aku Ayah,42078,315723,8637
2025-08-11,3,Pamali: Tumbal,28258,246383,5842
2025-08-11,4,Sihir Pelakor,24064,564257,14836
2025-08-11,5,Sore Istri Dari Masa Depan,20616,2965280,41721
2025-08-11,6,"Believe - Takdir, Mimpi, Keberanian",19830,916088,12694
2025-08-11,7,My Daughter is A Zombie,13933,100933,2589
2025-08-11,8,Lyora: Penantian Buah Hati,7810,111831,3528
2025-08-11,9,The Fantastic Four: First Steps,5020,1328652,31211
2025-08-11,10,Rego Nyowo,2048,282493,11463
2025-08-11,11,Superman,724,1552684,28166
2025-08-11,12,Omniscient Reader: The Prophecy,619,145915,4453
2025-08-11,13,Freakier Friday,359,6866,1158
2025-08-11,14,The Naked Gun,270,55810,4832
2025-08-11,15,Ghost Train,151,107759,5118
2025-08-10,1,Weapons,96145,328744,7049
2025-08-10,2,Panggil Aku Ayah,77720,273645,7815
2025-08-10,3,Pamali: Tumbal,60928,218125,5287
2025-08-10,4,Jumbo,35212,10233002,100681
2025-08-10,5,Sihir Pelakor,34252,540193,14576
2025-08-10,6,My Daughter is A Zombie,31087,87000,2482
2025-08-10,7,Sore Istri Dari Masa Depan,30893,2944664,41535
2025-08-10,8,Cyberbullying,26207,26207,24
2025-08-10,9,Juara Sejati,20000,40000,9
2025-08-10,10,The Fantastic Four: First Steps,19793,1323632,31074
2025-08-10,11,Lyora: Penantian Buah Hati,18550,104021,3383
2025-08-10,12,"Believe - Takdir, Mimpi, Keberanian",17892,896258,12677
2025-08-10,13,"La Tahzan: Cinta, Dosa, Luka...",12701,12701,310
2025-08-10,14,Rego Nyowo,5158,280445,11346
2025-08-10,15,Superman,3236,1551960,28153
2025-08-10,16,Omniscient Reader: The Prophecy,2308,145296,4426
2025-08-10,17,Freakier Friday,1236,6507,1126
2025-08-10,18,The Naked Gun,924,55540,4827
2025-08-10,19,Ghost Train,488,107608,5118
2025-08-10,20,Tomb Watcher,194,811,140
2025-08-10,21,Harmoni,108,108,38
2025-08-10,22,Jodoh 3 Bujang,73,548052,11522
2025-08-10,23,SEISHUN INOSHISHI <Go Wild> ATARASHII GAKKO! THE MOVIE,28,192,77
2025-08-09,1,Weapons,110191,232599,5505
2025-08-09,2,Panggil Aku Ayah,78231,195925,5940
2025-08-09,3,Pamali: Tumbal,56028,157197,4080
2025-08-09,4,Sore Istri Dari Masa Depan,40071,2913771,40878
2025-08-09,5,My Daughter is A Zombie,36244,55913,1595
2025-08-09,6,Sihir Pelakor,34258,505941,13729
2025-08-09,7,"Believe - Takdir, Mimpi, Keberanian",24944,878366,12351
2025-08-09,8,The Fantastic Four: First Steps,24262,1303839,30539
2025-08-09,9,Lyora: Penantian Buah Hati,22314,85471,2727
2025-08-09,10,Rego Nyowo,7767,275287,11050
2025-08-09,11,Superman,4122,1548724,28076
2025-08-09,12,Omniscient Reader: The Prophecy,3450,142988,4363
2025-08-09,13,Freakier Friday,1581,5271,1043
2025-08-09,14,The Naked Gun,1159,54616,4789
2025-08-09,15,Ghost Train,730,107120,5091
2025-08-09,16,SMTOWN LIVE 2025 in TOKYO LIVE VIEWING,197,197,11
2025-08-09,17,Tomb Watcher,123,617,127
2025-08-09,18,SEISHUN INOSHISHI <Go Wild> ATARASHII GAKKO! THE MOVIE,50,164,68
2025-08-08,1,Weapons,54388,122408,4065
2025-08-08,2,Panggil Aku Ayah,43901,117694,3971
2025-08-08,3,Pamali: Tumbal,43454,101169,2591
2025-08-08,4,Lyora: Penantian Buah Hati,30597,63157,1893
2025-08-08,5,Sore Istri Dari Masa Depan,30319,2873700,40163
2025-08-08,6,Sihir Pelakor,28351,471683,12828
2025-08-08,7,"Believe - Takdir, Mimpi, Keberanian",22614,853422,12002
2025-08-08,8,My Daughter is A Zombie,19669,19669,720
2025-08-08,9,The Fantastic Four: First Steps,12580,1279577,30013
2025-08-08,10,Rego Nyowo,6373,267520,10748
2025-08-08,11,Omniscient Reader: The Prophecy,2085,139538,4298
2025-08-08,12,Superman,1635,1544602,28000
2025-08-08,13,Freakier Friday,886,3690,970
2025-08-08,14,The Naked Gun,531,53457,4741
2025-08-08,15,Ghost Train,355,106390,5064
2025-08-08,16,Tomb Watcher,156,494,109
2025-08-08,17,SEISHUN INOSHISHI <Go Wild> ATARASHII GAKKO! THE MOVIE,45,114,57
2025-08-07,1,Panggil Aku Ayah,73793,73793,1984
2025-08-07,2,Pamali: Tumbal,57715,57715,1239
2025-08-07,3,Weapons,37369,68020,2773
2025-08-07,4,Lyora: Penantian Buah Hati,32560,32560,985
2025-08-07,5,"Believe - Takdir, Mimpi, Keberanian",30728,830808,11646
2025-08-07,6,Sihir Pelakor,28516,443332,11876
2025-08-07,7,Sore Istri Dari Masa Depan,26195,2843381,39432
2025-08-07,8,The Fantastic Four: First Steps,12602,1266997,29557
2025-08-07,9,Rego Nyowo,8815,261147,10362
2025-08-07,10,Omniscient Reader: The Prophecy,2466,137453,4235
2025-08-07,11,Superman,1628,1542967,27940
2025-08-07,12,Freakier Friday,1113,2804,871
2025-08-07,13,Ghost Train,860,106035,5023
2025-08-07,14,The Naked Gun,752,52926,4699
2025-08-07,15,Jodoh 3 Bujang,167,547979,11519
2025-08-07,16,Tomb Watcher,135,338,84
2025-08-07,17,SEISHUN INOSHISHI <Go Wild> ATARASHII GAKKO! THE MOVIE,25,69,42
2025-08-06,1,Sihir Pelakor,47601,414816,10674
2025-08-06,2,Sore Istri Dari Masa Depan,37064,2817186,38442
2025-08-06,3,"Believe - Takdir, Mimpi, Keberanian",33237,800080,11263
2025-08-06,4,Weapons,30651,30651,1512
2025-08-06,5,Rego Nyowo,20395,252332,9768
2025-08-06,6,The Fantastic Four: First Steps,14353,1254395,28905
2025-08-06,7,Omniscient Reader: The Prophecy,5088,134987,4153
2025-08-06,8,Ghost Train,2696,105175,4946
2025-08-06,9,Superman,1912,1541339,27862
2025-08-06,10,Freakier Friday,1691,1691,682
2025-08-06,11,Bertaut Rindu: Semua Impian Berhak Dirayakan,1419,64964,2795
2025-08-06,12,The Naked Gun,1077,52174,4632
2025-08-06,13,Jurassic World: Rebirth,650,2425522,34587
2025-08-06,14,Kitab Sijjin & Illiyyin,492,601855,14455
2025-08-06,15,Assalamualaikum Baitullah,377,231972,8670
2025-08-06,16,Tomb Watcher,203,203,48
2025-08-06,17,SEISHUN INOSHISHI <Go Wild> ATARASHII GAKKO! THE MOVIE,44,44,22
2025-08-05,1,Sihir Pelakor,42376,367215,9091
2025-08-05,2,Sore Istri Dari Masa Depan,40834,2780122,37076
2025-08-05,3,"Believe - Takdir, Mimpi, Keberanian",37403,766843,10695
2025-08-05,4,Rego Nyowo,27048,231937,8499
2025-08-05,5,The Fantastic Four: First Steps,18233,1240042,27984
2025-08-05,6,Omniscient Reader: The Prophecy,6809,129899,3899
2025-08-05,7,Bertaut Rindu: Semua Impian Berhak Dirayakan,5413,63545,2648
2025-08-05,8,Ghost Train,4330,102479,4675
2025-08-05,9,Superman,3842,1539427,27710
2025-08-05,10,The Naked Gun,2637,51097,4491
2025-08-05,11,Kitab Sijjin & Illiyyin,1600,601363,14328
2025-08-05,12,The Bad Guys 2,1033,26195,2168
2025-08-05,13,Jurassic World: Rebirth,678,2424872,34543
2025-08-05,14,Assalamualaikum Baitullah,554,231595,8638
2025-08-04,1,Sihir Pelakor,51749,324839,7266
2025-08-04,2,Sore Istri Dari Masa Depan,45925,2739288,35603
2025-08-04,3,"Believe - Takdir, Mimpi, Keberanian",37129,729440,10009
2025-08-04,4,Rego Nyowo,28534,204889,7021
2025-08-04,5,The Fantastic Four: First Steps,24171,1221809,26428
2025-08-04,6,Omniscient Reader: The Prophecy,8555,123090,3353
2025-08-04,7,Bertaut Rindu: Semua Impian Berhak Dirayakan,4923,58132,2362
2025-08-04,8,Superman,3867,1535585,27304
2025-08-04,9,Ghost Train,3733,98149,4210
2025-08-04,10,The Naked Gun,3245,48460,4080
2025-08-04,11,Kitab Sijjin & Illiyyin,2568,599763,14138
2025-08-04,12,The Bad Guys 2,1466,25162,1894
2025-08-04,13,Jurassic World: Rebirth,911,2424194,34460
2025-08-04,14,Assalamualaikum Baitullah,558,231041,8582
2025-08-03,1,Sore Istri Dari Masa Depan,75397,2693363,34141
2025-08-03,2,Sihir Pelakor,72922,273090,5541
2025-08-03,3,The Fantastic Four: First Steps,71930,1197638,24777
2025-08-03,4,Rego Nyowo,45465,176355,5504
2025-08-03,5,"Believe - Takdir, Mimpi, Keberanian",39709,692311,9338
2025-08-03,6,Juara Sejati,20000,20000,9
2025-08-03,7,Omniscient Reader: The Prophecy,18280,114535,2735
2025-08-03,8,Superman,12373,1531718,27029
2025-08-03,9,Ghost Train,11684,94416,3744
2025-08-03,10,The Naked Gun,10906,45215,3603
2025-08-03,11,Kitab Sijjin & Illiyyin,9580,597195,13938
2025-08-03,12,The Bad Guys 2,8788,23696,1469
2025-08-03,13,Bertaut Rindu: Semua Impian Berhak Dirayakan,5670,53209,2053
2025-08-03,14,Jurassic World: Rebirth,4359,2423283,34405
2025-08-03,15,Doti - Tumbal Ilmu Hitam,2079,61886,538
2025-08-03,16,Assalamualaikum Baitullah,1656,230483,8510
2025-08-03,17,"Sorry, Baby",713,1270,25
2025-08-03,18,Son Of Sardaar 2,362,870,31
2025-08-03,19,Dhadak 2,348,1018,93
2025-08-03,20,BTS Army: Forever We Are Young,175,1091,107
2025-08-02,1,Sore Istri Dari Masa Depan,109868,2617966,32391
2025-08-02,2,The Fantastic Four: First Steps,86750,1125708,22889
2025-08-02,3,Sihir Pelakor,70098,200168,3797
2025-08-02,4,Rego Nyowo,47789,130890,3937
2025-08-02,5,"Believe - Takdir, Mimpi, Keberanian",41443,652602,8675
2025-08-02,6,Omniscient Reader: The Prophecy,21993,96255,2158
2025-08-02,7,Superman,15039,1519345,26763
2025-08-02,8,Ghost Train,12649,82732,3282
2025-08-02,9,The Naked Gun,11534,34309,3049
2025-08-02,10,The Bad Guys 2,11497,14908,1021
2025-08-02,11,Bertaut Rindu: Semua Impian Berhak Dirayakan,8225,47539,1706
2025-08-02,12,Kitab Sijjin & Illiyyin,6308,587615,13730
2025-08-02,13,Jurassic World: Rebirth,3101,2418924,34345
2025-08-02,14,Assalamualaikum Baitullah,1903,228827,8439
2025-08-02,15,Dhadak 2,404,670,66
2025-08-02,16,BTS Army: Forever We Are Young,374,916,75
2025-08-02,17,Son Of Sardaar 2,308,508,18
2025-08-01,1,Sore Istri Dari Masa Depan,62431,2508098,30739
2025-08-01,2,Sihir Pelakor,57628,130070,2077
2025-08-01,3,The Fantastic Four: First Steps,41153,1038958,21281
2025-08-01,4,Rego Nyowo,36459,83101,2401
2025-08-01,5,"Believe - Takdir, Mimpi, Keberanian",34954,611159,8022
2025-08-01,6,Bertaut Rindu: Semua Impian Berhak Dirayakan,15625,39314,1175
2025-08-01,7,Omniscient Reader: The Prophecy,15425,74262,1717
2025-08-01,8,Superman,5748,1504306,26512
2025-08-01,9,The Naked Gun,5737,22775,2509
2025-08-01,10,Ghost Train,4746,70083,2842
2025-08-01,11,Kitab Sijjin & Illiyyin,4235,581307,13538
2025-08-01,12,The Bad Guys 2,3411,3411,578
2025-08-01,13,Assalamualaikum Baitullah,1194,226924,8364
2025-08-01,14,Jurassic World: Rebirth,950,2415823,34296
2025-08-01,15,Dhadak 2,266,266,36
2025-08-01,16,Son Of Sardaar 2,200,200,6
2025-08-01,17,BTS Army: Forever We Are Young,145,542,44
2025-09-30,1,Kang Solah From Kang Mak x Nenek Gayung,98222,856054,20470
2025-09-30,2,Chainsaw Man - The Movie: Reze Arc,14141,114477,7092
2025-09-30,3,One Battle After Another,7800,112077,7859
2025-09-30,4,The Conjuring: Last Rites,7190,3451113,76030
2025-09-30,5,Dia Bukan Ibu,7188,106729,5933
2025-09-30,6,Dilanjutkan Salah Disudahi Perih,5971,50235,2883
2025-09-30,7,Andai Ibu Tidak Menikah Dengan Ayah,3717,868910,31882
2025-09-30,8,Gereja Setan,1569,248574,10483
2025-09-30,9,Gabbys Dollhouse: The Movie,1289,16127,1719
2025-09-30,10,The Shadows Edge,813,736945,22027
2025-09-30,11,Detective Conan The Movie: One-Eyed Flashback,323,77267,5587
2025-09-30,12,Afterburn,313,50073,5685
2025-09-30,13,Jadi Tuh Barang,223,271545,8801
2025-09-29,1,Kang Solah From Kang Mak x Nenek Gayung,101385,757832,16467
2025-09-29,2,Chainsaw Man - The Movie: Reze Arc,18877,100336,5809
2025-09-29,3,One Battle After Another,8255,104277,6923
2025-09-29,4,The Conjuring: Last Rites,7170,3443923,75526
2025-09-29,5,Dilanjutkan Salah Disudahi Perih,6438,44264,2465
2025-09-29,6,Dia Bukan Ibu,6208,99541,5165
2025-09-29,7,Andai Ibu Tidak Menikah Dengan Ayah,4101,865193,31542
2025-09-29,8,Gereja Setan,1787,247005,10377
2025-09-29,9,Gabbys Dollhouse: The Movie,1531,14838,1498
2025-09-29,10,The Shadows Edge,1024,736132,21936
2025-09-29,11,Detective Conan The Movie: One-Eyed Flashback,669,76944,5474
2025-09-29,12,Jadi Tuh Barang,410,271322,8747
2025-09-29,13,Afterburn,257,49760,5539
2025-09-28,1,Kang Solah From Kang Mak x Nenek Gayung,206848,656447,12484
2025-09-28,2,Juara Sejati,36052,226052,17
2025-09-28,3,Sukma,28070,1011679,25835
2025-09-28,4,Chainsaw Man - The Movie: Reze Arc,26330,81459,4634
2025-09-28,5,One Battle After Another,22280,96022,5973
2025-09-28,6,Dia Bukan Ibu,20944,93333,4297
2025-09-28,7,Pencarian Terakhir,18728,449833,18778
2025-09-28,8,The Conjuring: Last Rites,12859,3436753,75057
2025-09-28,9,Andai Ibu Tidak Menikah Dengan Ayah,9270,861092,31193
2025-09-28,10,Gabbys Dollhouse: The Movie,5014,13307,1226
2025-09-28,11,Dilanjutkan Salah Disudahi Perih,4728,37826,2095
2025-09-28,12,Perempuan Pembawa Sial,4679,182076,8706
2025-09-28,13,Gereja Setan,3000,245218,10278
2025-09-28,14,The Shadows Edge,2686,735108,21850
2025-09-28,15,Lintrik,2300,20288,896
2025-09-28,16,Detective Conan The Movie: One-Eyed Flashback,2025,76275,5354
2025-09-28,17,Jadi Tuh Barang,1716,270912,8616
2025-09-28,18,Afterburn,971,49503,5456
2025-09-28,19,BTS 2016 LIVE The Most Beautiful Moment In Life On Stage: EPILOGUE REMASTERED,516,1308,222
2025-09-28,20,BTS 2017 THE WINGS TOUR THE FINAL Remastered,357,1141,221
2025-09-28,21,Exit 8,337,35133,2304
2025-09-28,22,Janji Senja,237,1268,87
2025-09-27,1,Kang Solah From Kang Mak x Nenek Gayung,207425,449599,8542
2025-09-27,2,Sukma,32120,983609,25080
2025-09-27,3,One Battle After Another,26660,73742,5017
2025-09-27,4,Chainsaw Man - The Movie: Reze Arc,23669,55129,3260
2025-09-27,5,Dia Bukan Ibu,20148,72389,3372
2025-09-27,6,The Conjuring: Last Rites,16360,3423894,74572
2025-09-27,7,Andai Ibu Tidak Menikah Dengan Ayah,11929,851822,30841
2025-09-27,8,Jadi Tuh Barang,6885,269196,8408
2025-09-27,9,Gabbys Dollhouse: The Movie,6142,8293,927
2025-09-27,10,Dilanjutkan Salah Disudahi Perih,5411,33098,1689
2025-09-27,11,Gereja Setan,3810,242218,10171
2025-09-27,12,The Shadows Edge,2528,732422,21780
2025-09-27,13,Afterburn,2190,48532,5369
2025-09-27,14,Detective Conan The Movie: One-Eyed Flashback,2090,74250,5242
2025-09-27,15,BTS 2016 LIVE The Most Beautiful Moment In Life On Stage: EPILOGUE REMASTERED,374,792,175
2025-09-27,16,BTS 2017 THE WINGS TOUR THE FINAL Remastered,341,784,175
2025-09-27,17,Exit 8,299,34796,2281
2025-09-27,18,Janji Senja,151,1031,82
2025-09-26,1,Kang Solah From Kang Mak x Nenek Gayung,122651,242174,5287
2025-09-26,2,Chainsaw Man - The Movie: Reze Arc,31460,31460,1679
2025-09-26,3,Sukma,27690,951489,24326
2025-09-26,4,Dia Bukan Ibu,22241,52241,2389
2025-09-26,5,One Battle After Another,13876,47082,4102
2025-09-26,6,Jadi Tuh Barang,11059,262311,8009
2025-09-26,7,The Conjuring: Last Rites,9231,3407534,74107
2025-09-26,8,Andai Ibu Tidak Menikah Dengan Ayah,7548,839893,30488
2025-09-26,9,Dilanjutkan Salah Disudahi Perih,7234,27687,1211
2025-09-26,10,Perempuan Pembawa Sial,6572,177397,8425
2025-09-26,11,Gereja Setan,2573,238408,10049
2025-09-26,12,Gabbys Dollhouse: The Movie,2151,2151,574
2025-09-26,13,The Shadows Edge,1227,729894,21710
2025-09-26,14,Detective Conan The Movie: One-Eyed Flashback,891,72160,5154
2025-09-26,15,Janji Senja,380,880,75
2025-09-26,16,Exit 8,233,34497,2261
2025-09-26,17,Afterburn,227,46342,5162
2025-09-26,18,BTS 2017 THE WINGS TOUR THE FINAL Remastered,115,443,125
2025-09-26,19,BTS 2016 LIVE The Most Beautiful Moment In Life On Stage: EPILOGUE REMASTERED,80,418,128
2025-09-25,1,Kang Solah From Kang Mak x Nenek Gayung,119523,119523,2387
2025-09-25,2,Cyberbullying,94187,141242,111
2025-09-25,3,Sukma,33001,923799,23539
2025-09-25,4,Dia Bukan Ibu,30000,30000,1328
2025-09-25,5,Dilanjutkan Salah Disudahi Perih,20453,20453,691
2025-09-25,6,One Battle After Another,14863,33206,3128
2025-09-25,7,The Conjuring: Last Rites,11720,3398303,73703
2025-09-25,8,Jadi Tuh Barang,11444,251252,7603
2025-09-25,9,Perempuan Pembawa Sial,7309,170825,8237
2025-09-25,10,Andai Ibu Tidak Menikah Dengan Ayah,5907,832345,30124
2025-09-25,11,Gereja Setan,4226,235835,9923
2025-09-25,12,The Shadows Edge,1656,728667,21642
2025-09-25,13,Detective Conan The Movie: One-Eyed Flashback,882,71269,5062
2025-09-25,14,Afterburn,597,46115,5121
2025-09-25,15,Exit 8,579,34264,2238
2025-09-25,16,Janji Senja,500,500,55
2025-09-25,17,Maryam: Janji Dan Jiwa Yang Terikat,442,85118,6954
2025-09-25,18,Tharae: The Exorcist,295,21582,2686
2025-09-25,19,The Long Walk,249,70275,6243
2025-09-25,20,BTS 2017 THE WINGS TOUR THE FINAL Remastered,78,328,93
2025-09-25,21,BTS 2016 LIVE The Most Beautiful Moment In Life On Stage: EPILOGUE REMASTERED,57,338,96
2025-09-24,1,Sukma,40130,890798,22542
2025-09-24,2,Jadi Tuh Barang,21135,239808,6976
2025-09-24,3,One Battle After Another,18343,18343,1773
2025-09-24,4,The Conjuring: Last Rites,16244,3386583,73007
2025-09-24,5,Perempuan Pembawa Sial,15606,163516,7837
2025-09-24,6,Andai Ibu Tidak Menikah Dengan Ayah,10551,826438,29575
2025-09-24,7,Gereja Setan,5515,231609,9709
2025-09-24,8,Maryam: Janji Dan Jiwa Yang Terikat,2486,84676,6830
2025-09-24,9,Detective Conan The Movie: One-Eyed Flashback,1841,70387,4892
2025-09-24,10,The Shadows Edge,1782,727011,21517
2025-09-24,11,Afterburn,1341,45518,4977
2025-09-24,12,Tharae: The Exorcist,914,21287,2647
2025-09-24,13,The Long Walk,853,70026,6188
2025-09-24,14,Exit 8,507,33685,2176
2025-09-24,15,Demon Slayer -Kimetsu No Yaiba- The Movie: Infinity Castle,483,2504705,43037
2025-09-24,16,A Big Bold Beautiful Journey,337,11748,2366
2025-09-24,17,BTS 2016 LIVE The Most Beautiful Moment In Life On Stage: EPILOGUE REMASTERED,281,281,57
2025-09-24,18,BTS 2017 THE WINGS TOUR THE FINAL Remastered,250,250,58
2025-09-24,19,Dollhouse,147,4235,499
2025-09-23,1,Sukma,50569,850668,21003
2025-09-23,2,Jadi Tuh Barang,27845,218673,5982
2025-09-23,3,The Conjuring: Last Rites,20284,3370339,71724
2025-09-23,4,Perempuan Pembawa Sial,16127,147910,6957
2025-09-23,5,Andai Ibu Tidak Menikah Dengan Ayah,11538,815887,28605
2025-09-23,6,Gereja Setan,5446,226094,9341
2025-09-23,7,Maryam: Janji Dan Jiwa Yang Terikat,4492,82190,6350
2025-09-23,8,Afterburn,3079,44177,4649
2025-09-23,9,The Shadows Edge,2471,725229,21358
2025-09-23,10,Detective Conan The Movie: One-Eyed Flashback,2381,68546,4529
2025-09-23,11,The Long Walk,1674,69173,5995
2025-09-23,12,Tharae: The Exorcist,1575,20373,2524
2025-09-23,13,A Big Bold Beautiful Journey,1032,11411,2293
2025-09-23,14,Exit 8,827,33178,2100
2025-09-23,15,Demon Slayer -Kimetsu No Yaiba- The Movie: Infinity Castle,729,2504222,42984
2025-09-23,16,Dollhouse,195,4088,471
2025-09-23,17,Jujutsu Kaisen: Hidden Inventory/Premature Death - The Movie,92,35817,2077
2025-09-23,18,Menjelang Magrib 2: Wanita Yang Di Rantai,85,221181,5931
2025-09-22,1,Sukma,70110,800099,19454
2025-09-22,2,Jadi Tuh Barang,26507,190828,4902
2025-09-22,3,The Conjuring: Last Rites,25225,3350055,70059
2025-09-22,4,Perempuan Pembawa Sial,19748,131783,5880
2025-09-22,5,Andai Ibu Tidak Menikah Dengan Ayah,13929,804349,27461
2025-09-22,6,Gereja Setan,6807,220648,8859
2025-09-22,7,Maryam: Janji Dan Jiwa Yang Terikat,4303,77698,5643
2025-09-22,8,Afterburn,3742,41098,3995
2025-09-22,9,Detective Conan The Movie: One-Eyed Flashback,3429,66165,3996
2025-09-22,10,The Shadows Edge,2385,722758,21148
2025-09-22,11,Tharae: The Exorcist,1384,18798,2212
2025-09-22,12,The Long Walk,995,67499,5663
2025-09-22,13,A Big Bold Beautiful Journey,721,10379,2067
2025-09-22,14,Demon Slayer -Kimetsu No Yaiba- The Movie: Infinity Castle,690,2503493,42897
2025-09-22,15,Exit 8,652,32351,2017
2025-09-22,16,Dollhouse,300,3893,417
2025-09-22,17,Jujutsu Kaisen: Hidden Inventory/Premature Death - The Movie,101,35725,2064
2025-09-22,18,Menjelang Magrib 2: Wanita Yang Di Rantai,55,221096,5905
2025-09-21,1,Sukma,93211,729989,17940
2025-09-21,2,The Conjuring: Last Rites,48884,3324830,68358
2025-09-21,3,Jadi Tuh Barang,36620,164321,3867
2025-09-21,4,Andai Ibu Tidak Menikah Dengan Ayah,29480,790420,26318
2025-09-21,5,Perempuan Pembawa Sial,24886,112035,4818
2025-09-21,6,Detective Conan The Movie: One-Eyed Flashback,15844,62736,3441
2025-09-21,7,Maryam: Janji Dan Jiwa Yang Terikat,12788,73395,4806
2025-09-21,8,Gereja Setan,11385,213841,8412
2025-09-21,9,Afterburn,9949,37356,3311
2025-09-21,10,The Shadows Edge,7127,720373,20943
2025-09-21,11,Tharae: The Exorcist,3739,17414,1915
2025-09-21,12,The Long Walk,3495,66504,5430
2025-09-21,13,A Big Bold Beautiful Journey,2055,9658,1821
2025-09-21,14,Demon Slayer -Kimetsu No Yaiba- The Movie: Infinity Castle,2028,2502803,42816
2025-09-21,15,Exit 8,1656,31699,1933
2025-09-21,16,Dollhouse,956,3593,363
2025-09-21,17,Jolly LLB 3,621,1159,59
2025-09-21,18,Jujutsu Kaisen: Hidden Inventory/Premature Death - The Movie,524,35624,2051
2025-09-21,19,Mama: Pesan Dari Neraka,479,117365,7818
2025-09-21,20,Menjelang Magrib 2: Wanita Yang Di Rantai,195,221041,5888
2025-09-21,21,Cahaya Untuk Ibu,123,123,79
2025-09-20,1,Sukma,76140,636778,16432
2025-09-20,2,The Conjuring: Last Rites,67870,3275946,66522
2025-09-20,3,Jadi Tuh Barang,37364,127701,2815
2025-09-20,4,Andai Ibu Tidak Menikah Dengan Ayah,33699,760940,25165
2025-09-20,5,Perempuan Pembawa Sial,25404,87149,3678
2025-09-20,6,Detective Conan The Movie: One-Eyed Flashback,20302,46892,2777
2025-09-20,7,Maryam: Janji Dan Jiwa Yang Terikat,13756,60607,3842
2025-09-20,8,Gereja Setan,12409,202456,7974
2025-09-20,9,Afterburn,10914,27407,2658
2025-09-20,10,The Shadows Edge,6527,713246,20749
2025-09-20,11,The Long Walk,4159,63009,5212
2025-09-20,12,Tharae: The Exorcist,4015,13675,1614
2025-09-20,13,A Big Bold Beautiful Journey,3910,7603,1526
2025-09-20,14,Tinggal Meninggal,3624,184960,7284
2025-09-20,15,Exit 8,2417,30043,1830
2025-09-20,16,Demon Slayer -Kimetsu No Yaiba- The Movie: Infinity Castle,1938,2500775,42721
2025-09-20,17,Dollhouse,890,2637,301
2025-09-20,18,Mama: Pesan Dari Neraka,859,116886,7771
2025-09-20,19,Jujutsu Kaisen: Hidden Inventory/Premature Death - The Movie,425,35100,2035
2025-09-20,20,Jolly LLB 3,388,538,39
2025-09-20,21,Menjelang Magrib 2: Wanita Yang Di Rantai,125,220846,5871
2025-09-19,1,Sukma,71113,560638,14984
2025-09-19,2,The Conjuring: Last Rites,39040,3208076,64682
2025-09-19,3,Jadi Tuh Barang,38911,90337,1817
2025-09-19,4,Perempuan Pembawa Sial,24617,61745,2478
2025-09-19,5,Andai Ibu Tidak Menikah Dengan Ayah,22189,727241,24045
2025-09-19,6,Maryam: Janji Dan Jiwa Yang Terikat,17838,46851,2674
2025-09-19,7,Gereja Setan,8884,190047,7539
2025-09-19,8,Detective Conan The Movie: One-Eyed Flashback,6198,26590,2128
2025-09-19,9,Afterburn,4464,16493,2112
2025-09-19,10,A Big Bold Beautiful Journey,3693,3693,1080
2025-09-19,11,The Shadows Edge,3050,706719,20582
2025-09-19,12,Tharae: The Exorcist,1774,9660,1349
2025-09-19,13,The Long Walk,1370,58850,5057
2025-09-19,14,Exit 8,1155,27626,1738
2025-09-19,15,Demon Slayer -Kimetsu No Yaiba- The Movie: Infinity Castle,801,2498837,42633
2025-09-19,16,Mama: Pesan Dari Neraka,487,116027,7722
2025-09-19,17,Dollhouse,408,1747,238
2025-09-19,18,Menjelang Magrib 2: Wanita Yang Di Rantai,300,220721,5853
2025-09-19,19,Jolly LLB 3,150,150,19
2025-09-19,20,Jujutsu Kaisen: Hidden Inventory/Premature Death - The Movie,147,34675,2022
2025-09-18,1,Sukma,59636,489525,13679
2025-09-18,2,Jadi Tuh Barang,51426,51426,835
2025-09-18,3,Perempuan Pembawa Sial,37128,37128,1185
2025-09-18,4,The Conjuring: Last Rites,33834,3169036,63186
2025-09-18,5,Maryam: Janji Dan Jiwa Yang Terikat,29013,29013,1381
2025-09-18,6,Andai Ibu Tidak Menikah Dengan Ayah,22104,705052,23070
2025-09-18,7,Juara Sejati,20000,190000,11
2025-09-18,8,Gereja Setan,9015,181163,7091
2025-09-18,9,Afterburn,5014,12029,1673
2025-09-18,10,Detective Conan The Movie: One-Eyed Flashback,4976,20392,1530
2025-09-18,11,The Shadows Edge,1972,703669,20448
2025-09-18,12,Tharae: The Exorcist,1948,7886,1210
2025-09-18,13,The Long Walk,1392,57480,4952
2025-09-18,14,Exit 8,973,26471,1652
2025-09-18,15,Menjelang Magrib 2: Wanita Yang Di Rantai,831,220421,5832
2025-09-18,16,Demon Slayer -Kimetsu No Yaiba- The Movie: Infinity Castle,647,2498036,42574
2025-09-18,17,Mama: Pesan Dari Neraka,641,115540,7664
2025-09-18,18,Dollhouse,531,1339,172
2025-09-18,19,Red Sonja,190,19982,1977
2025-09-18,20,Jujutsu Kaisen: Hidden Inventory/Premature Death - The Movie,99,34528,2008
2025-09-17,1,Sukma,50897,429889,12398
2025-09-17,2,The Conjuring: Last Rites,40630,3135202,61506
2025-09-17,3,Andai Ibu Tidak Menikah Dengan Ayah,22894,682948,22047
2025-09-17,4,Gereja Setan,18866,172148,6510
2025-09-17,5,Detective Conan The Movie: One-Eyed Flashback,15416,15416,845
2025-09-17,6,Afterburn,7015,7015,962
2025-09-17,7,Tharae: The Exorcist,5938,5938,857
2025-09-17,8,Mama: Pesan Dari Neraka,5782,114899,7464
2025-09-17,9,The Shadows Edge,2494,701697,20288
2025-09-17,10,Menjelang Magrib 2: Wanita Yang Di Rantai,1569,219590,5798
2025-09-17,11,The Long Walk,1553,56088,4791
2025-09-17,12,Exit 8,951,25498,1548
2025-09-17,13,Demon Slayer -Kimetsu No Yaiba- The Movie: Infinity Castle,881,2497389,42519
2025-09-17,14,Dollhouse,808,808,92
2025-09-17,15,Siccin 8,530,12965,955
2025-09-17,16,Red Sonja,492,19792,1936
2025-09-17,17,Pencarian Terakhir,333,431105,18559
2025-09-17,18,Jujutsu Kaisen: Hidden Inventory/Premature Death - The Movie,126,34429,1994
2025-09-16,1,The Conjuring: Last Rites,47346,3094572,59355
2025-09-16,2,Sukma,44993,378992,10689
2025-09-16,3,Andai Ibu Tidak Menikah Dengan Ayah,30576,660054,20665
2025-09-16,4,Gereja Setan,16589,153282,5628
2025-09-16,5,Mama: Pesan Dari Neraka,7082,109117,7001
2025-09-16,6,The Long Walk,3837,54535,4534
2025-09-16,7,The Shadows Edge,3013,699203,20112
2025-09-16,8,Exit 8,2395,24547,1398
2025-09-16,9,Red Sonja,1927,19300,1850
2025-09-16,10,Menjelang Magrib 2: Wanita Yang Di Rantai,1427,218021,5726
2025-09-16,11,Demon Slayer -Kimetsu No Yaiba- The Movie: Infinity Castle,1398,2496508,42418
2025-09-16,12,Siccin 8,1336,12435,890
2025-09-16,13,Pencarian Terakhir,895,430772,18497
2025-09-16,14,Baaghi 4,254,2333,113
2025-09-16,15,Jujutsu Kaisen: Hidden Inventory/Premature Death - The Movie,234,34303,1970
2025-09-16,16,Lintrik,212,17988,777
2025-09-16,17,Operation Hadal,146,1728,213
2025-09-15,1,The Conjuring: Last Rites,56903,3047226,56222
2025-09-15,2,Sukma,41336,333999,8829
2025-09-15,3,Andai Ibu Tidak Menikah Dengan Ayah,26840,629478,19116
2025-09-15,4,Gereja Setan,19503,136693,4583
2025-09-15,5,Mama: Pesan Dari Neraka,8154,102035,6261
2025-09-15,6,The Long Walk,4034,50698,3984
2025-09-15,7,The Shadows Edge,3613,696190,19901
2025-09-15,8,Pencarian Terakhir,2907,429877,18333
2025-09-15,9,Red Sonja,2208,17373,1554
2025-09-15,10,Exit 8,1712,22152,1187
2025-09-15,11,Demon Slayer -Kimetsu No Yaiba- The Movie: Infinity Castle,1186,2495110,42265
2025-09-15,12,Siccin 8,1012,11099,776
2025-09-15,13,Menjelang Magrib 2: Wanita Yang Di Rantai,947,216594,5586
2025-09-15,14,Lintrik,488,17776,708
2025-09-15,15,Baaghi 4,300,2079,91
2025-09-15,16,Jujutsu Kaisen: Hidden Inventory/Premature Death - The Movie,235,34069,1929
2025-09-15,17,Operation Hadal,158,1582,188
2025-09-14,1,The Conjuring: Last Rites,129126,2990323,52988
2025-09-14,2,Sukma,70408,292663,6967
2025-09-14,3,Andai Ibu Tidak Menikah Dengan Ayah,47336,602638,17608
2025-09-14,4,Juara Sejati,30000,170000,11
2025-09-14,5,Gereja Setan,21687,117190,3568
2025-09-14,6,Mama: Pesan Dari Neraka,20564,93881,5411
2025-09-14,7,The Shadows Edge,10887,692577,19693
2025-09-14,8,The Long Walk,10218,46664,3458
2025-09-14,9,Menjelang Magrib 2: Wanita Yang Di Rantai,9351,215647,5496
2025-09-14,10,Red Sonja,6166,15165,1247
2025-09-14,11,Exit 8,6134,20440,978
2025-09-14,12,Demon Slayer -Kimetsu No Yaiba- The Movie: Infinity Castle,4182,2493924,42132
2025-09-14,13,Pencarian Terakhir,3400,426970,18182
2025-09-14,14,Siccin 8,2270,10087,651
2025-09-14,15,Jujutsu Kaisen: Hidden Inventory/Premature Death - The Movie,1076,33834,1886
2025-09-14,16,Lintrik,829,17288,635
2025-09-14,17,Baaghi 4,643,1779,69
2025-09-14,18,Operation Hadal,370,1424,163
2025-09-14,19,CHA EUN-WOO VR CONCERT: MEMORIES,80,307,40
2025-09-13,1,The Conjuring: Last Rites,206557,2861197,49648
2025-09-13,2,Sukma,64287,222255,5118
2025-09-13,3,Andai Ibu Tidak Menikah Dengan Ayah,55275,555302,16128
2025-09-13,4,Mama: Pesan Dari Neraka,20601,73317,4399
2025-09-13,5,Gereja Setan,19894,95503,2558
2025-09-13,6,The Long Walk,11643,36446,2959
2025-09-13,7,The Shadows Edge,11370,681690,19499
2025-09-13,8,Menjelang Magrib 2: Wanita Yang Di Rantai,9380,206296,5409
2025-09-13,9,Red Sonja,5576,8999,919
2025-09-13,10,Pencarian Terakhir,5148,423570,18036
2025-09-13,11,Exit 8,4939,14306,768
2025-09-13,12,Demon Slayer -Kimetsu No Yaiba- The Movie: Infinity Castle,4004,2489742,41982
2025-09-13,13,Siccin 8,3241,7817,510
2025-09-13,14,Lintrik,1806,16459,532
2025-09-13,15,Jujutsu Kaisen: Hidden Inventory/Premature Death - The Movie,1198,32758,1840
2025-09-13,16,Baaghi 4,746,1136,44
2025-09-13,17,Operation Hadal,456,1054,136
2025-09-13,18,CHA EUN-WOO VR CONCERT: MEMORIES,123,227,32
2025-09-12,1,The Conjuring: Last Rites,143336,2654640,46415
2025-09-12,2,Sukma,82689,157968,3317
2025-09-12,3,Gereja Setan,45081,75609,1446
2025-09-12,4,Andai Ibu Tidak Menikah Dengan Ayah,44189,500027,14706
2025-09-12,5,Mama: Pesan Dari Neraka,23448,52716,3232
2025-09-12,6,Menjelang Magrib 2: Wanita Yang Di Rantai,9713,196916,5327
2025-09-12,7,Lintrik,6093,14653,388
2025-09-12,8,The Long Walk,6030,24803,2498
2025-09-12,9,The Shadows Edge,4444,670320,19318
2025-09-12,10,Exit 8,3595,9367,590
2025-09-12,11,Red Sonja,3423,3423,569
2025-09-12,12,Pencarian Terakhir,3370,418422,17896
2025-09-12,13,Siccin 8,1976,4576,369
2025-09-12,14,Demon Slayer -Kimetsu No Yaiba- The Movie: Infinity Castle,1647,2485738,41839
2025-09-12,15,Jujutsu Kaisen: Hidden Inventory/Premature Death - The Movie,585,31560,1793
2025-09-12,16,Baaghi 4,390,390,20
2025-09-12,17,Operation Hadal,194,598,108
2025-09-12,18,CHA EUN-WOO VR CONCERT: MEMORIES,24,104,24
2025-09-11,1,The Conjuring: Last Rites,119009,2511304,43427
2025-09-11,2,Sukma,75279,75279,1622
2025-09-11,3,Andai Ibu Tidak Menikah Dengan Ayah,35131,455838,13418
2025-09-11,4,Gereja Setan,30528,30528,491
2025-09-11,5,Mama: Pesan Dari Neraka,29268,29268,1752
2025-09-11,6,Lintrik,8560,8560,202
2025-09-11,7,The Long Walk,8041,18773,1988
2025-09-11,8,Menjelang Magrib 2: Wanita Yang Di Rantai,4759,187203,5235
2025-09-11,9,Pencarian Terakhir,3832,415052,17734
2025-09-11,10,The Shadows Edge,3359,665876,19176
2025-09-11,11,Exit 8,2639,5772,415
2025-09-11,12,Siccin 8,2600,2600,210
2025-09-11,13,Demon Slayer -Kimetsu No Yaiba- The Movie: Infinity Castle,1451,2484091,41748
2025-09-11,14,Jujutsu Kaisen: Hidden Inventory/Premature Death - The Movie,346,30975,1753
2025-09-11,15,Agape The Unconditional Love,305,15491,1224
2025-09-11,16,Operation Hadal,206,404,77
2025-09-11,17,Dracula: A Love Tale,166,53570,4906
2025-09-11,18,CHA EUN-WOO VR CONCERT: MEMORIES,30,80,16
2025-09-10,1,The Conjuring: Last Rites,122424,2392295,40232
2025-09-10,2,Andai Ibu Tidak Menikah Dengan Ayah,42000,420707,12119
2025-09-10,3,Menjelang Magrib 2: Wanita Yang Di Rantai,26316,182444,5087
2025-09-10,4,The Long Walk,10732,10732,1232
2025-09-10,5,Pencarian Terakhir,10545,411220,17491
2025-09-10,6,The Shadows Edge,5332,662517,19011
2025-09-10,7,Labinak,4151,363672,13962
2025-09-10,8,Exit 8,3133,3133,243
2025-09-10,9,Demon Slayer -Kimetsu No Yaiba- The Movie: Infinity Castle,2692,2482640,41655
2025-09-10,10,"La Tahzan: Cinta, Dosa, Luka...",1813,878572,22316
2025-09-10,11,Agape The Unconditional Love,1051,15186,1197
2025-09-10,12,Jujutsu Kaisen: Hidden Inventory/Premature Death - The Movie,1004,30629,1714
2025-09-10,13,Materialists,337,74022,4406
2025-09-10,14,Dracula: A Love Tale,327,53404,4883
2025-09-10,15,Operation Hadal,198,198,42
2025-09-10,16,CHA EUN-WOO VR CONCERT: MEMORIES,50,50,8
2025-09-09,1,The Conjuring: Last Rites,150871,2269871,35569
2025-09-09,2,Andai Ibu Tidak Menikah Dengan Ayah,47764,378707,10482
2025-09-09,3,Menjelang Magrib 2: Wanita Yang Di Rantai,24581,156128,4515
2025-09-09,4,Pencarian Terakhir,12987,400675,16826
2025-09-09,5,The Shadows Edge,7748,657185,18740
2025-09-09,6,Demon Slayer -Kimetsu No Yaiba- The Movie: Infinity Castle,3344,2479948,41417
2025-09-09,7,"La Tahzan: Cinta, Dosa, Luka...",2453,876759,22222
2025-09-09,8,Jujutsu Kaisen: Hidden Inventory/Premature Death - The Movie,1737,29625,1589
2025-09-09,9,Agape The Unconditional Love,1125,14135,1102
2025-09-09,10,Dracula: A Love Tale,770,53077,4844
2025-09-09,11,Materialists,441,73685,4381
2025-09-09,12,Grave of The Fireflies,71,15111,1791
2025-09-08,1,The Conjuring: Last Rites,196000,2119000,30211
2025-09-08,2,Andai Ibu Tidak Menikah Dengan Ayah,44119,330943,8761
2025-09-08,3,Menjelang Magrib 2: Wanita Yang Di Rantai,30190,131547,3836
2025-09-08,4,Pencarian Terakhir,12593,387688,16046
2025-09-08,5,The Shadows Edge,6795,649437,18372
2025-09-08,6,Demon Slayer -Kimetsu No Yaiba- The Movie: Infinity Castle,4361,2476604,41117
2025-09-08,7,"La Tahzan: Cinta, Dosa, Luka...",2940,874306,22085
2025-09-08,8,Jujutsu Kaisen: Hidden Inventory/Premature Death - The Movie,2096,27888,1351
2025-09-08,9,Agape The Unconditional Love,1984,13010,983
2025-09-08,10,Dracula: A Love Tale,663,52307,4784
2025-09-08,11,Materialists,460,73244,4343
2025-09-08,12,Grave of The Fireflies,96,15040,1761
2025-09-07,1,The Conjuring: Last Rites,321000,1923000,24815
2025-09-07,2,Andai Ibu Tidak Menikah Dengan Ayah,66809,286824,7080
2025-09-07,3,Juara Sejati,30000,140000,10
2025-09-07,4,Menjelang Magrib 2: Wanita Yang Di Rantai,25805,101357,3138
2025-09-07,5,Pencarian Terakhir,22886,375095,15241
2025-09-07,6,The Shadows Edge,22690,642642,18001
2025-09-07,7,Demon Slayer -Kimetsu No Yaiba- The Movie: Infinity Castle,11701,2472243,40821
2025-09-07,8,Jujutsu Kaisen: Hidden Inventory/Premature Death - The Movie,5212,25792,1103
2025-09-07,9,"La Tahzan: Cinta, Dosa, Luka...",3571,871366,21956
2025-09-07,10,Agape The Unconditional Love,3529,11026,862
2025-09-07,11,Dracula: A Love Tale,1651,51644,4732
2025-09-07,12,Materialists,1339,72784,4307
2025-09-07,13,Grave of The Fireflies,684,14944,1729
2025-09-07,14,Mocca: Life In Bloom,54,358,142
2025-09-06,1,The Conjuring: Last Rites,423000,1602000,19212
2025-09-06,2,Andai Ibu Tidak Menikah Dengan Ayah,67516,220015,5382
2025-09-06,3,Pencarian Terakhir,24848,352209,14462
2025-09-06,4,Menjelang Magrib 2: Wanita Yang Di Rantai,24033,75552,2422
2025-09-06,5,The Shadows Edge,22168,619952,17651
2025-09-06,6,Demon Slayer -Kimetsu No Yaiba- The Movie: Infinity Castle,16268,2460542,40533
2025-09-06,7,Jujutsu Kaisen: Hidden Inventory/Premature Death - The Movie,6701,20580,792
2025-09-06,8,"La Tahzan: Cinta, Dosa, Luka...",5489,867795,21820
2025-09-06,9,Agape The Unconditional Love,2443,7497,740
2025-09-06,10,Materialists,1873,71445,4267
2025-09-06,11,Dracula: A Love Tale,1689,49993,4677
2025-09-06,12,Grave of The Fireflies,691,14260,1695
2025-09-06,13,Mocca: Life In Bloom,78,304,121
2025-09-05,1,The Conjuring: Last Rites,529000,1179000,13625
2025-09-05,2,Andai Ibu Tidak Menikah Dengan Ayah,76970,152499,3671
2025-09-05,3,Menjelang Magrib 2: Wanita Yang Di Rantai,30680,51519,1663
2025-09-05,4,Pencarian Terakhir,27340,327361,13678
2025-09-05,5,The Shadows Edge,26382,597784,17355
2025-09-05,6,Demon Slayer -Kimetsu No Yaiba- The Movie: Infinity Castle,15746,2444274,40285
2025-09-05,7,Jujutsu Kaisen: Hidden Inventory/Premature Death - The Movie,13879,13879,431
2025-09-05,8,"La Tahzan: Cinta, Dosa, Luka...",7689,862306,21665
2025-09-05,9,Agape The Unconditional Love,2717,5054,601
2025-09-05,10,Dracula: A Love Tale,2573,48304,4624
2025-09-05,1,The Conjuring: Last Rites,529000,1179000,13625
2025-09-05,2,Andai Ibu Tidak Menikah Dengan Ayah,76970,152499,3671
2025-09-05,3,Menjelang Magrib 2: Wanita Yang Di Rantai,30680,51519,1663
2025-09-05,4,Pencarian Terakhir,27340,327361,13678
2025-09-05,5,The Shadows Edge,26382,597784,17355
2025-09-05,6,Demon Slayer -Kimetsu No Yaiba- The Movie: Infinity Castle,15746,2444274,40285
2025-09-05,7,Jujutsu Kaisen: Hidden Inventory/Premature Death - The Movie,13879,13879,431
2025-09-05,8,"La Tahzan: Cinta, Dosa, Luka...",7689,862306,21665
2025-09-05,9,Agape The Unconditional Love,2717,5054,601
2025-09-05,10,Dracula: A Love Tale,2573,48304,4624
2025-09-04,1,The Conjuring: Last Rites,529000,1179000,13625
2025-09-04,2,Andai Ibu Tidak Menikah Dengan Ayah,76970,152499,3671
2025-09-04,3,Menjelang Magrib 2: Wanita Yang Di Rantai,30680,51519,1663
2025-09-04,4,Pencarian Terakhir,27340,327361,13678
2025-09-04,5,The Shadows Edge,26382,597784,17355
2025-09-04,6,Demon Slayer -Kimetsu No Yaiba- The Movie: Infinity Castle,15746,2444274,40285
2025-09-04,7,Jujutsu Kaisen: Hidden Inventory/Premature Death - The Movie,13879,13879,431
2025-09-04,8,"La Tahzan: Cinta, Dosa, Luka...",7689,862306,21665
2025-09-04,9,Agape The Unconditional Love,2717,5054,601
2025-09-04,10,Dracula: A Love Tale,2573,48304,4624
2025-09-03,1,The Conjuring: Last Rites,322000,322000,3665
2025-09-03,2,Pencarian Terakhir,23929,282075,11724
2025-09-03,3,Pamali: Tumbal,21715,367103,9273
2025-09-03,4,"La Tahzan: Cinta, Dosa, Luka...",12901,849099,21186
2025-09-03,5,The Shadows Edge,12458,559432,16731
2025-09-03,6,Demon Slayer -Kimetsu No Yaiba- The Movie: Infinity Castle,10240,2421028,39840
2025-09-03,7,Labinak,6928,358346,13716
2025-09-03,8,Dracula: A Love Tale,3914,44446,4455
2025-09-03,9,Weapons,3405,1023406,24739
2025-09-03,10,Panggil Aku Ayah,3097,866161,26892
2025-09-02,1,The Conjuring: Last Rites,322000,322000,3665
2025-09-02,2,Pencarian Terakhir,23929,282075,11724
2025-09-02,3,Pamali: Tumbal,21715,367103,9273
2025-09-02,4,"La Tahzan: Cinta, Dosa, Luka...",12901,849099,21186
2025-09-02,5,The Shadows Edge,12458,559432,16731
2025-09-02,6,Demon Slayer -Kimetsu No Yaiba- The Movie: Infinity Castle,10240,2421028,39840
2025-09-02,7,Labinak,6928,358346,13716
2025-09-02,8,Dracula: A Love Tale,3914,44446,4455
2025-09-02,9,Weapons,3405,1023406,24739
2025-09-02,10,Panggil Aku Ayah,3097,866161,26892
2025-09-01,1,Pencarian Terakhir,30036,230115,8307
2025-09-01,2,Demon Slayer -Kimetsu No Yaiba- The Movie: Infinity Castle,16614,2392464,38007
2025-09-01,3,"La Tahzan: Cinta, Dosa, Luka...",15207,815776,19522
2025-09-01,4,The Shadows Edge,14724,529752,15027
2025-09-01,5,Labinak,9259,342038,12480
2025-09-01,6,Weapons,6582,1011257,24138
2025-09-01,7,Dracula: A Love Tale,5794,34512,3201
2025-09-01,8,Panggil Aku Ayah,3854,858731,26289
2025-09-01,9,Lebih Dari Selamanya,2364,27493,2924
2025-09-01,10,Materialists,1174,63873,3903
2025-09-01,1,Pencarian Terakhir,30036,230115,8307
2025-09-01,2,Demon Slayer -Kimetsu No Yaiba- The Movie: Infinity Castle,16614,2392464,38007
2025-09-01,3,"La Tahzan: Cinta, Dosa, Luka...",15207,815776,19522
2025-09-01,4,The Shadows Edge,14724,529752,15027
2025-09-01,5,Labinak,9259,342038,12480
2025-09-01,6,Weapons,6582,1011257,24138
2025-09-01,7,Dracula: A Love Tale,5794,34512,3201
2025-09-01,8,Panggil Aku Ayah,3854,858731,26289
2025-09-01,9,Lebih Dari Selamanya,2364,27493,2924
2025-09-01,10,Materialists,1174,63873,3903
2025-05-24,1,Mission: Impossible - The Final Reckoning,281322,846053,10559
2025-05-24,2,Lilo & Stitch,108151,247230,5618
2025-05-24,3,Final Destination: Bloodlines,77017,1404952,28546
2025-05-24,4,Gundik,64204,186232,4142
2025-05-24,5,Jumbo,29021,9897319,91510
2025-05-24,6,Cocote Tonggo,13253,195199,5231
2025-05-24,7,Pembantaian Dukun Santet,3495,721202,13859
2025-05-24,8,Thunderbolts*,1559,1483822,24667
2025-05-24,9,Angkara Murka,1496,7145,587
2025-05-24,10,Dasim,903,196996,6878
2025-05-24,11,COLORFUL STAGE! The Movie: A Miku Who Cant Sing,685,65754,18
2025-05-24,12,Insya Allah Berkah,672,5005,524
2025-05-24,13,Sayap Sayap Patah 2: Olivia,464,256204,6094
2025-05-24,14,Bhool Chuk Maaf,210,340,31
