date,rank,title,daily_admission,total_admission,showtimes
2024-09-30,1,Sumala,89878,506288,10829
2024-09-30,2,Home Sweet Loan,88663,457499,11913
2024-09-30,3,Lembayung,58908,1186119,26808
2024-09-30,4,Transformers One,7089,567824,26146
2024-09-30,5,Laura,6748,1239391,40026
2024-09-30,6,Tulang Belulang Tulang,5114,41988,1056
2024-09-30,7,Hellboy: The Crooked Man,3210,148052,9841
2024-09-30,8,"I, The Executioner: A Veteran Story",3128,50898,3869
2024-09-30,9,Bagman,2257,23846,2617
2024-09-30,10,Seni Memahami Kekasih,1478,406666,12912
2024-09-30,11,Kaka Boss,1099,856268,31114
2024-09-30,12,Kang Mak (From Pee Mak),815,4859324,113121
2024-09-29,1,Lembayung,126671,1127211,24769
2024-09-29,2,Sumala,116325,416410,8419
2024-09-29,3,Home Sweet Loan,88907,368836,9290
2024-09-29,4,Transformers One,23337,560735,25601
2024-09-29,5,Tulang Belulang Tulang,12968,36874,836
2024-09-29,6,"I, The Executioner: A Veteran Story",10569,47770,3481
2024-09-29,7,Dul Muluk Dul Malik,10420,73335,1351
2024-09-29,8,Laura,9912,1232643,39649
2024-09-29,9,Hellboy: The Crooked Man,8712,144842,9417
2024-09-29,10,Bagman,5308,21589,2283
2024-09-29,11,JUNG KOOK: I AM STILL,3442,49615,909
2024-09-29,12,Seni Memahami Kekasih,2929,405188,12825
2024-09-29,13,Kaka Boss,1984,855169,31066
2024-09-29,14,Kang Mak (From Pee Mak),1756,4858509,113079
2024-09-29,15,Sekawan Limo,1588,2511899,54088
2024-09-29,16,Speak No Evil,1539,100956,5971
2024-09-29,17,Kupu-Kupu Kertas,1424,180956,4506
2024-09-29,18,Ipar Adalah Maut,523,4776380,81148
2024-09-29,19,Uang Panai 2,481,300789,4935
2024-09-29,20,Vina: Sebelum 7 Hari,420,5815912,84949
2024-09-29,21,The Forge,315,894,220
2024-09-29,22,The Torture: Beranak Dalam Kubur,58,970,498
2024-09-28,1,Sumala,129521,300085,6059
2024-09-28,2,Home Sweet Loan,99918,279929,6619
2024-09-28,3,Lembayung,86587,1000540,22790
2024-09-28,4,Transformers One,28326,537398,25028
2024-09-28,5,Laura,12969,1222731,39255
2024-09-28,6,Tulang Belulang Tulang,12771,23906,627
2024-09-28,7,"I, The Executioner: A Veteran Story",10786,37201,3075
2024-09-28,8,Hellboy: The Crooked Man,9013,136130,9039
2024-09-28,9,Bagman,8100,16281,1953
2024-09-28,10,JUNG KOOK: I AM STILL,5121,46173,808
2024-09-28,11,Seni Memahami Kekasih,3852,402259,12744
2024-09-28,12,Kupu-Kupu Kertas,3682,179532,4292
2024-09-28,13,Kaka Boss,2122,853185,31020
2024-09-28,14,Kang Mak (From Pee Mak),2093,4856753,113036
2024-09-28,15,Speak No Evil,1990,99417,5911
2024-09-28,16,The Forge,201,579,181
2024-09-27,1,Home Sweet Loan,104579,180011,3815
2024-09-27,2,Sumala,87544,170564,3717
2024-09-27,3,Lembayung,63296,913953,20828
2024-09-27,4,Kupu-Kupu Kertas,20924,175850,3765
2024-09-27,5,Laura,12330,1209762,38810
2024-09-27,6,Transformers One,7436,509072,24509
2024-09-27,7,"I, The Executioner: A Veteran Story",7268,26415,2665
2024-09-27,8,Tulang Belulang Tulang,6958,11135,399
2024-09-27,9,Seni Memahami Kekasih,4104,398407,12649
2024-09-27,10,Hellboy: The Crooked Man,4029,127117,8688
2024-09-27,11,JUNG KOOK: I AM STILL,2661,41052,705
2024-09-27,12,Bagman,2245,8181,1581
2024-09-27,13,Kaka Boss,1529,851063,30974
2024-09-27,14,Kang Mak (From Pee Mak),1495,4854660,112993
2024-09-27,15,Speak No Evil,992,97427,5853
2024-09-27,16,The Forge,119,378,140
2024-09-26,1,Lembayung,92637,850657,18908
2024-09-26,2,Sumala,83020,83020,1583
2024-09-26,3,Home Sweet Loan,75432,75432,1298
2024-09-26,4,Kupu-Kupu Kertas,34173,154926,3239
2024-09-26,5,Laura,27214,1197432,38238
2024-09-26,6,Dul Muluk Dul Malik,17465,62915,1203
2024-09-26,7,Transformers One,7148,501636,24162
2024-09-26,8,"I, The Executioner: A Veteran Story",6158,19147,2155
2024-09-26,9,Hellboy: The Crooked Man,5428,123088,8285
2024-09-26,10,Tulang Belulang Tulang,4177,4177,186
2024-09-26,11,Kang Mak (From Pee Mak),4080,4853165,112934
2024-09-26,12,Kaka Boss,3924,849534,30917
2024-09-26,13,Seni Memahami Kekasih,3704,394303,12542
2024-09-26,14,Malam Keramat,2516,217519,4684
2024-09-26,15,Bagman,1840,5936,1378
2024-09-26,16,Speak No Evil,913,96435,5787
2024-09-26,17,Uang Panai 2,300,300308,4928
2024-09-26,18,Thaghut,296,925991,30813
2024-09-26,19,The Forge,29,259,99
2024-09-25,1,Lembayung,85477,758020,17105
2024-09-25,2,Laura,41751,1170218,37272
2024-09-25,3,"I, The Executioner: A Veteran Story",12989,12989,1441
2024-09-25,4,Transformers One,8785,494488,23755
2024-09-25,5,Hellboy: The Crooked Man,8299,117660,7783
2024-09-25,6,Seni Memahami Kekasih,5452,390599,12398
2024-09-25,7,Bagman,4096,4096,912
2024-09-25,8,Kang Mak (From Pee Mak),3759,4849085,112837
2024-09-25,9,Kaka Boss,2133,845610,30825
2024-09-25,10,Speak No Evil,1372,95522,5699
2024-09-25,11,Thaghut,514,925695,30807
2024-09-25,12,Never Let Go,478,34035,4858
2024-09-25,13,The Forge,230,230,89
2024-09-24,1,Lembayung,70537,672543,14491
2024-09-24,2,Laura,38223,1128467,35513
2024-09-24,3,Transformers One,11230,485703,22990
2024-09-24,4,Hellboy: The Crooked Man,9590,109361,6929
2024-09-24,5,Seni Memahami Kekasih,6108,385147,12045
2024-09-24,6,Kang Mak (From Pee Mak),4656,4845326,112543
2024-09-24,7,Speak No Evil,3495,94150,5542
2024-09-24,8,Kaka Boss,3378,843477,30658
2024-09-24,9,Never Let Go,1360,33557,4772
2024-09-24,10,Oddity,561,3670,633
2024-09-24,11,Thaghut,558,925181,30740
2024-09-24,12,Haunted Universities Trilogy,245,3577,600
2024-09-23,1,Lembayung,101480,602006,11760
2024-09-23,2,Laura,51193,1090244,33474
2024-09-23,3,Transformers One,12180,474473,21800
2024-09-23,4,Hellboy: The Crooked Man,12065,99771,5623
2024-09-23,5,Seni Memahami Kekasih,7667,379039,11628
2024-09-23,6,Kang Mak (From Pee Mak),4850,4840670,112115
2024-09-23,7,Kaka Boss,3424,840099,30395
2024-09-23,8,Speak No Evil,2469,90655,5146
2024-09-23,9,Thaghut,1897,924623,30607
2024-09-23,10,Never Let Go,1669,32197,4361
2024-09-23,11,Oddity,557,3109,517
2024-09-23,12,Haunted Universities Trilogy,298,3332,538
2024-09-22,1,Lembayung,175281,500526,9053
2024-09-22,2,Laura,39103,1039051,31351
2024-09-22,3,Transformers One,36719,462293,20531
2024-09-22,4,Hellboy: The Crooked Man,29651,87706,4243
2024-09-22,5,Dul Muluk Dul Malik,29091,45450,832
2024-09-22,6,Seni Memahami Kekasih,15706,371372,11199
2024-09-22,7,Kang Mak (From Pee Mak),12560,4835820,111664
2024-09-22,8,JUNG KOOK: I AM STILL,8218,38391,611
2024-09-22,9,Kaka Boss,8006,836675,30121
2024-09-22,10,Malam Keramat,7121,215003,4577
2024-09-22,11,Never Let Go,5010,30528,3914
2024-09-22,12,Speak No Evil,4954,88186,4865
2024-09-22,13,Thaghut,3215,922726,30445
2024-09-22,14,Sekawan Limo,1881,2510311,53952
2024-09-22,15,Oddity,1015,2552,400
2024-09-22,16,Ipar Adalah Maut,722,4775857,81062
2024-09-22,17,Haunted Universities Trilogy,483,3034,474
2024-09-22,18,Uang Panai 2,471,300008,4917
2024-09-22,19,The Torture: Beranak Dalam Kubur,295,912,266
2024-09-22,20,Roman Peony,241,1336,623
2024-09-21,1,Lembayung,109780,325245,6556
2024-09-21,2,Laura,49978,999948,29328
2024-09-21,3,Transformers One,43942,425574,19274
2024-09-21,4,Hellboy: The Crooked Man,34376,58055,2838
2024-09-21,5,Seni Memahami Kekasih,17262,355666,10821
2024-09-21,6,Kang Mak (From Pee Mak),14902,4823260,111228
2024-09-21,7,JUNG KOOK: I AM STILL,10575,30173,484
2024-09-21,8,Kaka Boss,9744,828669,29863
2024-09-21,9,Speak No Evil,7307,83232,4622
2024-09-21,10,Never Let Go,6660,25518,3482
2024-09-21,11,Thaghut,3223,919511,30272
2024-09-21,12,Malam Keramat,2125,207882,4542
2024-09-21,13,Oddity,951,1537,289
2024-09-21,14,Haunted Universities Trilogy,591,2551,405
2024-09-21,15,Roman Peony,242,1095,587
2024-09-20,1,Lembayung,115437,215465,3886
2024-09-20,2,Laura,42094,949970,27080
2024-09-20,3,Hellboy: The Crooked Man,23679,23679,1375
2024-09-20,4,Transformers One,13020,381632,18084
2024-09-20,5,Seni Memahami Kekasih,9434,338404,10415
2024-09-20,6,Kang Mak (From Pee Mak),8700,4808358,110778
2024-09-20,7,Kaka Boss,5686,818925,29607
2024-09-20,8,Thaghut,5561,916288,30066
2024-09-20,9,JUNG KOOK: I AM STILL,4985,19598,350
2024-09-20,10,Speak No Evil,3337,75925,4382
2024-09-20,11,Never Let Go,3289,18858,2981
2024-09-20,12,Malam Keramat,2069,205757,4480
2024-09-20,13,Oddity,586,586,156
2024-09-20,14,Haunted Universities Trilogy,321,1960,335
2024-09-20,15,The Torture: Beranak Dalam Kubur,258,617,155
2024-09-20,16,Roman Peony,131,853,494
2024-10-31,1,Venom: The Last Dance,66952,1166037,27031
2024-10-31,2,Perewangan,50156,415942,12603
2024-10-31,3,Dosa Musyrik,26370,26370,1193
2024-10-31,4,Bolehkah Sekali Saja Kumenangis,19701,927378,25034
2024-10-31,5,"Aku Jati, Aku Asperger",9092,9092,1254
2024-10-31,6,My Annoying Brother,6374,203404,8764
2024-10-31,7,YOU WILL DIE IN 6 HOURS,6307,14691,772
2024-10-31,8,The Wild Robot,4412,421330,12503
2024-10-31,9,Kemah Terlarang Kesurupan Massal,4202,797810,19656
2024-10-31,10,Lembayung,3219,1654048,39342
2024-10-31,11,Kuasa Gelap,2842,1438996,30984
2024-10-31,12,Home Sweet Loan,2757,1717346,42676
2024-10-31,13,Tebusan Dosa,1643,158034,6091
2024-10-31,14,Koma - Berhenti Sebelum Mati,1180,1180,123
2024-10-31,15,Sang Pengadil,1130,42549,2840
2024-10-31,16,Here,1093,3466,1167
2024-10-31,17,Weekend In Taipei,934,119279,5334
2024-10-31,18,Sana: Let Me Hear,286,720,148
2024-10-30,1,Venom: The Last Dance,72890,1099085,24368
2024-10-30,2,Perewangan,39481,365786,11393
2024-10-30,3,Bolehkah Sekali Saja Kumenangis,28265,907677,24090
2024-10-30,4,My Annoying Brother,15419,197030,8390
2024-10-30,5,YOU WILL DIE IN 6 HOURS,8384,8384,514
2024-10-30,6,Kemah Terlarang Kesurupan Massal,6787,793608,19375
2024-10-30,7,The Wild Robot,5658,416918,12224
2024-10-30,8,Kuasa Gelap,4426,1436154,30841
2024-10-30,9,Here,2373,2373,893
2024-10-30,10,Weekend In Taipei,940,118345,5252
2024-10-30,11,The Substance,902,34536,1618
2024-10-30,12,Sana: Let Me Hear,434,434,87
2024-10-30,13,Panda Plan,387,429535,13494
2024-10-29,1,Venom: The Last Dance,85590,1026195,21287
2024-10-29,2,Perewangan,40038,326305,10091
2024-10-29,3,Bolehkah Sekali Saja Kumenangis,31092,879412,22717
2024-10-29,4,My Annoying Brother,29781,181611,7477
2024-10-29,5,Kemah Terlarang Kesurupan Massal,7581,786821,18977
2024-10-29,6,The Wild Robot,6067,411260,11893
2024-10-29,7,Kuasa Gelap,5442,1431728,30614
2024-10-29,8,Weekend In Taipei,1245,117405,5148
2024-10-29,9,The Substance,1132,33634,1564
2024-10-29,10,Panda Plan,637,429148,13451
2024-10-29,11,Smile 2,575,80337,3394
2024-10-29,12,Trapezium,89,866,125
2024-10-28,1,Venom: The Last Dance,89293,940605,17978
2024-10-28,2,Perewangan,44969,286267,8420
2024-10-28,3,Bolehkah Sekali Saja Kumenangis,32113,848320,21332
2024-10-28,4,My Annoying Brother,29018,151830,6341
2024-10-28,5,Kemah Terlarang Kesurupan Massal,8487,779240,18509
2024-10-28,6,The Wild Robot,7469,405193,11460
2024-10-28,7,Kuasa Gelap,6441,1426286,30285
2024-10-28,8,The Substance,1387,32502,1490
2024-10-28,9,Weekend In Taipei,1198,116160,4986
2024-10-28,10,Panda Plan,762,428511,13359
2024-10-28,11,Smile 2,679,79762,3357
2024-10-28,12,Trapezium,116,777,113
2024-10-27,1,Venom: The Last Dance,189067,851312,14741
2024-10-27,2,Bolehkah Sekali Saja Kumenangis,51866,816207,20016
2024-10-27,3,Perewangan,41458,241298,6960
2024-10-27,4,My Annoying Brother,36196,122812,5277
2024-10-27,5,The Wild Robot,35917,397724,11052
2024-10-27,6,Kemah Terlarang Kesurupan Massal,19492,770753,18075
2024-10-27,7,Kuasa Gelap,11125,1419845,29951
2024-10-27,8,Weekend In Taipei,3636,114962,4809
2024-10-27,9,Home Sweet Loan,2889,1714589,42421
2024-10-27,10,The Substance,2579,31115,1417
2024-10-27,11,Panda Plan,2523,427749,13275
2024-10-27,12,Tebusan Dosa,1920,156391,5926
2024-10-27,13,Smile 2,1489,79083,3318
2024-10-27,14,Sang Pengadil,1436,41419,2621
2024-10-27,15,Sumala,1246,1430075,32172
2024-10-27,16,Trapezium,176,661,95
2024-10-26,1,Venom: The Last Dance,233751,662245,11329
2024-10-26,2,Bolehkah Sekali Saja Kumenangis,60209,764341,18618
2024-10-26,3,Perewangan,47342,199840,5387
2024-10-26,4,My Annoying Brother,30589,86616,4088
2024-10-26,5,The Wild Robot,30028,361807,10495
2024-10-26,6,Kemah Terlarang Kesurupan Massal,16415,751261,17616
2024-10-26,7,Kuasa Gelap,12086,1408720,29617
2024-10-26,8,Weekend In Taipei,3692,111326,4637
2024-10-26,9,Home Sweet Loan,3515,1711700,42324
2024-10-26,10,The Substance,2557,28536,1349
2024-10-26,11,Panda Plan,2239,425226,13192
2024-10-26,12,Sang Pengadil,2206,39983,2414
2024-10-26,13,Smile 2,1850,77594,3283
2024-10-26,14,Tebusan Dosa,1722,154471,5847
2024-10-26,15,Trapezium,222,485,69
2024-10-25,1,Venom: The Last Dance,125713,428494,8094
2024-10-25,2,Perewangan,81315,152498,3589
2024-10-25,3,Bolehkah Sekali Saja Kumenangis,46083,704132,17232
2024-10-25,4,My Annoying Brother,14740,56027,2898
2024-10-25,5,Kemah Terlarang Kesurupan Massal,13332,734846,17195
2024-10-25,6,The Wild Robot,8290,331779,10133
2024-10-25,7,Kuasa Gelap,7670,1396634,29291
2024-10-25,8,Sang Pengadil,6522,37777,1963
2024-10-25,9,Home Sweet Loan,1640,1708185,42219
2024-10-25,10,The Substance,1618,25979,1288
2024-10-25,11,Weekend In Taipei,1191,107634,4463
2024-10-25,12,Smile 2,1152,75744,3255
2024-10-25,13,Tebusan Dosa,941,152749,5754
2024-10-25,14,Panda Plan,841,422987,13120
2024-10-25,15,Trapezium,263,263,32
2024-10-24,1,Venom: The Last Dance,87620,302781,4959
2024-10-24,2,Perewangan,71183,71183,1959
2024-10-24,3,Bolehkah Sekali Saja Kumenangis,49499,658049,15854
2024-10-24,4,My Annoying Brother,41287,41287,1651
2024-10-24,5,Sang Pengadil,31255,31255,1117
2024-10-24,6,Kemah Terlarang Kesurupan Massal,14554,721514,16808
2024-10-24,7,Kuasa Gelap,8360,1388964,29015
2024-10-24,8,Sumala,7353,1428829,32134
2024-10-24,9,The Wild Robot,4573,323489,9955
2024-10-24,10,Home Sweet Loan,3729,1706545,42147
2024-10-24,11,Pulau Hantu,2233,180183,5603
2024-10-24,12,The Substance,1788,24361,1237
2024-10-24,13,Tebusan Dosa,1224,151808,5696
2024-10-24,14,Smile 2,922,74592,3225
2024-10-24,15,Weekend In Taipei,829,106443,4390
2024-10-24,16,Panda Plan,556,422146,13069
2024-10-23,1,Venom: The Last Dance,215161,215161,2770
2024-10-23,2,Bolehkah Sekali Saja Kumenangis,50855,608550,14749
2024-10-23,3,Kemah Terlarang Kesurupan Massal,21884,706960,16499
2024-10-23,4,Kuasa Gelap,19578,1380604,28775
2024-10-23,5,Home Sweet Loan,7711,1702816,42045
2024-10-23,6,The Wild Robot,5152,318916,9785
2024-10-23,7,Tebusan Dosa,5033,150584,5605
2024-10-23,8,Smile 2,2606,73670,3183
2024-10-23,9,Weekend In Taipei,2428,105614,4342
2024-10-23,10,Panda Plan,1359,421590,13030
2024-10-23,11,The Substance,1146,22573,1164
2024-10-23,12,Canary Black,279,74003,4046
2024-10-22,1,Bolehkah Sekali Saja Kumenangis,61497,557695,13135
2024-10-22,2,Kemah Terlarang Kesurupan Massal,27827,685076,15689
2024-10-22,3,Kuasa Gelap,21440,1361026,28183
2024-10-22,4,Home Sweet Loan,14150,1695105,41675
2024-10-22,5,The Wild Robot,11216,313764,9429
2024-10-22,6,Weekend In Taipei,8242,103186,4099
2024-10-22,7,Tebusan Dosa,7914,145551,5158
2024-10-22,8,Smile 2,6152,71064,3041
2024-10-22,9,Panda Plan,4873,420231,12911
2024-10-22,10,The Substance,1748,21427,1050
2024-10-22,11,Canary Black,1207,73724,4014
2024-10-22,12,Putri Bintang Lima,222,673,478
2024-10-21,1,Bolehkah Sekali Saja Kumenangis,72649,496198,10550
2024-10-21,2,Kemah Terlarang Kesurupan Massal,27091,657249,14388
2024-10-21,3,Kuasa Gelap,24644,1339586,27098
2024-10-21,4,Home Sweet Loan,13346,1680955,40818
2024-10-21,5,Tebusan Dosa,12533,137637,4178
2024-10-21,6,The Wild Robot,11610,302548,8567
2024-10-21,7,Weekend In Taipei,8221,94944,3206
2024-10-21,8,Smile 2,6783,64912,2580
2024-10-21,9,Panda Plan,6116,415358,12377
2024-10-21,10,The Substance,2508,19679,858
2024-10-21,11,Canary Black,1055,72517,3869
2024-10-20,1,Bolehkah Sekali Saja Kumenangis,96726,423549,8013
2024-10-20,2,Kemah Terlarang Kesurupan Massal,55611,630158,13090
2024-10-20,3,The Wild Robot,46179,290938,7754
2024-10-20,4,Kuasa Gelap,39106,1314942,26020
2024-10-20,5,Home Sweet Loan,28586,1667609,39995
2024-10-20,6,Weekend In Taipei,26602,86723,2328
2024-10-20,7,Panda Plan,24892,409242,11822
2024-10-20,8,Tebusan Dosa,21783,125104,3109
2024-10-20,9,Smile 2,15460,58129,2140
2024-10-20,10,Dul Muluk Dul Malik,9999,93752,1652
2024-10-20,11,Sumala,9647,1421476,31586
2024-10-20,12,Buku Harianku,8978,121122,27
2024-10-20,13,The Substance,4306,17171,681
2024-10-20,14,Canary Black,2145,71462,3720
2024-10-20,15,Pulau Hantu,1949,177950,5464
2024-10-20,16,TAEYONG: TY TRACK IN CINEMAS,866,6035,315
2024-10-20,17,Tulang Belulang Tulang,831,72662,1929
2024-10-20,18,Putri Bintang Lima,305,451,366
2024-10-20,19,Taklee Genesis,34,131,87
2024-10-19,1,Bolehkah Sekali Saja Kumenangis,116648,326823,5330
2024-10-19,2,Kemah Terlarang Kesurupan Massal,54438,574547,11825
2024-10-19,3,Kuasa Gelap,45366,1275836,24953
2024-10-19,4,The Wild Robot,45213,244759,6876
2024-10-19,5,Home Sweet Loan,33781,1639023,39155
2024-10-19,6,Weekend In Taipei,26773,60121,1446
2024-10-19,7,Tebusan Dosa,25811,103321,1979
2024-10-19,8,Panda Plan,19569,384350,11275
2024-10-19,9,Smile 2,19429,42669,1684
2024-10-19,10,Sumala,8480,1411829,31368
2024-10-19,11,The Substance,5159,12865,511
2024-10-19,12,Canary Black,2934,69317,3585
2024-10-19,13,TAEYONG: TY TRACK IN CINEMAS,2700,5169,244
2024-10-19,14,Lembayung,1532,1650829,39144
2024-10-19,15,Pulau Hantu,1285,176001,5413
2024-10-19,16,Taklee Genesis,65,97,63
2024-10-18,1,Bolehkah Sekali Saja Kumenangis,80055,210175,2588
2024-10-18,2,Tebusan Dosa,42492,77510,778
2024-10-18,3,Kemah Terlarang Kesurupan Massal,38332,520109,10604
2024-10-18,4,Kuasa Gelap,32492,1230470,23911
2024-10-18,5,Home Sweet Loan,23638,1605242,38312
2024-10-18,6,The Wild Robot,16860,199546,6164
2024-10-18,7,Weekend In Taipei,12847,33348,562
2024-10-18,8,Smile 2,8551,23240,1227
2024-10-18,9,Panda Plan,7410,364781,10850
2024-10-18,10,Sumala,2992,1403349,31153
2024-10-18,11,The Substance,2800,7706,368
2024-10-18,12,Canary Black,1705,66383,3418
2024-10-18,13,Pulau Hantu,1028,174716,5355
2024-10-18,14,Lembayung,1004,1649297,39097
2024-10-18,15,TAEYONG: TY TRACK IN CINEMAS,663,2469,160
2024-10-18,16,Taklee Genesis,32,32,33
2024-10-17,1,Bolehkah Sekali Saja Kumenangis,130120,130120,1460
2024-10-17,2,Tebusan Dosa,35018,35018,550
2024-10-17,3,Kemah Terlarang Kesurupan Massal,32991,481777,10336
2024-10-17,4,Kuasa Gelap,31060,1197978,23640
2024-10-17,5,Home Sweet Loan,16249,1581604,38004
2024-10-17,6,Weekend In Taipei,9677,20501,557
2024-10-17,7,The Wild Robot,9194,182686,5969
2024-10-17,8,Panda Plan,6517,357371,10824
2024-10-17,9,Smile 2,5771,14689,1017
2024-10-17,10,Sumala,5280,1400357,31123
2024-10-17,11,The Substance,2659,4906,254
2024-10-17,12,Lembayung,1422,1648293,39092
2024-10-17,13,Canary Black,1393,64678,3418
2024-10-17,14,Pulau Hantu,1150,173688,5339
2024-10-17,15,Tulang Belulang Tulang,564,71831,1923
2024-10-17,16,TAEYONG: TY TRACK IN CINEMAS,418,1806,103
2024-10-17,17,Putri Bintang Lima,146,146,165
2024-10-16,1,Kemah Terlarang Kesurupan Massal,45958,448786,9669
2024-10-16,2,Kuasa Gelap,38420,1166918,23104
2024-10-16,3,Home Sweet Loan,27559,1565355,37548
2024-10-16,4,The Wild Robot,13505,173492,5732
2024-10-16,5,Sumala,13404,1395077,31001
2024-10-16,6,Weekend In Taipei,10824,10824,315
2024-10-16,7,Smile 2,8918,8918,743
2024-10-16,8,Panda Plan,8169,350854,10715
2024-10-16,9,Pulau Hantu,4928,172538,5283
2024-10-16,10,Lembayung,2946,1646871,39064
2024-10-16,11,Canary Black,2596,63285,3389
2024-10-16,12,The Substance,2247,2247,126
2024-10-16,13,TAEYONG: TY TRACK IN CINEMAS,1388,1388,75
2024-10-15,1,Kemah Terlarang Kesurupan Massal,40699,402828,8661
2024-10-15,2,Kuasa Gelap,37798,1128498,22255
2024-10-15,3,Home Sweet Loan,25619,1537796,36656
2024-10-15,4,Sumala,13264,1381673,30643
2024-10-15,5,The Wild Robot,12897,159987,5221
2024-10-15,6,Panda Plan,10089,342685,10566
2024-10-15,7,Pulau Hantu,6981,167610,5059
2024-10-15,8,Canary Black,6716,60689,3285
2024-10-15,9,Lembayung,4254,1643925,38969
2024-10-15,10,Love In The Big City,730,9697,896
2024-10-14,1,Kuasa Gelap,50566,1090700,21308
2024-10-14,2,Kemah Terlarang Kesurupan Massal,49250,362129,7600
2024-10-14,3,Home Sweet Loan,37180,1512177,35691
2024-10-14,4,The Wild Robot,16397,147090,4473
2024-10-14,5,Sumala,15546,1368409,30231
2024-10-14,6,Panda Plan,14475,332596,10300
2024-10-14,7,Pulau Hantu,10184,160629,4631
2024-10-14,8,Canary Black,8165,53973,3020
2024-10-14,9,Lembayung,5160,1639671,38821
2024-10-14,10,Love In The Big City,607,8967,810
2024-10-14,11,Jigra,406,2375,231
2024-10-14,12,The Cursed Land,158,2077,553
2024-10-13,1,Kemah Terlarang Kesurupan Massal,85470,312879,5940
2024-10-13,2,Kuasa Gelap,79488,1040134,19669
2024-10-13,3,Home Sweet Loan,69724,1474997,34259
2024-10-13,4,Panda Plan,55090,318121,9442
2024-10-13,5,The Wild Robot,43475,130693,3331
2024-10-13,6,Sumala,31993,1352863,29560
2024-10-13,7,Pulau Hantu,21645,150445,3802
2024-10-13,8,Canary Black,17432,45808,2156
2024-10-13,9,Lembayung,9586,1634511,38569
2024-10-13,10,Start Up Never Give Up,5302,9873,433
2024-10-13,11,Tulang Belulang Tulang,4297,71267,1888
2024-10-13,12,Laut Tengah,1951,83296,4501
2024-10-13,13,Love In The Big City,1499,8360,721
2024-10-13,14,Kutukan Calon Arang,1072,32381,1384
2024-10-13,15,JUNG KOOK: I AM STILL,718,51837,1022
2024-10-13,16,Jigra,623,1969,189
2024-10-13,17,Kupu-Kupu Kertas,324,182898,4805
2024-10-13,18,The Cursed Land,253,1919,505
2024-10-13,19,Vicky Vidya Ka Who Wala Vidio,93,143,11
2024-10-13,20,Rajah (2024),41,250,111
2024-10-12,1,Kuasa Gelap,97004,960646,18030
2024-10-12,2,Home Sweet Loan,92955,1405273,32892
2024-10-12,3,Kemah Terlarang Kesurupan Massal,86123,227409,4249
2024-10-12,4,Panda Plan,50654,263031,8590
2024-10-12,5,The Wild Robot,45682,87218,2155
2024-10-12,6,Sumala,38304,1320870,28871
2024-10-12,7,Pulau Hantu,33200,128800,2845
2024-10-12,8,Canary Black,23405,28376,1236
2024-10-12,9,Lembayung,11157,1624925,38316
2024-10-12,10,Love In The Big City,1635,6861,623
2024-10-12,11,Jigra,916,1346,133
2024-10-12,12,JUNG KOOK: I AM STILL,411,51119,988
2024-10-12,13,Start Up Never Give Up,350,4571,407
2024-10-12,14,The Cursed Land,307,1666,448
2024-10-12,15,Vicky Vidya Ka Who Wala Vidio,22,50,7
2024-10-12,16,Rajah (2024),20,209,100
2024-10-11,1,Kuasa Gelap,72560,863642,16370
2024-10-11,2,Kemah Terlarang Kesurupan Massal,71024,141286,2490
2024-10-11,3,Home Sweet Loan,54646,1312318,31558
2024-10-11,4,Pulau Hantu,44673,95600,1770
2024-10-11,5,The Wild Robot,41536,41536,1024
2024-10-11,6,Sumala,28459,1282566,28167
2024-10-11,7,Panda Plan,13105,212377,7747
2024-10-11,8,Lembayung,10986,1613768,38064
2024-10-11,9,Canary Black,4971,4971,301
2024-10-11,10,Love In The Big City,1433,5226,536
2024-10-11,11,Start Up Never Give Up,1123,4221,346
2024-10-11,12,JUNG KOOK: I AM STILL,1093,50708,950
2024-10-11,13,Jigra,430,430,58
2024-10-11,14,The Cursed Land,324,1359,369
2024-10-11,15,Vicky Vidya Ka Who Wala Vidio,28,28,3
2024-10-11,16,Rajah (2024),24,189,86
2024-10-10,1,Kemah Terlarang Kesurupan Massal,70262,70262,1483
2024-10-10,2,Kuasa Gelap,69610,791082,15414
2024-10-10,3,Pulau Hantu,50927,50927,1169
2024-10-10,4,Home Sweet Loan,46693,1257672,30831
2024-10-10,5,Sumala,28541,1254107,27706
2024-10-10,6,Buku Harianku,20236,112144,27
2024-10-10,7,Lembayung,19153,1602782,37883
2024-10-10,8,Panda Plan,13946,199272,7509
2024-10-10,9,Joker: Folie A Deux,5952,292575,12779
2024-10-10,10,Dul Muluk Dul Malik,5770,83753,1615
2024-10-10,11,Start Up Never Give Up,3098,3098,249
2024-10-10,12,Love In The Big City,1654,3793,431
2024-10-10,13,Laut Tengah,1143,81345,4439
2024-10-10,14,Kutukan Calon Arang,355,31309,1366
2024-10-10,15,The Cursed Land,318,1035,254
2024-10-10,16,Rajah (2024),58,165,71
2024-10-10,17,Tulang Belulang Tulang,41,66970,1840
2024-10-09,1,Kuasa Gelap,78324,721472,13557
2024-10-09,2,Sumala,49335,1225566,26592
2024-10-09,3,Home Sweet Loan,43511,1210979,29321
2024-10-09,4,Lembayung,25257,1583629,37328
2024-10-09,5,Panda Plan,18426,185326,6593
2024-10-09,6,Joker: Folie A Deux,10045,286623,12247
2024-10-09,7,Laut Tengah,3594,80202,4382
2024-10-09,8,Love In The Big City,2139,2139,252
2024-10-09,9,Kutukan Calon Arang,1125,30954,1344
2024-10-09,10,The Cursed Land,717,717,146
2024-10-09,11,Tulang Belulang Tulang,617,66929,1809
2024-10-09,12,Transformers One,600,587696,27322
2024-10-09,13,Rajah (2024),107,107,45
2024-10-08,1,Kuasa Gelap,87717,643148,11167
2024-10-08,2,Sumala,48913,1176231,24910
2024-10-08,3,Home Sweet Loan,46293,1167468,27364
2024-10-08,4,Lembayung,26029,1558372,36344
2024-10-08,5,Panda Plan,18934,166900,5383
2024-10-08,6,Joker: Folie A Deux,10833,276578,11302
2024-10-08,7,Laut Tengah,6551,76608,4015
2024-10-08,8,Kutukan Calon Arang,1602,29829,1188
2024-10-08,9,Transformers One,779,587096,27255
2024-10-08,10,Tulang Belulang Tulang,775,66312,1762
2024-10-08,11,Kaka Boss,176,859190,31213
2024-10-07,1,Kuasa Gelap,100823,555431,8930
2024-10-07,2,Sumala,56291,1127318,23312
2024-10-07,3,Home Sweet Loan,49098,1121175,25485
2024-10-07,4,Lembayung,32091,1532343,35383
2024-10-07,5,Panda Plan,20909,147966,4217
2024-10-07,6,Joker: Folie A Deux,11627,265745,10171
2024-10-07,7,Laut Tengah,7198,70057,3590
2024-10-07,8,Kutukan Calon Arang,2416,28227,995
2024-10-07,9,Tulang Belulang Tulang,1144,65537,1708
2024-10-07,10,Transformers One,827,586317,27182
2024-10-06,1,Kuasa Gelap,144821,454608,6693
2024-10-06,2,Home Sweet Loan,105673,1072077,23564
2024-10-06,3,Sumala,81027,1071027,21664
2024-10-06,4,Panda Plan,54798,127057,3113
2024-10-06,5,Lembayung,44320,1500252,34406
2024-10-06,6,Joker: Folie A Deux,34880,254118,8891
2024-10-06,7,Laut Tengah,10433,62859,3071
2024-10-06,8,Tulang Belulang Tulang,5133,64393,1652
2024-10-06,9,Dul Muluk Dul Malik,4648,77983,1558
2024-10-06,10,Kutukan Calon Arang,4323,25811,745
2024-10-06,11,Transformers One,3367,585490,27108
2024-10-06,12,Laura,2280,1246678,40506
2024-10-06,13,Kaka Boss,1896,859014,31204
2024-10-06,14,Uang Panai 2,928,302116,4950
2024-10-06,15,AESPA: MY FIRST PAGE,776,2194,85
2024-10-06,16,"I, The Executioner: A Veteran Story",584,57234,4498
2024-10-06,17,Kupu-Kupu Kertas,504,182574,4799
2024-10-06,18,Operation Undead,400,3603,411
2024-10-06,19,Ipar Adalah Maut,32,4776565,81163
2024-10-05,1,Home Sweet Loan,146404,966404,21782
2024-10-05,2,Kuasa Gelap,134425,309787,4717
2024-10-05,3,Sumala,104383,990000,20176
2024-10-05,4,Joker: Folie A Deux,56845,219238,7575
2024-10-05,5,Lembayung,51742,1455932,33510
2024-10-05,6,Panda Plan,48485,72259,2061
2024-10-05,7,Laut Tengah,17227,52426,2620
2024-10-05,8,Tulang Belulang Tulang,5135,59260,1592
2024-10-05,9,Transformers One,3777,582123,27043
2024-10-05,10,Kutukan Calon Arang,3620,21488,520
2024-10-05,11,"I, The Executioner: A Veteran Story",835,56650,4474
2024-10-05,12,Operation Undead,665,3203,367
2024-10-05,13,AESPA: MY FIRST PAGE,456,1418,64
2024-10-04,1,Home Sweet Loan,100865,820000,19927
2024-10-04,2,Kuasa Gelap,92121,175362,2920
2024-10-04,3,Sumala,80541,885617,18628
2024-10-04,4,Lembayung,50209,1404190,32563
2024-10-04,5,Joker: Folie A Deux,36118,162393,6094
2024-10-04,6,Panda Plan,23774,23774,1057
2024-10-04,7,Laut Tengah,13842,35199,2023
2024-10-04,8,Kutukan Calon Arang,10400,17868,347
2024-10-04,9,Tulang Belulang Tulang,3047,54125,1532
2024-10-04,10,Transformers One,1633,578346,26971
2024-10-03,1,Sumala,105033,805076,17076
2024-10-03,2,Home Sweet Loan,91972,719135,18222
2024-10-03,3,Kuasa Gelap,83241,83241,1267
2024-10-03,4,Lembayung,50278,1353981,31561
2024-10-03,5,Joker: Folie A Deux,41826,126275,4448
2024-10-03,6,Laut Tengah,21357,21357,1200
2024-10-03,7,Kutukan Calon Arang,7468,7468,164
2024-10-03,8,Tulang Belulang Tulang,2107,51078,1472
2024-10-03,9,Transformers One,1557,576713,26903
2024-10-03,10,Kupu-Kupu Kertas,1114,182070,4788
2024-10-02,1,Sumala,96069,700043,15454
2024-10-02,2,Joker: Folie A Deux,84449,84449,2431
2024-10-02,3,Home Sweet Loan,82163,627163,16633
2024-10-02,4,Lembayung,51889,1303703,30460
2024-10-02,5,Tulang Belulang Tulang,2419,48971,1389
2024-10-02,6,Transformers One,2283,575156,26822
2024-10-02,7,Operation Undead,1280,1280,157
2024-10-02,8,"I, The Executioner: A Veteran Story",947,54767,4359
2024-10-02,9,Hellboy: The Crooked Man,596,151680,10343
2024-10-02,10,Bagman,225,25588,2966
2024-10-01,1,Sumala,97686,603974,13354
2024-10-01,2,Home Sweet Loan,87501,545000,14502
2024-10-01,3,Lembayung,65695,1251814,28812
2024-10-01,4,Deadpool & Wolverine,10000,3164561,90618
2024-10-01,5,Transformers One,5049,572873,26651
2024-10-01,6,Laura,5007,1244398,40361
2024-10-01,7,Tulang Belulang Tulang,4564,46552,1264
2024-10-01,8,Hellboy: The Crooked Man,3032,151084,10261
2024-10-01,9,"I, The Executioner: A Veteran Story",2922,53820,4249
2024-10-01,10,Bagman,1517,25363,2920
2024-10-01,11,Seni Memahami Kekasih,1493,408159,12986
2024-10-01,12,Kaka Boss,850,857118,31160
2024-10-01,13,Kang Mak (From Pee Mak),710,4860034,113162
2024-10-01,14,Vina: Sebelum 7 Hari,33,5815945,84960
2024-11-30,1,Moana 2,286579,959659,14294
2024-11-30,2,Bila Esok Ibu Tiada,101224,3156727,59891
2024-11-30,3,Wicked (2024 Film),44024,557548,14625
2024-11-30,4,Guna Guna Istri Muda,22657,87793,3503
2024-11-30,5,Petak Umpet,21229,366062,10460
2024-11-30,6,Cinta Dalam Ikhlas,19080,97735,3830
2024-11-30,7,Gladiator II,11283,481075,16752
2024-11-30,8,Santet Segoro Pitu,9588,1238174,32003
2024-11-30,9,Negeri Para Ketua,8056,32746,548
2024-11-30,10,Death Whisperer 2,6380,32011,1331
2024-11-30,11,Mariara,4055,19319,785
2024-11-30,12,Megalopolis,2965,4714,532
2024-11-30,13,Red One,2200,504365,18608
2024-11-30,14,We Live in Time,2022,32572,2068
2024-11-30,15,BAEKHYUN: LONSDALEITE (DOT) IN CINEMAS,1856,5102,17
2024-11-30,16,THE QUINTESSENTIAL QUINTUPLETS SPECIALS2,250,1978,250
2024-11-29,1,Moana 2,171089,673080,10688
2024-11-29,2,Bila Esok Ibu Tiada,76600,3055503,58043
2024-11-29,3,Wicked (2024 Film),27127,513524,13862
2024-11-29,4,Petak Umpet,17740,344833,10007
2024-11-29,5,Guna Guna Istri Muda,16531,65136,2814
2024-11-29,6,Cinta Dalam Ikhlas,13270,78655,3181
2024-11-29,7,Santet Segoro Pitu,7449,1228586,31821
2024-11-29,8,Negeri Para Ketua,7326,24690,408
2024-11-29,9,Gladiator II,5735,469792,16584
2024-11-29,10,Death Whisperer 2,4936,25631,1118
2024-11-29,11,Mariara,3823,15264,629
2024-11-29,12,Heretic,2494,20000,1280
2024-11-29,13,We Live in Time,1760,30550,1977
2024-11-29,14,Megalopolis,1749,1749,310
2024-11-29,15,Red One,1404,502165,18568
2024-11-29,16,BAEKHYUN: LONSDALEITE (DOT) IN CINEMAS,520,3246,16
2024-11-29,17,THE QUINTESSENTIAL QUINTUPLETS SPECIALS2,463,1728,213
2024-11-28,1,Moana 2,125081,501991,6984
2024-11-28,2,Bila Esok Ibu Tiada,59343,2978903,55942
2024-11-28,3,Cinta Dalam Ikhlas,23474,65385,2217
2024-11-28,4,Petak Umpet,20556,327093,9478
2024-11-28,5,Guna Guna Istri Muda,18076,48605,1918
2024-11-28,6,Wicked (2024 Film),16879,486397,13072
2024-11-28,7,Negeri Para Ketua,6202,17364,255
2024-11-28,8,Santet Segoro Pitu,6165,1221137,31614
2024-11-28,9,Death Whisperer 2,5402,20695,839
2024-11-28,10,Gladiator II,5024,464057,16420
2024-11-27,1,Moana 2,376910,376910,3221
2024-11-27,2,Bila Esok Ibu Tiada,219393,2919560,53772
2024-11-27,3,Wicked (2024 Film),48644,469518,12303
2024-11-27,4,Cinta Dalam Ikhlas,41911,41911,1169
2024-11-27,5,Petak Umpet,39186,306537,8917
2024-11-27,6,Guna Guna Istri Muda,30529,30529,980
2024-11-27,7,Death Whisperer 2,15293,15293,463
2024-11-27,8,Santet Segoro Pitu,14953,1214972,31394
2024-11-27,9,Gladiator II,12425,459033,16261
2024-11-27,10,Negeri Para Ketua,11162,11162,100
2024-11-27,11,Mariara,7369,7369,232
2024-11-27,12,Red One,2871,499778,18484
2024-11-27,13,We Live in Time,2588,27716,1708
2024-11-27,14,BAEKHYUN: LONSDALEITE (DOT) IN CINEMAS,2379,2379,11
2024-11-27,15,THE QUINTESSENTIAL QUINTUPLETS SPECIALS2,757,757,93
2024-11-26,1,Bila Esok Ibu Tiada,98786,2700167,51801
2024-11-26,2,Wicked (2024 Film),41248,420874,11580
2024-11-26,3,Petak Umpet,27810,267351,8366
2024-11-26,4,Gladiator II,13868,446608,16108
2024-11-26,5,Santet Segoro Pitu,11454,1200019,31180
2024-11-26,6,We Live in Time,4167,25128,1663
2024-11-26,7,Red One,4092,496907,18443
2024-11-26,8,Heretic,1421,17506,1156
2024-11-26,9,Hidup Ini Terlalu Banyak Kamu,953,50376,2947
2024-11-26,10,Venom: The Last Dance,718,1974672,56697
2024-11-25,1,Bila Esok Ibu Tiada,165272,2601381,48106
2024-11-25,2,Wicked (2024 Film),36412,379626,9888
2024-11-25,3,Petak Umpet,34600,239541,7098
2024-11-25,4,Santet Segoro Pitu,15430,1188565,30504
2024-11-25,5,Gladiator II,12020,432740,15324
2024-11-25,6,Red One,3510,492815,18219
2024-11-25,7,We Live in Time,3467,20961,1406
2024-11-25,8,Heretic,1638,16085,1033
2024-11-25,9,Hidup Ini Terlalu Banyak Kamu,1423,49423,2753
2024-11-25,10,Venom: The Last Dance,626,1973954,56638
2024-11-24,1,Bila Esok Ibu Tiada,180313,2436109,44149
2024-11-24,2,Wicked (2024 Film),88747,343214,8098
2024-11-24,3,Petak Umpet,37826,204941,5679
2024-11-24,4,Gladiator II,34254,420720,14526
2024-11-24,5,Santet Segoro Pitu,24364,1173135,29758
2024-11-24,6,Red One,10293,489305,18011
2024-11-24,7,Hidup Ini Terlalu Banyak Kamu,5377,48000,2456
2024-11-24,8,Puang Bos,5227,26101,859
2024-11-24,9,We Live in Time,4792,17494,1145
2024-11-24,10,Heretic,2857,14447,906
2024-11-24,11,Keluar Main 1994,2334,140512,2900
2024-11-24,12,Pantaskah Aku Berhijab,2237,21706,1880
2024-11-24,13,Venom: The Last Dance,1973,1973328,56580
2024-11-24,14,Wanita Ahli Neraka,1507,110239,5261
2024-11-24,15,Dirty Money,307,877,166
2024-11-23,1,Bila Esok Ibu Tiada,215345,2255796,40577
2024-11-23,2,Wicked (2024 Film),121551,254467,6366
2024-11-23,3,Gladiator II,39503,386466,13780
2024-11-23,4,Petak Umpet,36323,167115,4363
2024-11-23,5,Santet Segoro Pitu,23718,1148771,29109
2024-11-23,6,Red One,10631,479012,17799
2024-11-23,7,Hidup Ini Terlalu Banyak Kamu,10512,42623,2151
2024-11-23,8,We Live in Time,7584,12702,849
2024-11-23,9,Heretic,3477,11590,771
2024-11-23,10,Pantaskah Aku Berhijab,2307,19469,1796
2024-11-23,11,Venom: The Last Dance,2277,1971355,56519
2024-11-23,12,Wanita Ahli Neraka,1513,108732,5209
2024-11-23,13,Dirty Money,146,570,143
2024-11-22,1,Bila Esok Ibu Tiada,178662,2040451,37177
2024-11-22,2,Petak Umpet,72233,130792,2943
2024-11-22,3,Wicked (2024 Film),51900,132916,4790
2024-11-22,4,Santet Segoro Pitu,23073,1125053,28448
2024-11-22,5,Gladiator II,17327,346963,13177
2024-11-22,6,Hidup Ini Terlalu Banyak Kamu,15111,32111,1666
2024-11-22,7,Pantaskah Aku Berhijab,6463,17162,1492
2024-11-22,8,We Live in Time,5118,5118,447
2024-11-22,9,Red One,4101,468381,17602
2024-11-22,10,Heretic,2433,8113,635
2024-11-22,11,Wanita Ahli Neraka,1940,107219,5138
2024-11-22,12,Venom: The Last Dance,660,1969078,56460
2024-11-22,13,Dirty Money,123,424,114
2024-11-21,1,Bila Esok Ibu Tiada,145420,1861789,33746
2024-11-21,2,Petak Umpet,58559,58559,1371
2024-11-21,3,Wicked (2024 Film),31140,81016,3311
2024-11-21,4,Santet Segoro Pitu,19691,1101980,27735
2024-11-21,5,Hidup Ini Terlalu Banyak Kamu,17000,17000,941
2024-11-21,6,Gladiator II,15548,329636,12654
2024-11-21,7,Pantaskah Aku Berhijab,10699,10699,914
2024-11-21,8,Red One,3634,464280,17456
2024-11-21,9,Heretic,2367,5680,474
2024-11-21,10,Wanita Ahli Neraka,1863,105279,5002
2024-11-21,11,Puang Bos,1145,20874,793
2024-11-21,12,Venom: The Last Dance,629,1968418,56413
2024-11-21,13,Bolehkah Sekali Saja Kumenangis,279,1150952,34850
2024-11-21,14,Dirty Money,152,301,77
2024-11-20,1,Bila Esok Ibu Tiada,147304,1716369,30422
2024-11-20,2,Wicked (2024 Film),49876,49876,1835
2024-11-20,3,Santet Segoro Pitu,37459,1082289,26871
2024-11-20,4,Perewangan,26817,676422,23495
2024-11-20,5,Gladiator II,15708,314088,12094
2024-11-20,6,Wanita Ahli Neraka,6285,103416,4820
2024-11-20,7,Red One,5321,460646,17306
2024-11-20,8,Heretic,3313,3313,290
2024-11-20,9,Venom: The Last Dance,2061,1967789,56361
2024-11-20,10,Puang Bos,1640,19729,752
2024-11-20,11,Dirty Money,149,149,36
2024-11-19,1,Bila Esok Ibu Tiada,159055,1569065,25973
2024-11-19,2,Santet Segoro Pitu,44098,1044830,25435
2024-11-19,3,Gladiator II,17011,298380,11306
2024-11-19,4,Wanita Ahli Neraka,8825,97131,4403
2024-11-19,5,Red One,8138,455325,16988
2024-11-19,6,Venom: The Last Dance,3429,1965728,56205
2024-11-19,7,Puang Bos,1892,18089,678
2024-11-19,8,Amazon Bullseye,166,2777,565
2024-11-19,9,Aftermath,113,20922,2968
2024-11-19,10,Bocchi The Rock! Recap Part 2,24,509,143
2024-11-18,1,Bila Esok Ibu Tiada,203321,1410010,20900
2024-11-18,2,Santet Segoro Pitu,50219,1000732,23798
2024-11-18,3,Gladiator II,24408,281369,9931
2024-11-18,4,Red One,11553,447187,16379
2024-11-18,5,Wanita Ahli Neraka,10225,88306,3780
2024-11-18,6,Venom: The Last Dance,3659,1962299,55905
2024-11-18,7,Puang Bos,1865,16197,573
2024-11-18,8,Amazon Bullseye,211,2611,508
2024-11-18,9,Aftermath,167,20809,2939
2024-11-18,10,Bocchi The Rock! Recap Part 2,84,485,121
2024-11-17,1,Bila Esok Ibu Tiada,316522,1206689,15984
2024-11-17,2,Santet Segoro Pitu,77629,950513,22165
2024-11-17,3,Gladiator II,59530,256961,8524
2024-11-17,4,Red One,32247,435634,15764
2024-11-17,5,Wanita Ahli Neraka,16527,78081,3209
2024-11-17,6,Venom: The Last Dance,12448,1958640,55616
2024-11-17,7,Kemah Terlarang Kesurupan Massal,8281,900365,22933
2024-11-17,8,Puang Bos,4725,14332,474
2024-11-17,9,Buku Harianku,4633,134900,31
2024-11-17,10,The Wild Robot,2682,569472,18361
2024-11-16,1,Bila Esok Ibu Tiada,319590,890167,11415
2024-11-16,2,Santet Segoro Pitu,72694,872884,20609
2024-11-16,3,Gladiator II,70833,197431,7161
2024-11-16,4,Red One,30486,403387,15224
2024-11-16,5,Wanita Ahli Neraka,14433,61554,2643
2024-11-16,6,Venom: The Last Dance,12070,1946192,55360
2024-11-16,7,The Wild Robot,3685,566790,18294
2024-11-16,8,Puang Bos,3198,9607,377
2024-11-16,9,Perewangan,2345,647660,23389
2024-11-16,10,Aftermath,448,20309,2866
2024-11-16,11,Amazon Bullseye,422,1844,393
2024-11-16,12,HIGHLIGHT: LIGHTS GO ON AGAIN IN CINEMA,327,540,73
2024-11-16,13,Betting With Ghost,179,1237,326
2024-11-16,14,Bocchi The Rock! Recap Part 2,124,292,71
2024-11-16,15,Kanguva,119,319,48
2024-11-15,1,Bila Esok Ibu Tiada,268978,570577,6805
2024-11-15,2,Santet Segoro Pitu,55134,800190,19043
2024-11-15,3,Gladiator II,33496,126598,5772
2024-11-15,4,Wanita Ahli Neraka,17121,47121,1934
2024-11-15,5,Red One,12292,372901,14745
2024-11-15,6,Venom: The Last Dance,5292,1934122,55109
2024-11-15,7,Puang Bos,2784,6409,278
2024-11-15,8,Perewangan,1930,645315,23352
2024-11-15,9,The Wild Robot,718,563105,18226
2024-11-15,10,Amazon Bullseye,328,1422,339
2024-11-14,1,Bila Esok Ibu Tiada,301599,301599,2572
2024-11-14,2,Santet Segoro Pitu,64917,745056,17391
2024-11-14,3,Gladiator II,40648,93102,4219
2024-11-14,4,Wanita Ahli Neraka,30000,30000,1073
2024-11-14,5,Red One,11238,360609,14313
2024-11-14,6,Buku Harianku,9145,130267,31
2024-11-14,7,Venom: The Last Dance,8330,1928830,54847
2024-11-14,8,Puang Bos,3625,3625,155
2024-11-14,9,Anak Kolong,2282,76472,2486
2024-11-14,10,Keluar Main 1994,1651,135919,2898
2024-11-14,11,Bolehkah Sekali Saja Kumenangis,1311,1149848,34804
2024-11-14,12,Danyang: Mahar Tukar Nyawa,797,52461,2746
2024-11-14,13,The Wild Robot,693,562387,18189
2024-11-14,14,Perewangan,642,643385,23303
2024-11-14,15,My Annoying Brother,583,269973,12051
2024-11-14,16,Flow,379,7067,393
2024-11-14,17,Amazon Bullseye,378,1094,267
2024-11-14,18,Betting With Ghost,346,925,264
2024-11-14,19,Aftermath,268,19600,2787
2024-11-14,20,Kanguva,100,100,14
2024-11-13,1,Santet Segoro Pitu,76461,680139,15415
2024-11-13,2,Gladiator II,52454,52454,2282
2024-11-13,3,Red One,16422,349371,13673
2024-11-13,4,Venom: The Last Dance,11217,1920500,54421
2024-11-13,5,Anak Kolong,7209,74190,2455
2024-11-13,6,Bolehkah Sekali Saja Kumenangis,5558,1148537,34702
2024-11-13,7,Danyang: Mahar Tukar Nyawa,3165,51664,2675
2024-11-13,8,Kemah Terlarang Kesurupan Massal,1986,892084,22885
2024-11-13,9,Perewangan,1627,642743,23199
2024-11-13,10,The Wild Robot,1500,561694,18123
2024-11-13,11,Amazon Bullseye,716,716,161
2024-11-13,12,My Annoying Brother,696,269390,12043
2024-11-13,13,Flow,614,6688,363
2024-11-13,14,Betting With Ghost,579,579,185
2024-11-13,15,Aftermath,535,19332,2734
2024-11-13,16,MY HERO ACADEMIA: YOU RE NEXT,255,10512,1100
2024-11-12,1,Santet Segoro Pitu,79671,603678,13084
2024-11-12,2,Red One,23723,332949,12537
2024-11-12,3,Venom: The Last Dance,21163,1909283,53413
2024-11-12,4,Anak Kolong,10838,66981,2367
2024-11-12,5,Bolehkah Sekali Saja Kumenangis,9065,1142979,34313
2024-11-12,6,Danyang: Mahar Tukar Nyawa,3717,48499,2436
2024-11-12,7,Perewangan,3266,641116,22937
2024-11-12,8,Kemah Terlarang Kesurupan Massal,2096,890098,22810
2024-11-12,9,The Wild Robot,1670,560194,18001
2024-11-12,10,Aftermath,1499,18797,2574
2024-11-12,11,My Annoying Brother,1487,268694,11956
2024-11-12,12,MY HERO ACADEMIA: YOU RE NEXT,780,10257,1056
2024-11-12,13,Flow,742,6074,320
2024-11-12,14,YOU WILL DIE IN 6 HOURS,581,72557,3562
2024-11-12,15,Absolution,295,49894,5063
2024-11-12,16,The Paradise of Thorns,204,3280,366
2024-11-11,1,Santet Segoro Pitu,77797,524007,10098
2024-11-11,2,Red One,28947,309226,10625
2024-11-11,3,Venom: The Last Dance,21158,1888120,51857
2024-11-11,4,Anak Kolong,16065,56143,2104
2024-11-11,5,Bolehkah Sekali Saja Kumenangis,7807,1133914,33743
2024-11-11,6,Danyang: Mahar Tukar Nyawa,5063,44782,2070
2024-11-11,7,Perewangan,3647,637850,22507
2024-11-11,8,Kemah Terlarang Kesurupan Massal,3027,888002,22655
2024-11-11,9,The Wild Robot,2873,558524,17686
2024-11-11,10,Aftermath,2062,17298,2194
2024-11-11,11,My Annoying Brother,1336,267207,11777
2024-11-11,12,Flow,743,5332,236
2024-11-11,13,YOU WILL DIE IN 6 HOURS,704,71976,3430
2024-11-11,14,MY HERO ACADEMIA: YOU RE NEXT,688,9477,930
2024-11-11,15,Absolution,234,49599,4995
2024-11-11,16,The Paradise of Thorns,194,3076,319
2024-11-10,1,Santet Segoro Pitu,133684,446210,7578
2024-11-10,2,Red One,81437,280279,8817
2024-11-10,3,Venom: The Last Dance,52855,1866962,50171
2024-11-10,4,Dosa Musyrik,30067,134775,6591
2024-11-10,5,The Wild Robot,16382,555651,17333
2024-11-10,6,Bolehkah Sekali Saja Kumenangis,12525,1126107,33207
2024-11-10,7,Perewangan,10507,634203,22051
2024-11-10,8,Danyang: Mahar Tukar Nyawa,7999,39719,1748
2024-11-10,9,Anak Kolong,7496,40078,1850
2024-11-10,10,Kemah Terlarang Kesurupan Massal,5976,884975,22494
2024-11-10,11,Aftermath,5072,15236,1754
2024-11-10,12,My Annoying Brother,4200,265871,11571
2024-11-10,13,Kuasa Gelap,3431,1466466,31783
2024-11-10,14,Home Sweet Loan,2925,1720271,42823
2024-11-10,15,YOU WILL DIE IN 6 HOURS,2841,71272,3303
2024-11-10,16,MY HERO ACADEMIA: YOU RE NEXT,2368,8789,806
2024-11-10,17,Flow,2069,4589,157
2024-11-10,18,Absolution,786,49365,4917
2024-11-10,19,The Paradise of Thorns,415,2882,277
2024-11-10,20,Gala,263,1296,186
2024-11-10,21,Lembayung,139,1656149,39436
2024-11-09,1,Santet Segoro Pitu,125401,312526,5066
2024-11-09,2,Red One,87393,198842,6926
2024-11-09,3,Venom: The Last Dance,67480,1814107,48416
2024-11-09,4,The Wild Robot,14502,539269,16935
2024-11-09,5,Bolehkah Sekali Saja Kumenangis,13033,1113582,32692
2024-11-09,6,Perewangan,10233,623696,21573
2024-11-09,7,Danyang: Mahar Tukar Nyawa,8065,31720,1390
2024-11-09,8,Aftermath,6875,10164,1278
2024-11-09,9,Kemah Terlarang Kesurupan Massal,5377,878999,22350
2024-11-09,10,Anak Kolong,5031,32582,1552
2024-11-09,11,My Annoying Brother,4115,261671,11366
2024-11-09,12,YOU WILL DIE IN 6 HOURS,2873,68431,3161
2024-11-09,13,MY HERO ACADEMIA: YOU RE NEXT,2480,6421,648
2024-11-09,14,Flow,1668,2520,77
2024-11-09,15,Kuasa Gelap,1205,1463035,31764
2024-11-09,16,Absolution,1050,48579,4836
2024-11-09,17,The Paradise of Thorns,635,2467,223
2024-11-09,18,Gala,238,1033,157
2024-11-08,1,Santet Segoro Pitu,97111,187125,3733
2024-11-08,2,Red One,35536,111449,5760
2024-11-08,3,Venom: The Last Dance,30867,1746627,47280
2024-11-08,4,Danyang: Mahar Tukar Nyawa,11183,23655,1054
2024-11-08,5,Bolehkah Sekali Saja Kumenangis,10636,1100549,32300
2024-11-08,6,Anak Kolong,7533,27551,1201
2024-11-08,7,Perewangan,5396,613463,21261
2024-11-08,8,My Annoying Brother,5254,257556,11186
2024-11-08,9,The Wild Robot,3897,524767,16795
2024-11-08,10,Kemah Terlarang Kesurupan Massal,3615,873622,22216
2024-11-08,11,Aftermath,3289,3289,634
2024-11-08,12,YOU WILL DIE IN 6 HOURS,1723,65558,3153
2024-11-08,13,MY HERO ACADEMIA: YOU RE NEXT,1125,3941,648
2024-11-08,14,Kuasa Gelap,853,1461830,31743
2024-11-08,15,Flow,852,852,77
2024-11-08,16,Absolution,664,47529,4740
2024-11-08,17,The Paradise of Thorns,561,1832,223
2024-11-08,18,Gala,153,795,157
2024-11-07,1,Santet Segoro Pitu,90014,90014,1816
2024-11-07,2,Red One,28845,75913,3919
2024-11-07,3,Venom: The Last Dance,28202,1715760,45573
2024-11-07,4,Anak Kolong,20018,20018,709
2024-11-07,5,Danyang: Mahar Tukar Nyawa,12472,12472,535
2024-11-07,6,Bolehkah Sekali Saja Kumenangis,11077,1089913,31777
2024-11-07,7,Perewangan,7268,608067,20674
2024-11-07,8,Sumala,6565,1436640,32322
2024-11-07,9,Kemah Terlarang Kesurupan Massal,4743,870007,22020
2024-11-07,10,My Annoying Brother,3347,252302,10983
2024-11-07,11,The Wild Robot,2536,520870,16608
2024-11-07,12,Lembayung,1962,1656010,39431
2024-11-07,13,YOU WILL DIE IN 6 HOURS,1653,63835,3003
2024-11-07,14,Kuasa Gelap,1393,1460977,31706
2024-11-07,15,MY HERO ACADEMIA: YOU RE NEXT,1190,2816,507
2024-11-07,16,Absolution,1037,46865,4638
2024-11-07,17,Tebusan Dosa,934,160670,6142
2024-11-07,18,The Paradise of Thorns,569,1271,162
2024-11-07,19,Gala,198,642,120
2024-11-06,1,Red One,47068,47068,2005
2024-11-06,2,Venom: The Last Dance,36855,1687558,43743
2024-11-06,3,Perewangan,24165,600799,19744
2024-11-06,4,Bolehkah Sekali Saja Kumenangis,18745,1078836,31160
2024-11-06,5,Kemah Terlarang Kesurupan Massal,10969,865264,21757
2024-11-06,6,My Annoying Brother,5568,248955,10775
2024-11-06,7,The Wild Robot,4187,518334,16400
2024-11-06,8,Kuasa Gelap,3489,1459584,31641
2024-11-06,9,YOU WILL DIE IN 6 HOURS,3089,62182,2940
2024-11-06,10,Absolution,2010,45828,4492
2024-11-06,11,MY HERO ACADEMIA: YOU RE NEXT,1626,1626,327
2024-11-06,12,The Paradise of Thorns,702,702,85
2024-11-06,13,Gala,444,444,64
2024-11-06,14,Weekend In Taipei,349,124846,5768
2024-11-05,1,Venom: The Last Dance,50659,1650703,41823
2024-11-05,2,Perewangan,26144,576634,18663
2024-11-05,3,Bolehkah Sekali Saja Kumenangis,22058,1060091,30249
2024-11-05,4,Kemah Terlarang Kesurupan Massal,11759,854295,21352
2024-11-05,5,My Annoying Brother,7011,243387,10467
2024-11-05,6,The Wild Robot,6986,514147,16007
2024-11-05,7,Absolution,4075,43818,4109
2024-11-05,8,YOU WILL DIE IN 6 HOURS,3963,59093,2655
2024-11-05,9,Kuasa Gelap,2510,1456095,31551
2024-11-05,10,Singham Again,637,4577,247
2024-11-05,11,Weekend In Taipei,549,124497,5705
2024-11-05,12,"Aku Jati, Aku Asperger",331,16884,2925
2024-11-05,13,Koma - Berhenti Sebelum Mati,233,3756,432
2024-11-05,14,Here,189,6118,1547
2024-11-05,15,BHOOL BHULAIYAA 3,127,1353,75
2024-11-05,16,Sana: Let Me Hear,111,2367,376
2024-11-05,17,Emilia Perez,86,1172,288
2024-11-04,1,Venom: The Last Dance,61412,1600044,38706
2024-11-04,2,Perewangan,33435,550490,17413
2024-11-04,3,Bolehkah Sekali Saja Kumenangis,23061,1038033,29107
2024-11-04,4,Kemah Terlarang Kesurupan Massal,8663,842536,20872
2024-11-04,5,The Wild Robot,8550,507161,15271
2024-11-04,6,Absolution,5044,39743,3411
2024-11-04,7,YOU WILL DIE IN 6 HOURS,4919,55130,2394
2024-11-04,8,My Annoying Brother,4704,236376,10050
2024-11-04,9,Kuasa Gelap,3886,1453585,31438
2024-11-04,10,Singham Again,790,3940,193
2024-11-04,11,Koma - Berhenti Sebelum Mati,607,3523,390
2024-11-04,12,Weekend In Taipei,595,123948,5625
2024-11-04,13,"Aku Jati, Aku Asperger",397,16553,2806
2024-11-04,14,Sana: Let Me Hear,381,2256,343
2024-11-04,15,Here,327,5929,1497
2024-11-04,16,BHOOL BHULAIYAA 3,218,1226,58
2024-11-04,17,Emilia Perez,171,1086,251
2024-11-03,1,Venom: The Last Dance,134373,1538632,35920
2024-11-03,2,Perewangan,33996,517055,16145
2024-11-03,3,The Wild Robot,32853,498611,14480
2024-11-03,4,Bolehkah Sekali Saja Kumenangis,30612,1014972,27985
2024-11-03,5,Dosa Musyrik,26848,104708,4146
2024-11-03,6,Kemah Terlarang Kesurupan Massal,14583,833873,20508
2024-11-03,7,YOU WILL DIE IN 6 HOURS,12944,50211,1863
2024-11-03,8,Absolution,11508,34699,2686
2024-11-03,9,My Annoying Brother,10931,231672,9676
2024-11-03,10,Kuasa Gelap,4432,1449699,31327
2024-11-03,11,Weekend In Taipei,1761,123353,5545
2024-11-03,12,Tebusan Dosa,1702,159736,6111
2024-11-03,13,"Aku Jati, Aku Asperger",1331,16156,2619
2024-11-03,14,Singham Again,914,3150,139
2024-11-03,15,Here,726,5602,1440
2024-11-03,16,Koma - Berhenti Sebelum Mati,681,2916,329
2024-11-03,17,Sana: Let Me Hear,422,1875,302
2024-11-03,18,BHOOL BHULAIYAA 3,395,1008,42
2024-11-03,19,Emilia Perez,227,915,204
2024-11-02,1,Venom: The Last Dance,157735,1404259,32800
2024-11-02,2,Perewangan,37018,483059,14970
2024-11-02,3,The Wild Robot,36511,465758,13600
2024-11-02,4,Bolehkah Sekali Saja Kumenangis,35014,984360,26982
2024-11-02,5,Dosa Musyrik,25390,77860,3184
2024-11-02,6,Absolution,15300,23191,1874
2024-11-02,7,YOU WILL DIE IN 6 HOURS,15015,37267,1342
2024-11-02,8,Kemah Terlarang Kesurupan Massal,14703,819290,20214
2024-11-02,9,My Annoying Brother,11126,220741,9368
2024-11-02,10,Kuasa Gelap,3816,1445267,31217
2024-11-02,11,"Aku Jati, Aku Asperger",2406,14825,2402
2024-11-02,12,Weekend In Taipei,1503,121592,5468
2024-11-02,13,Singham Again,1445,2236,87
2024-11-02,14,Here,831,4876,1383
2024-11-02,15,Koma - Berhenti Sebelum Mati,757,2235,282
2024-11-02,16,BHOOL BHULAIYAA 3,453,613,29
2024-11-02,17,Sana: Let Me Hear,393,1453,255
2024-11-02,18,Emilia Perez,330,688,153
2024-11-01,1,Venom: The Last Dance,80487,1246524,29622
2024-11-01,2,Perewangan,30099,446041,13736
2024-11-01,3,Dosa Musyrik,26100,52470,2141
2024-11-01,4,Bolehkah Sekali Saja Kumenangis,21968,949346,25894
2024-11-01,5,The Wild Robot,7917,429247,12791
2024-11-01,6,Absolution,7891,7891,941
2024-11-01,7,YOU WILL DIE IN 6 HOURS,7561,22252,1051
2024-11-01,8,Kemah Terlarang Kesurupan Massal,6777,804587,19913
2024-11-01,9,My Annoying Brother,6211,209615,9062
2024-11-01,10,"Aku Jati, Aku Asperger",3327,12419,1920
2024-12-31,1,2nd Miracle in Cell No. 7,100667,910858,10249
2024-12-31,2,Panggonan Wingit 2 - Miss K,70925,596108,9860
2024-12-31,3,Mufasa: The Lion King,54132,1438419,29739
2024-12-31,4,Sonic the Hedgehog 3,41789,616103,13181
2024-12-31,5,Sorop,38040,573034,14460
2024-12-31,6,Modal Nekad,29122,735741,17537
2024-12-31,7,Moana 2,12956,3050722,71536
2024-12-31,8,Racun Sangga,3636,528670,13414
2024-12-31,9,Bila Esok Ibu Tiada,2413,3919949,82266
2024-12-31,10,Hutang Nyawa,2217,688217,18655
2024-12-30,1,2nd Miracle in Cell No. 7,132827,810191,8777
2024-12-30,2,Mufasa: The Lion King,87337,1384287,27879
2024-12-30,3,Panggonan Wingit 2 - Miss K,85151,525183,8470
2024-12-30,4,Sonic the Hedgehog 3,69337,574314,11424
2024-12-30,5,Sorop,42003,534994,13892
2024-12-30,6,Modal Nekad,32385,706619,16603
2024-12-30,7,Moana 2,19993,3037766,70942
2024-12-30,8,Racun Sangga,7060,525034,13257
2024-12-30,9,Bila Esok Ibu Tiada,3543,3917536,82193
2024-12-30,10,Hutang Nyawa,2689,686000,18578
2024-12-30,11,Wicked (2024 Film),2423,910989,26225
2024-12-30,12,Kraven The Hunter,755,298922,12150
2024-12-29,1,2nd Miracle in Cell No. 7,123724,677364,7319
2024-12-29,2,Mufasa: The Lion King,90280,1296950,26155
2024-12-29,3,Panggonan Wingit 2 - Miss K,79954,440032,7081
2024-12-29,4,Sonic the Hedgehog 3,61409,504977,9790
2024-12-29,5,Modal Nekad,31772,674234,15753
2024-12-29,6,Sorop,22297,492991,13437
2024-12-29,7,Moana 2,20215,3017773,70383
2024-12-29,8,Racun Sangga,7255,517974,13097
2024-12-29,9,Bila Esok Ibu Tiada,3723,3913993,82123
2024-12-29,10,Hutang Nyawa,3212,683311,18502
2024-12-29,11,Wicked (2024 Film),2003,908566,26159
2024-12-29,12,Cinta Dalam Ikhlas,1890,177557,7293
2024-12-29,13,Kraven The Hunter,900,298167,12121
2024-12-29,14,"Sampai Nanti, Hanna!",700,23790,1939
2024-12-29,15,Baby John,242,1424,83
2024-12-28,1,2nd Miracle in Cell No. 7,136669,553640,5561
2024-12-28,2,Mufasa: The Lion King,93305,1206670,24320
2024-12-28,3,Sonic the Hedgehog 3,72136,443568,7966
2024-12-28,4,Panggonan Wingit 2 - Miss K,71538,360078,5684
2024-12-28,5,Modal Nekad,36697,642462,14858
2024-12-28,6,Moana 2,21801,2997558,69866
2024-12-28,7,Sorop,18552,470694,12876
2024-12-28,8,Racun Sangga,8282,510719,12944
2024-12-28,9,Bila Esok Ibu Tiada,3753,3910270,82051
2024-12-28,10,Hutang Nyawa,3529,680099,18418
2024-12-28,11,Wicked (2024 Film),2436,906563,26095
2024-12-28,12,Kraven The Hunter,1038,297267,12092
2024-12-28,13,Baby John,246,1182,65
2024-12-27,1,2nd Miracle in Cell No. 7,115445,416971,4163
2024-12-27,2,Panggonan Wingit 2 - Miss K,87512,288540,4250
2024-12-27,3,Mufasa: The Lion King,74863,1113365,22503
2024-12-27,4,Sonic the Hedgehog 3,63493,371432,6078
2024-12-27,5,Sorop,34190,452142,12334
2024-12-27,6,Modal Nekad,31085,605765,13871
2024-12-27,7,Moana 2,19399,2975757,69291
2024-12-27,8,Racun Sangga,10094,502437,12783
2024-12-27,9,Bila Esok Ibu Tiada,3796,3906517,81983
2024-12-27,10,Hutang Nyawa,3466,676570,18332
2024-12-26,1,2nd Miracle in Cell No. 7,141855,301526,2853
2024-12-26,2,Mufasa: The Lion King,110954,1038502,20497
2024-12-26,3,Sonic the Hedgehog 3,101616,307939,4159
2024-12-26,4,Panggonan Wingit 2 - Miss K,95956,201028,2823
2024-12-26,5,Modal Nekad,44672,574680,12921
2024-12-26,6,Sorop,34713,417952,11710
2024-12-26,7,Moana 2,28270,2956358,68818
2024-12-26,8,Racun Sangga,12295,492343,12578
2024-12-26,9,Hutang Nyawa,5575,673104,18214
2024-12-26,10,Bila Esok Ibu Tiada,4985,3902721,81912
2024-12-26,11,Wicked (2024 Film),2723,901844,25979
2024-12-26,12,Kraven The Hunter,1036,295445,12040
2024-12-26,13,Baby John,379,758,36
2024-12-25,1,Sonic the Hedgehog 3,162534,206323,2274
2024-12-25,2,2nd Miracle in Cell No. 7,159671,159671,1292
2024-12-25,3,Mufasa: The Lion King,132882,927548,18823
2024-12-25,4,Panggonan Wingit 2 - Miss K,105072,105072,1410
2024-12-25,5,Modal Nekad,57803,530008,11901
2024-12-25,6,Moana 2,35179,2928088,68372
2024-12-25,7,Sorop,24353,383239,11126
2024-12-25,8,Racun Sangga,14930,480048,12351
2024-12-25,9,Hutang Nyawa,8212,667529,18050
2024-12-25,10,Bila Esok Ibu Tiada,5774,3897736,81844
2024-12-25,11,Wicked (2024 Film),2849,899121,25930
2024-12-25,12,Kraven The Hunter,1365,294409,12015
2024-12-25,13,Baby John,379,379,18
2024-12-24,1,Mufasa: The Lion King,117981,794666,17184
2024-12-24,2,Modal Nekad,60203,472205,10901
2024-12-24,3,Sorop,47732,358886,10324
2024-12-24,4,Moana 2,38283,2892909,67926
2024-12-24,5,Hutang Nyawa,20609,659317,17868
2024-12-24,6,Racun Sangga,19231,465118,12121
2024-12-24,7,Bila Esok Ibu Tiada,8403,3891962,81771
2024-12-24,8,Wicked (2024 Film),4766,896272,25881
2024-12-24,9,Kraven The Hunter,3636,293044,11990
2024-12-24,10,Devils Stay,577,125184,6199
2024-12-24,11,Cinta Tak Seindah Drama Korea,35,49740,4503
2024-12-23,1,Mufasa: The Lion King,128457,676685,14747
2024-12-23,2,Modal Nekad,66897,412002,9268
2024-12-23,3,Sorop,58808,311154,8883
2024-12-23,4,Moana 2,47816,2854626,66775
2024-12-23,5,Racun Sangga,32827,445887,11601
2024-12-23,6,Hutang Nyawa,27097,638708,17144
2024-12-23,7,Bila Esok Ibu Tiada,10098,3883559,81562
2024-12-23,8,Wicked (2024 Film),5120,891506,25678
2024-12-23,9,Kraven The Hunter,3797,289408,11800
2024-12-23,10,Devils Stay,916,124607,6167
2024-12-22,1,Mufasa: The Lion King,127103,548228,12295
2024-12-22,2,Modal Nekad,89522,345105,7533
2024-12-22,3,Sorop,48174,252346,7365
2024-12-22,4,Moana 2,42460,2806810,65668
2024-12-22,5,Hutang Nyawa,30960,611611,16348
2024-12-22,6,Racun Sangga,22953,413060,11095
2024-12-22,7,Sonic the Hedgehog 3,20932,43789,365
2024-12-22,8,Bila Esok Ibu Tiada,10016,3873461,81339
2024-12-22,9,Wicked (2024 Film),7101,886386,25504
2024-12-22,10,Kraven The Hunter,6603,285611,11620
2024-12-22,11,"Sampai Nanti, Hanna!",1323,23090,1912
2024-12-22,12,Negeri Para Ketua,999,106039,2374
2024-12-22,13,Devils Stay,731,123691,6129
2024-12-22,14,Cinta Tak Seindah Drama Korea,231,49705,4497
2024-12-22,15,Mariara,193,39615,1528
2024-12-22,16,Puang Bos,127,43354,1145
2024-12-22,17,Sun Tree,10,715,152
2024-12-21,1,Mufasa: The Lion King,139563,421125,9747
2024-12-21,2,Modal Nekad,77069,255583,5666
2024-12-21,3,Sorop,53542,204172,5671
2024-12-21,4,Moana 2,48103,2764350,64556
2024-12-21,5,Hutang Nyawa,29659,580651,15465
2024-12-21,6,Racun Sangga,24908,390107,10605
2024-12-21,7,Sonic the Hedgehog 3,22857,22857,183
2024-12-21,8,Bila Esok Ibu Tiada,8476,3863445,81111
2024-12-21,9,Kraven The Hunter,7446,279008,11429
2024-12-21,10,Wicked (2024 Film),7082,879285,25346
2024-12-20,1,Mufasa: The Lion King,82441,281562,7213
2024-12-20,2,Modal Nekad,78338,178514,3747
2024-12-20,3,Sorop,70056,150630,3874
2024-12-20,4,Moana 2,29785,2716247,63475
2024-12-20,5,Hutang Nyawa,20846,550992,14497
2024-12-20,6,Racun Sangga,19627,365199,10099
2024-12-20,7,Bila Esok Ibu Tiada,7090,3854969,80839
2024-12-20,8,Wicked (2024 Film),5025,872203,25190
2024-12-20,9,Kraven The Hunter,4013,271562,11238
2024-12-20,10,Devils Stay,670,122128,6054
2024-12-20,11,Sun Tree,124,695,127
2024-12-19,1,Modal Nekad,100176,100176,1957
2024-12-19,2,Sorop,80574,80574,2064
2024-12-19,3,Mufasa: The Lion King,77605,199121,4842
2024-12-19,4,Hutang Nyawa,31180,530146,13529
2024-12-19,5,Moana 2,30391,2686462,62514
2024-12-19,6,Racun Sangga,29995,345572,9554
2024-12-19,7,Buku Harianku,11284,146184,32
2024-12-19,8,Bila Esok Ibu Tiada,8746,3847879,80628
2024-12-19,9,Wicked (2024 Film),4953,867178,25027
2024-12-19,10,Keluar Main 1994,4853,148498,2908
2024-12-19,11,Kraven The Hunter,4637,267549,11073
2024-12-19,12,Konco-Konco Edan,2482,83609,3843
2024-12-19,13,Puang Bos,1373,43227,1145
2024-12-19,14,"Sampai Nanti, Hanna!",816,21767,1844
2024-12-19,15,Mariara,681,39422,1524
2024-12-19,16,Sun Tree,571,571,105
2024-12-19,17,Devils Stay,403,121458,6012
2024-12-19,18,Cinta Tak Seindah Drama Korea,376,49474,4488
2024-12-19,19,Negeri Para Ketua,301,105040,2362
2024-12-18,1,Mufasa: The Lion King,121516,121516,2494
2024-12-18,2,Hutang Nyawa,54917,498966,12394
2024-12-18,3,Moana 2,38069,2656071,61680
2024-12-18,4,Racun Sangga,32660,315577,8883
2024-12-18,5,Bila Esok Ibu Tiada,11954,3839133,80386
2024-12-18,6,Kraven The Hunter,11263,262912,10896
2024-12-18,7,Wicked (2024 Film),7017,862225,24877
2024-12-18,8,Petak Umpet,1271,463083,13598
2024-12-18,9,Devils Stay,1131,121055,5978
2024-12-18,10,Gladiator II,795,547400,19590
2024-12-18,11,Santet Segoro Pitu,593,1300007,33695
2024-12-18,12,Negeri Para Ketua,524,104739,2351
2024-12-18,13,Werewolves,336,101006,6423
2024-12-17,1,Moana 2,48111,2618002,60140
2024-12-17,2,Racun Sangga,45143,282917,7776
2024-12-17,3,Hutang Nyawa,40459,444049,10668
2024-12-17,4,Kraven The Hunter,22169,251649,10272
2024-12-17,5,Bila Esok Ibu Tiada,17426,3827179,79780
2024-12-17,6,Wicked (2024 Film),11065,855208,24470
2024-12-17,7,Devils Stay,3008,119924,5880
2024-12-17,8,Gladiator II,1831,546605,19525
2024-12-17,9,The Lord of the Rings: The War of the Rohirrim,1042,12077,1222
2024-12-17,10,Werewolves,1008,100670,6391
2024-12-17,11,Negeri Para Ketua,585,104215,2317
2024-12-17,12,Melukis Harapan di Langit India,326,29518,747
2024-12-16,1,Moana 2,61395,2569891,58249
2024-12-16,2,Hutang Nyawa,60060,403590,8662
2024-12-16,3,Racun Sangga,51628,237774,6511
2024-12-16,4,Kraven The Hunter,24775,229480,8965
2024-12-16,5,Bila Esok Ibu Tiada,20184,3809753,79044
2024-12-16,6,Wicked (2024 Film),11048,844143,23673
2024-12-16,7,Devils Stay,2966,116916,5607
2024-12-16,8,Melukis Harapan di Langit India,1868,29192,645
2024-12-16,9,Gladiator II,1712,544774,19401
2024-12-16,10,The Lord of the Rings: The War of the Rohirrim,1339,11035,1092
2024-12-15,1,Moana 2,90127,2508496,56036
2024-12-15,2,Hutang Nyawa,82214,343530,6628
2024-12-15,3,Racun Sangga,54421,186146,5277
2024-12-15,4,Kraven The Hunter,37921,204705,7629
2024-12-15,5,Bila Esok Ibu Tiada,24083,3789569,78293
2024-12-15,6,Wicked (2024 Film),12623,833095,22905
2024-12-15,7,NCT DREAM MYSTERY LAB: DREAM( )SCAPE,9754,27517,14
2024-12-15,8,Devils Stay,5698,113950,5329
2024-12-15,9,Melukis Harapan di Langit India,4488,27324,519
2024-12-15,10,"Sampai Nanti, Hanna!",4144,20951,1775
2024-12-15,11,Gladiator II,2776,543062,19285
2024-12-15,12,The Lord of the Rings: The War of the Rohirrim,2645,9696,926
2024-12-15,13,Negeri Para Ketua,1890,102815,2198
2024-12-15,14,Cinta Dalam Ikhlas,1792,175667,7248
2024-12-15,15,Terkutuk,1759,78446,2047
2024-12-15,16,Puang Bos,1646,41854,1130
2024-12-15,17,Konco-Konco Edan,1567,81127,3666
2024-12-15,18,Cinta Tak Seindah Drama Korea,1466,49098,4444
2024-12-15,19,Werewolves,1438,98989,6207
2024-12-15,20,Santet Segoro Pitu,902,1299414,33679
2024-12-15,21,Mariara,508,38741,1492
2024-12-15,22,Petak Umpet,245,461812,13588
2024-12-15,23,Jatuh Cinta Seperti di Film-Film,171,652476,20174
2024-12-15,24,Guna Guna Istri Muda,154,185995,7559
2024-12-14,1,Moana 2,108119,2418369,54159
2024-12-14,2,Hutang Nyawa,86482,261316,4765
2024-12-14,3,Racun Sangga,54118,131725,4019
2024-12-14,4,Kraven The Hunter,46593,166784,6212
2024-12-14,5,Bila Esok Ibu Tiada,25669,3765486,77626
2024-12-14,6,Wicked (2024 Film),15168,820472,22496
2024-12-14,7,Devils Stay,9420,108252,4956
2024-12-14,8,NCT DREAM MYSTERY LAB: DREAM( )SCAPE,7778,17763,14
2024-12-14,9,Melukis Harapan di Langit India,4537,22836,392
2024-12-14,10,Gladiator II,3576,540286,19170
2024-12-14,11,Terkutuk,3524,76687,2006
2024-12-14,12,The Lord of the Rings: The War of the Rohirrim,3066,7051,721
2024-12-14,13,SEVENTEEN [RIGHT HERE] WORLD TOUR IN JAPAN: LIVE VIEWING,2411,2411,13
2024-12-14,14,Werewolves,1778,97551,6082
2024-12-14,15,Konco-Konco Edan,1585,79560,3606
2024-12-14,16,Negeri Para Ketua,1143,100925,2136
2024-12-14,17,Jatuh Cinta Seperti di Film-Film,258,652305,20153
2024-12-13,1,Hutang Nyawa,84816,174834,2802
2024-12-13,2,Moana 2,60130,2310250,52305
2024-12-13,3,Racun Sangga,39694,77607,2810
2024-12-13,4,Kraven The Hunter,29012,120191,4618
2024-12-13,5,Bila Esok Ibu Tiada,19128,3739817,76908
2024-12-13,6,Wicked (2024 Film),8108,805304,22126
2024-12-13,7,Melukis Harapan di Langit India,5159,18299,242
2024-12-13,8,The Lord of the Rings: The War of the Rohirrim,3985,3985,447
2024-12-13,9,NCT DREAM MYSTERY LAB: DREAM( )SCAPE,3838,9985,14
2024-12-13,10,Devils Stay,3308,98832,4511
2024-12-13,11,Gladiator II,1476,536710,19062
2024-12-13,12,Terkutuk,1447,73163,1949
2024-12-13,13,Konco-Konco Edan,1292,77975,3538
2024-12-13,14,Negeri Para Ketua,857,99782,2077
2024-12-13,15,Jatuh Cinta Seperti di Film-Film,606,652047,20134
2024-12-13,16,Santet Segoro Pitu,587,1298512,33653
2024-12-13,17,Werewolves,501,95773,5931
2024-12-13,18,Petak Umpet,301,461567,13575
2024-12-12,1,Hutang Nyawa,90018,90018,1073
2024-12-12,2,Moana 2,48244,2250120,50723
2024-12-12,3,Racun Sangga,37913,37913,1524
2024-12-12,4,Kraven The Hunter,33365,91179,3234
2024-12-12,5,Bila Esok Ibu Tiada,18122,3720689,76295
2024-12-12,6,Melukis Harapan di Langit India,13140,13140,120
2024-12-12,7,Wicked (2024 Film),8782,797196,21819
2024-12-12,8,Devils Stay,6091,95524,4287
2024-12-12,9,Puang Bos,2776,40208,1117
2024-12-12,10,"Sampai Nanti, Hanna!",2308,16807,1736
2024-12-12,11,Konco-Konco Edan,2267,76683,3458
2024-12-12,12,NCT DREAM MYSTERY LAB: DREAM( )SCAPE,2243,6147,14
2024-12-12,13,Terkutuk,2020,71716,1908
2024-12-12,14,Gladiator II,1822,535234,18974
2024-12-12,15,Negeri Para Ketua,1675,98925,2018
2024-12-12,16,Mariara,1498,38233,1461
2024-12-12,17,Santet Segoro Pitu,1336,1297925,33617
2024-12-12,18,Petak Umpet,1004,461266,13545
2024-12-12,19,Werewolves,862,95272,5893
2024-12-12,20,Cinta Dalam Ikhlas,654,173875,7182
2024-12-12,21,Death Whisperer 2,511,65564,2800
2024-12-12,22,Jatuh Cinta Seperti di Film-Film,366,651441,20110
2024-12-12,23,Guna Guna Istri Muda,340,185841,7536
2024-12-12,24,Cinta Tak Seindah Drama Korea,291,47632,4383
2024-12-11,1,Moana 2,62561,2201876,49122
2024-12-11,2,Kraven The Hunter,57814,57814,1760
2024-12-11,3,Bila Esok Ibu Tiada,25135,3702567,75550
2024-12-11,4,Devils Stay,13158,89433,3903
2024-12-11,5,Wicked (2024 Film),10895,788414,21461
2024-12-11,6,Terkutuk,8612,69696,1795
2024-12-11,7,Konco-Konco Edan,6131,74416,3339
2024-12-11,8,Santet Segoro Pitu,4009,1296589,33537
2024-12-11,9,NCT DREAM MYSTERY LAB: DREAM( )SCAPE,3904,3904,8
2024-12-11,10,Werewolves,3318,94410,5803
2024-12-11,11,Petak Umpet,3081,460262,13462
2024-12-11,12,Guna Guna Istri Muda,2692,185501,7497
2024-12-11,13,Cinta Dalam Ikhlas,2552,173221,7151
2024-12-11,14,Gladiator II,2262,533412,18851
2024-12-11,15,Negeri Para Ketua,1861,97250,1961
2024-12-11,16,Cinta Tak Seindah Drama Korea,1456,47341,4353
2024-12-11,17,Death Whisperer 2,1371,65053,2753
2024-12-11,18,The Colors Within,63,2814,410
2024-12-10,1,Moana 2,65599,2139315,46770
2024-12-10,2,Bila Esok Ibu Tiada,23106,3677432,74484
2024-12-10,3,Devils Stay,15898,76275,3209
2024-12-10,4,Wicked (2024 Film),15687,777519,21001
2024-12-10,5,Terkutuk,11885,61084,1578
2024-12-10,6,Werewolves,8627,91092,5339
2024-12-10,7,Konco-Konco Edan,7613,68285,3018
2024-12-10,8,Petak Umpet,4586,457181,13314
2024-12-10,9,Santet Segoro Pitu,3481,1292580,33417
2024-12-10,10,Guna Guna Istri Muda,3464,182809,7377
2024-12-10,11,Gladiator II,3216,531150,18686
2024-12-10,12,Cinta Dalam Ikhlas,3156,170669,7027
2024-12-10,13,Cinta Tak Seindah Drama Korea,2849,45885,4231
2024-12-10,14,Negeri Para Ketua,2632,95389,1884
2024-12-10,15,Death Whisperer 2,1491,63682,2681
2024-12-10,16,The Colors Within,166,2751,400
2024-12-09,1,Moana 2,73422,2073716,43616
2024-12-09,2,Bila Esok Ibu Tiada,27947,3654326,73245
2024-12-09,3,Wicked (2024 Film),17923,761832,20376
2024-12-09,4,Devils Stay,14903,60377,2410
2024-12-09,5,Terkutuk,10023,49199,1324
2024-12-09,6,Konco-Konco Edan,9197,60672,2543
2024-12-09,7,Werewolves,9058,82465,4599
2024-12-09,8,Guna Guna Istri Muda,3911,179345,7173
2024-12-09,9,Petak Umpet,3895,452595,13129
2024-12-09,10,Santet Segoro Pitu,3880,1289099,33290
2024-12-09,11,Cinta Dalam Ikhlas,3738,167513,6837
2024-12-09,12,Negeri Para Ketua,3310,92757,1768
2024-12-09,13,Cinta Tak Seindah Drama Korea,2895,43036,3932
2024-12-09,14,Gladiator II,2537,527934,18481
2024-12-09,15,Death Whisperer 2,1780,62191,2597
2024-12-09,16,The Colors Within,160,2585,365
2024-12-08,1,Moana 2,162503,2000294,40287
2024-12-08,2,Bila Esok Ibu Tiada,62357,3626379,71926
2024-12-08,3,Wicked (2024 Film),27409,743909,19759
2024-12-08,4,Werewolves,19578,73407,3845
2024-12-08,5,Devils Stay,18925,45474,1705
2024-12-08,6,Konco-Konco Edan,16180,51475,2024
2024-12-08,7,Terkutuk,13693,39176,1018
2024-12-08,8,Petak Umpet,8699,448700,12916
2024-12-08,9,Guna Guna Istri Muda,7147,175434,6941
2024-12-08,10,Gladiator II,6542,525397,18328
2024-12-08,11,Santet Segoro Pitu,6409,1285219,33160
2024-12-08,12,Cinta Tak Seindah Drama Korea,5670,40141,3438
2024-12-08,13,Cinta Dalam Ikhlas,5269,163775,6616
2024-12-08,14,Negeri Para Ketua,4438,89447,1645
2024-12-08,15,Mariara,3306,36735,1368
2024-12-08,16,Death Whisperer 2,2822,60411,2511
2024-12-08,17,Puang Bos,2791,37432,1083
2024-12-08,18,"Sampai Nanti, Hanna!",1815,14499,1557
2024-12-08,19,"RM: RIGHT PEOPLE, WRONG PLACE",1681,6133,168
2024-12-08,20,LAUFEY'S A NIGHT AT THE SYMPHONY: HOLLYWOOD BOWL,846,2194,29
2024-12-08,21,We Live in Time,741,39214,2516
2024-12-08,22,PUSHPA 2 : THE RULE,441,1436,25
2024-12-08,23,The Colors Within,426,2425,318
2024-12-08,24,The Canterville Ghost,58,143,66
2024-12-07,1,Moana 2,221056,1837791,36986
2024-12-07,2,Bila Esok Ibu Tiada,63015,3564022,70710
2024-12-07,3,Wicked (2024 Film),33736,716500,19083
2024-12-07,4,Werewolves,21643,53829,3109
2024-12-07,5,Devils Stay,19003,26549,1014
2024-12-07,6,Konco-Konco Edan,14800,35295,1533
2024-12-07,7,Terkutuk,12293,25483,724
2024-12-07,8,Cinta Tak Seindah Drama Korea,10529,34471,2987
2024-12-07,9,Petak Umpet,7572,440001,12705
2024-12-07,10,Gladiator II,6227,518855,18189
2024-12-07,11,Santet Segoro Pitu,6001,1278810,33039
2024-12-07,12,Guna Guna Istri Muda,5394,168287,6730
2024-12-07,13,Cinta Dalam Ikhlas,4765,158506,6422
2024-12-07,14,Negeri Para Ketua,2900,85009,1530
2024-12-07,15,Death Whisperer 2,2719,57589,2426
2024-12-07,16,"RM: RIGHT PEOPLE, WRONG PLACE",2245,4452,133
2024-12-07,17,"Sampai Nanti, Hanna!",1810,12684,1449
2024-12-07,18,We Live in Time,789,38473,2489
2024-12-07,19,LAUFEY'S A NIGHT AT THE SYMPHONY: HOLLYWOOD BOWL,764,1348,19
2024-12-07,20,The Colors Within,553,1999,277
2024-12-07,21,PUSHPA 2 : THE RULE,448,995,19
2024-12-07,22,The Canterville Ghost,47,85,48
2024-12-06,1,Moana 2,142344,1616735,33785
2024-12-06,2,Bila Esok Ibu Tiada,51821,3501007,69490
2024-12-06,3,Wicked (2024 Film),22385,682764,18497
2024-12-06,4,Werewolves,11155,32186,2380
2024-12-06,5,Konco-Konco Edan,10091,20495,1055
2024-12-06,6,Cinta Tak Seindah Drama Korea,8769,23942,2285
2024-12-06,7,Petak Umpet,8591,432429,12497
2024-12-06,8,Devils Stay,7546,7546,366
2024-12-06,9,Terkutuk,7314,13190,380
2024-12-06,10,Guna Guna Istri Muda,6019,162893,6517
2024-12-06,11,Santet Segoro Pitu,4303,1272809,32924
2024-12-06,12,"Sampai Nanti, Hanna!",4015,10874,1245
2024-12-06,13,Gladiator II,3919,512628,18062
2024-12-06,14,Cinta Dalam Ikhlas,3701,153741,6224
2024-12-06,15,Negeri Para Ketua,2018,82109,1413
2024-12-06,16,Death Whisperer 2,1762,54870,2344
2024-12-06,17,"RM: RIGHT PEOPLE, WRONG PLACE",768,2207,89
2024-12-06,18,We Live in Time,585,37684,2465
2024-12-06,19,LAUFEY'S A NIGHT AT THE SYMPHONY: HOLLYWOOD BOWL,584,584,9
2024-12-06,20,The Colors Within,316,1446,219
2024-12-06,21,PUSHPA 2 : THE RULE,311,547,13
2024-12-06,22,The Canterville Ghost,38,38,27
2024-12-05,1,Moana 2,75978,1474391,31386
2024-12-05,2,Bila Esok Ibu Tiada,40096,3449186,68163
2024-12-05,3,Wicked (2024 Film),17599,660379,17964
2024-12-05,4,Cinta Tak Seindah Drama Korea,15173,15173,1378
2024-12-05,5,Konco-Konco Edan,10404,10404,534
2024-12-05,6,Werewolves,10017,21031,1557
2024-12-05,7,"Sampai Nanti, Hanna!",6859,6859,776
2024-12-05,8,Negeri Para Ketua,6543,80091,1287
2024-12-05,9,Terkutuk,5876,5876,200
2024-12-05,10,Petak Umpet,5091,423838,12306
2024-12-05,11,Guna Guna Istri Muda,4840,156874,6260
2024-12-05,12,Cinta Dalam Ikhlas,3960,150040,6045
2024-12-05,13,Santet Segoro Pitu,3875,1268506,32815
2024-12-05,14,Gladiator II,3596,508709,17902
2024-12-05,15,Puang Bos,2290,34641,1052
2024-12-05,16,Death Whisperer 2,2054,53108,2250
2024-12-05,17,"RM: RIGHT PEOPLE, WRONG PLACE",1439,1439,55
2024-12-05,18,Mariara,831,33429,1273
2024-12-05,19,The Colors Within,533,1130,146
2024-12-05,20,Keluar Main 1994,515,143645,2904
2024-12-05,21,We Live in Time,461,37099,2427
2024-12-05,22,PUSHPA 2 : THE RULE,236,236,8
2024-12-04,1,Moana 2,76482,1398413,28575
2024-12-04,2,Bila Esok Ibu Tiada,45458,3409090,66936
2024-12-04,3,Wicked (2024 Film),18401,642780,17412
2024-12-04,4,Guna Guna Istri Muda,12288,152034,5939
2024-12-04,5,Werewolves,11014,11014,750
2024-12-04,6,Petak Umpet,9106,418747,12080
2024-12-04,7,Negeri Para Ketua,8979,73548,1153
2024-12-04,8,Cinta Dalam Ikhlas,6869,146080,5807
2024-12-04,9,Santet Segoro Pitu,4544,1264631,32687
2024-12-04,10,Gladiator II,3475,505113,17748
2024-12-04,11,Death Whisperer 2,3137,51054,2140
2024-12-04,12,Mariara,2130,32598,1230
2024-12-04,13,We Live in Time,748,36638,2386
2024-12-04,14,The Colors Within,597,597,80
2024-12-04,15,Megalopolis,282,8621,989
2024-12-03,1,Moana 2,165882,1321931,25487
2024-12-03,2,Bila Esok Ibu Tiada,43533,3363632,65372
2024-12-03,3,Wicked (2024 Film),18913,624379,16753
2024-12-03,4,Guna Guna Istri Muda,14915,139746,5375
2024-12-03,5,Petak Umpet,10046,409641,11701
2024-12-03,6,Cinta Dalam Ikhlas,9846,139211,5383
2024-12-03,7,Negeri Para Ketua,8541,64569,1012
2024-12-03,8,Gladiator II,5012,501638,17516
2024-12-03,9,Santet Segoro Pitu,4994,1260087,32534
2024-12-03,10,Death Whisperer 2,4045,47917,1951
2024-12-03,11,Mariara,2543,30468,1152
2024-12-03,12,We Live in Time,1130,35890,2314
2024-12-03,13,Red One,926,507859,18721
2024-12-03,14,Megalopolis,716,8339,941
2024-12-03,15,THE QUINTESSENTIAL QUINTUPLETS SPECIALS2,100,2370,346
2024-12-02,1,Moana 2,100610,1238990,21461
2024-12-02,2,Bila Esok Ibu Tiada,63220,3320099,63374
2024-12-02,3,Wicked (2024 Film),19018,605466,16057
2024-12-02,4,Guna Guna Istri Muda,14838,124831,4715
2024-12-02,5,Cinta Dalam Ikhlas,14230,129365,4867
2024-12-02,6,Negeri Para Ketua,11319,56028,842
2024-12-02,7,Petak Umpet,11010,399595,11305
2024-12-02,8,Santet Segoro Pitu,5069,1255093,32356
2024-12-02,9,Gladiator II,4718,496626,17213
2024-12-02,10,Death Whisperer 2,4656,43872,1743
2024-12-02,11,Mariara,2781,27925,1037
2024-12-02,12,Megalopolis,868,7623,805
2024-12-02,13,We Live in Time,845,34760,2198
2024-12-02,14,Red One,755,506933,18682
2024-12-02,15,THE QUINTESSENTIAL QUINTUPLETS SPECIALS2,100,2270,319
2024-12-01,1,Moana 2,178721,1138380,17970
2024-12-01,2,Bila Esok Ibu Tiada,100152,3256879,61644
2024-12-01,3,Wicked (2024 Film),28900,586448,15368
2024-12-01,4,Petak Umpet,22523,388585,10857
2024-12-01,5,Guna Guna Istri Muda,22200,109993,4095
2024-12-01,6,Cinta Dalam Ikhlas,17400,115135,4364
2024-12-01,7,Negeri Para Ketua,11963,44709,691
2024-12-01,8,Santet Segoro Pitu,11850,1250024,32179
2024-12-01,9,Gladiator II,10833,491908,16964
2024-12-01,10,Death Whisperer 2,7205,39216,1535
2024-12-01,11,Mariara,5825,25144,913
2024-12-01,12,Puang Bos,3012,32351,986
2024-12-01,13,Keluar Main 1994,2618,143130,2903
2024-12-01,14,BAEKHYUN: LONSDALEITE (DOT) IN CINEMAS,2580,7682,17
2024-12-01,15,Megalopolis,2041,6755,689
2024-12-01,16,Red One,1813,506178,18646
2024-12-01,17,We Live in Time,1343,33915,2133
2024-12-01,18,Pantaskah Aku Berhijab,373,22079,2075
2024-12-01,19,THE QUINTESSENTIAL QUINTUPLETS SPECIALS2,192,2170,289
2025-01-31,1,Perayaan Mati Rasa,57399,210083,3886
2025-01-31,2,Dark Nuns,55370,802723,17068
2025-01-31,3,1 Kakak 7 Ponakan,53258,602358,13628
2025-01-31,4,Pengantin Iblis,50832,161584,3186
2025-01-31,5,Pengantin Setan,19962,761762,21628
2025-01-31,6,Sebelum 7 Hari,13571,367126,11714
2025-01-31,7,Paddington in Peru,4989,113777,4711
2025-01-31,8,Woodwalkers,4556,4556,515
2025-01-31,9,Keajaiban Air Mata Wanita,4497,185585,4183
2025-01-31,10,Flight Risk,3345,77669,6838
2025-01-31,11,Companion,2055,9287,982
2025-01-31,12,Rider,1181,4817,224
2025-01-31,13,Lagu Cinta Untuk Mama,1052,5131,530
2025-01-31,14,The Last Dance,392,1190,124
2025-01-31,15,OVERLORD: THE SACRED KINGDOM,281,17728,1002
2025-01-31,16,Forbidden Fairytale,221,1231,154
2025-01-31,17,Deva,106,106,8
2025-01-31,18,(G)I-DLE WORLD TOUR [IDOL] IN CINEMA,14,147,56
2025-01-30,1,Dark Nuns,54795,747353,15270
2025-01-30,2,1 Kakak 7 Ponakan,48091,549100,12325
2025-01-30,3,Perayaan Mati Rasa,47575,152684,2493
2025-01-30,4,Pengantin Iblis,42356,110752,1996
2025-01-30,5,Pengantin Setan,21319,741800,21004
2025-01-30,6,Sebelum 7 Hari,13321,353555,11128
2025-01-30,7,Paddington in Peru,4981,108788,4358
2025-01-30,8,Keajaiban Air Mata Wanita,3784,181088,4077
2025-01-30,9,Flight Risk,2503,74324,6532
2025-01-30,10,Companion,2376,7232,770
2025-01-30,11,Lagu Cinta Untuk Mama,1379,4079,470
2025-01-30,12,Rider,1378,3636,164
2025-01-30,13,The Last Dance,430,798,84
2025-01-30,14,OVERLORD: THE SACRED KINGDOM,376,17447,974
2025-01-30,15,Forbidden Fairytale,247,1010,119
2025-01-30,16,(G)I-DLE WORLD TOUR [IDOL] IN CINEMA,33,133,41
2025-01-29,1,Perayaan Mati Rasa,105109,105109,1186
2025-01-29,2,Dark Nuns,91654,692558,13413
2025-01-29,3,1 Kakak 7 Ponakan,83582,501009,10783
2025-01-29,4,Pengantin Iblis,68396,68396,902
2025-01-29,5,Pengantin Setan,38979,720481,20246
2025-01-29,6,Sebelum 7 Hari,28445,340234,10284
2025-01-29,7,Paddington in Peru,14131,103807,3806
2025-01-29,8,Keajaiban Air Mata Wanita,4914,177304,3962
2025-01-29,9,Companion,4856,4856,415
2025-01-29,10,Flight Risk,4462,71821,6236
2025-01-29,11,Lagu Cinta Untuk Mama,2700,2700,302
2025-01-29,12,Rider,2258,2258,67
2025-01-29,13,Forbidden Fairytale,763,763,49
2025-01-29,14,OVERLORD: THE SACRED KINGDOM,665,17071,939
2025-01-29,15,Almarhum,654,721040,22744
2025-01-29,16,Eva - Pendakian Terakhir,532,106807,4894
2025-01-29,17,The Last Dance,368,368,45
2025-01-29,18,(G)I-DLE WORLD TOUR [IDOL] IN CINEMA,100,100,23
2025-01-29,19,1 Imam 2 Makmum,80,150096,10521
2025-01-29,20,Ambyar Mak Byar,26,84711,6323
2025-01-28,1,Dark Nuns,100713,600904,11412
2025-01-28,2,1 Kakak 7 Ponakan,95302,417427,9341
2025-01-28,3,Sebelum 7 Hari,56558,311789,9309
2025-01-28,4,Pengantin Setan,48450,681502,19311
2025-01-28,5,Paddington in Peru,23467,89676,3242
2025-01-28,6,Keajaiban Air Mata Wanita,10994,172390,3805
2025-01-28,7,Flight Risk,8033,67359,6009
2025-01-28,8,Almarhum,2708,720386,22694
2025-01-28,9,404 Run Run,2192,66691,3494
2025-01-28,10,OVERLORD: THE SACRED KINGDOM,1487,16406,902
2025-01-27,1,Dark Nuns,138289,500191,9008
2025-01-27,2,1 Kakak 7 Ponakan,100497,322125,7855
2025-01-27,3,Sebelum 7 Hari,59821,255231,7951
2025-01-27,4,Pengantin Setan,57181,633052,18108
2025-01-27,5,Paddington in Peru,29223,66209,2513
2025-01-27,6,Keajaiban Air Mata Wanita,12335,161396,3453
2025-01-27,7,Flight Risk,9774,59326,5370
2025-01-27,8,Almarhum,3439,717678,22585
2025-01-27,9,404 Run Run,2737,64499,3421
2025-01-27,10,OVERLORD: THE SACRED KINGDOM,1702,14919,825
2025-01-27,11,1 Imam 2 Makmum,1471,150016,10415
2025-01-27,12,The Prosecutor,1321,406833,18455
2025-01-27,13,Den of Thieves 2: Pantera,953,147064,11277
2025-01-27,14,Modal Nekad,578,865055,21941
2025-01-26,1,Dark Nuns,128078,361902,6631
2025-01-26,2,1 Kakak 7 Ponakan,73739,221628,6092
2025-01-26,3,Sebelum 7 Hari,58277,195410,6476
2025-01-26,4,Pengantin Setan,55049,575871,16935
2025-01-26,5,Paddington in Peru,19193,36986,1736
2025-01-26,6,Flight Risk,11568,49552,4757
2025-01-26,7,Keajaiban Air Mata Wanita,10646,149061,2998
2025-01-26,8,Almarhum,3898,714239,22468
2025-01-26,9,2nd Miracle in Cell No. 7,2612,1900902,31599
2025-01-26,10,OVERLORD: THE SACRED KINGDOM,2390,13217,699
2025-01-26,11,404 Run Run,2371,61762,3347
2025-01-26,12,1 Imam 2 Makmum,2115,148545,10300
2025-01-26,13,Eva - Pendakian Terakhir,1493,106275,4795
2025-01-26,14,The Prosecutor,1459,405512,18388
2025-01-26,15,Den of Thieves 2: Pantera,1062,146111,11235
2025-01-26,16,Ambyar Mak Byar,909,84685,6322
2025-01-26,17,Sky Force,656,1417,65
2025-01-26,18,Mama,426,2264,666
2025-01-25,1,Dark Nuns,128666,233824,3980
2025-01-25,2,1 Kakak 7 Ponakan,50947,147889,4546
2025-01-25,3,Sebelum 7 Hari,46952,137133,4920
2025-01-25,4,Pengantin Setan,43367,520822,15678
2025-01-25,5,Paddington in Peru,14165,17793,1154
2025-01-25,6,Keajaiban Air Mata Wanita,11688,138415,2385
2025-01-25,7,Flight Risk,10065,37984,4022
2025-01-25,8,OVERLORD: THE SACRED KINGDOM,2603,10827,561
2025-01-25,9,Almarhum,2585,710341,22333
2025-01-25,10,404 Run Run,2114,59391,3271
2025-01-25,11,1 Imam 2 Makmum,2107,146430,10148
2025-01-25,12,Eva - Pendakian Terakhir,1707,104782,4701
2025-01-25,13,The Prosecutor,1203,404053,18320
2025-01-25,14,Den of Thieves 2: Pantera,854,145049,11193
2025-01-25,15,Sky Force,546,761,41
2025-01-24,1,Dark Nuns,105158,105158,1769
2025-01-24,2,Keajaiban Air Mata Wanita,53372,126727,1541
2025-01-24,3,Pengantin Setan,41202,477455,14455
2025-01-24,4,Sebelum 7 Hari,39364,90181,3396
2025-01-24,5,1 Kakak 7 Ponakan,36442,96942,3057
2025-01-24,6,Flight Risk,5352,27919,3377
2025-01-24,7,Almarhum,4005,707756,22206
2025-01-24,8,Paddington in Peru,3628,3628,576
2025-01-24,9,Eva - Pendakian Terakhir,2922,103075,4559
2025-01-24,10,1 Imam 2 Makmum,2902,144323,9965
2025-01-24,11,OVERLORD: THE SACRED KINGDOM,1962,8224,426
2025-01-24,12,The Prosecutor,1651,402850,18257
2025-01-24,13,404 Run Run,1179,57277,3202
2025-01-24,14,Den of Thieves 2: Pantera,542,144195,11151
2025-01-24,15,Sky Force,215,215,17
2025-01-23,1,Keajaiban Air Mata Wanita,73355,73355,778
2025-01-23,2,1 Kakak 7 Ponakan,60500,60500,1612
2025-01-23,3,Sebelum 7 Hari,50817,50817,1815
2025-01-23,4,Pengantin Setan,46248,436253,13211
2025-01-23,5,Flight Risk,9556,22567,2734
2025-01-23,6,Almarhum,6454,703751,22046
2025-01-23,7,Eva - Pendakian Terakhir,5538,100153,4411
2025-01-23,8,1 Imam 2 Makmum,4138,141421,9761
2025-01-23,9,OVERLORD: THE SACRED KINGDOM,2176,6262,316
2025-01-23,10,404 Run Run,2016,56098,3106
2025-01-23,11,Mama,1838,1838,370
2025-01-23,12,2nd Miracle in Cell No. 7,1691,1898290,31485
2025-01-23,13,1 Coto 5 Ketupat,1397,1397,18
2025-01-23,14,Mufasa: The Lion King,898,1872836,46164
2025-01-23,15,Den of Thieves 2: Pantera,800,143653,11098
2025-01-23,16,The Prosecutor,701,401199,18145
2025-01-23,17,Bayang-Bayang Anak Jahanam,514,28140,1909
2025-01-23,18,Racun Sangga,240,566432,14074
2025-01-23,19,About Family,222,24252,4009
2025-01-23,20,Buku Harianku,89,148107,32
2025-01-22,1,Pengantin Setan,56254,390005,11905
2025-01-22,2,Almarhum,27744,697297,21683
2025-01-22,3,Eva - Pendakian Terakhir,13583,94615,4112
2025-01-22,4,Flight Risk,13011,13011,1650
2025-01-22,5,1 Imam 2 Makmum,12806,137283,9415
2025-01-22,6,2nd Miracle in Cell No. 7,5950,1896599,31363
2025-01-22,7,404 Run Run,4727,54082,2880
2025-01-22,8,OVERLORD: THE SACRED KINGDOM,4086,4086,168
2025-01-22,9,The Prosecutor,2555,400498,17932
2025-01-22,10,Den of Thieves 2: Pantera,2528,142853,10993
2025-01-22,11,Wolf Man,1987,74451,9001
2025-01-22,12,Mufasa: The Lion King,1105,1871938,46056
2025-01-22,13,Dirty Angels,404,52906,6597
2025-01-22,14,About Family,365,24030,3967
2025-01-22,15,1 Million Followers,232,5682,995
2025-01-21,1,Pengantin Setan,47925,333751,10280
2025-01-21,2,Almarhum,14349,669553,20731
2025-01-21,3,Eva - Pendakian Terakhir,13576,81032,3508
2025-01-21,4,1 Imam 2 Makmum,12269,124477,8534
2025-01-21,5,2nd Miracle in Cell No. 7,6261,1890649,30960
2025-01-21,6,404 Run Run,4820,49355,2473
2025-01-21,7,The Prosecutor,3528,397943,17456
2025-01-21,8,Wolf Man,3231,72464,8565
2025-01-21,9,Mufasa: The Lion King,2088,1870833,45811
2025-01-21,10,Den of Thieves 2: Pantera,1455,140325,10715
2025-01-20,1,Pengantin Setan,55734,285826,8506
2025-01-20,2,Almarhum,19711,655204,19343
2025-01-20,3,Eva - Pendakian Terakhir,13811,67456,2913
2025-01-20,4,1 Imam 2 Makmum,10817,112208,7334
2025-01-20,5,2nd Miracle in Cell No. 7,8268,1884388,30490
2025-01-20,6,404 Run Run,4324,44535,2018
2025-01-20,7,The Prosecutor,3938,394415,16658
2025-01-20,8,Wolf Man,3817,69233,7676
2025-01-20,9,Den of Thieves 2: Pantera,2973,138870,10223
2025-01-20,10,Mufasa: The Lion King,1656,1868745,45370
2025-01-20,11,1 Million Followers,578,5018,838
2025-01-20,12,Panggonan Wingit 2 - Miss K,503,1100532,22340
2025-01-20,13,About Family,322,23241,3812
2025-01-20,14,Dirty Angels,242,51891,6229
2025-01-20,15,"Hello, Love, Again",50,509,133
2025-01-19,1,Moana 2,83314,3187999,73050
2025-01-19,2,Pengantin Setan,73660,230092,6761
2025-01-19,3,Almarhum,33087,635493,18010
2025-01-19,4,1 Imam 2 Makmum,21098,101391,6095
2025-01-19,5,2nd Miracle in Cell No. 7,15908,1876120,30013
2025-01-19,6,Wolf Man,12590,65416,6631
2025-01-19,7,Den of Thieves 2: Pantera,12512,135897,9588
2025-01-19,8,404 Run Run,11806,40211,1616
2025-01-19,9,The Prosecutor,10436,390477,15960
2025-01-19,10,Eva - Pendakian Terakhir,10155,53645,2301
2025-01-19,11,Mufasa: The Lion King,9480,1867089,45053
2025-01-19,12,Ambyar Mak Byar,4015,83776,6186
2025-01-19,13,Bayang-Bayang Anak Jahanam,2172,27626,1655
2025-01-19,14,Ketindihan,1753,44936,3846
2025-01-19,15,1 Million Followers,1248,4440,692
2025-01-19,16,About Family,946,22919,3749
2025-01-19,17,Panggonan Wingit 2 - Miss K,814,1100029,22283
2025-01-19,18,Dirty Angels,669,51649,6161
2025-01-19,19,Sorop,665,691443,17721
2025-01-19,20,Modal Nekad,628,864477,21925
2025-01-19,21,Racun Sangga,562,566192,14071
2025-01-19,22,Utusan Iblis,552,156275,5498
2025-01-19,23,LOVE LIVE! NIJIGASAKI HIGH SCHOOL IDOL CLUB THE MOVIE - FINALE - CHAPTER 1,157,382,38
2025-01-19,24,"Hello, Love, Again",145,459,109
2025-01-19,25,Elang,30,1332,681
2025-01-18,1,Pengantin Setan,50433,156432,4747
2025-01-18,2,Almarhum,40056,602406,16623
2025-01-18,3,1 Imam 2 Makmum,23821,80293,4623
2025-01-18,4,2nd Miracle in Cell No. 7,18939,1860212,29502
2025-01-18,5,Wolf Man,18483,52826,5596
2025-01-18,6,Den of Thieves 2: Pantera,16211,123385,8913
2025-01-18,7,404 Run Run,13263,28405,1161
2025-01-18,8,Eva - Pendakian Terakhir,12097,43490,1676
2025-01-18,9,Mufasa: The Lion King,10662,1857609,44689
2025-01-18,10,The Prosecutor,7905,380041,15387
2025-01-18,11,Bayang-Bayang Anak Jahanam,3303,25454,1423
2025-01-18,12,1 Million Followers,1831,3192,512
2025-01-18,13,About Family,1299,21973,3690
2025-01-18,14,Panggonan Wingit 2 - Miss K,1120,1099215,22225
2025-01-18,15,Dirty Angels,822,50980,6094
2025-01-18,16,Tomorrow X Together Hyperfocus in Cinemas,571,1134,30
2025-01-18,17,"Hello, Love, Again",142,314,77
2025-01-18,18,LOVE LIVE! NIJIGASAKI HIGH SCHOOL IDOL CLUB THE MOVIE - FINALE - CHAPTER 1,99,225,25
2025-01-17,1,Pengantin Setan,45611,105999,2798
2025-01-17,2,Almarhum,31703,562350,15237
2025-01-17,3,Eva - Pendakian Terakhir,19866,31393,1033
2025-01-17,4,1 Imam 2 Makmum,19420,56472,3046
2025-01-17,5,2nd Miracle in Cell No. 7,10470,1841273,29027
2025-01-17,6,Bayang-Bayang Anak Jahanam,9213,22151,1085
2025-01-17,7,Wolf Man,8840,34343,4515
2025-01-17,8,404 Run Run,4690,15142,729
2025-01-17,9,The Prosecutor,3722,372136,15013
2025-01-17,10,Den of Thieves 2: Pantera,3624,107174,8258
2025-01-17,11,Mufasa: The Lion King,2523,1846947,44391
2025-01-17,12,1 Million Followers,1361,1361,267
2025-01-17,13,Panggonan Wingit 2 - Miss K,801,1098095,22160
2025-01-17,14,About Family,530,20674,3635
2025-01-17,15,Dirty Angels,339,50158,6035
2025-01-17,16,"Hello, Love, Again",172,172,42
2025-01-17,17,Tomorrow X Together Hyperfocus in Cinemas,142,563,19
2025-01-17,18,LOVE LIVE! NIJIGASAKI HIGH SCHOOL IDOL CLUB THE MOVIE - FINALE - CHAPTER 1,126,126,11
2025-01-16,1,Pengantin Setan,60388,60388,1332
2025-01-16,2,1 Imam 2 Makmum,37052,37052,1451
2025-01-16,3,Almarhum,27427,530647,13991
2025-01-16,4,Bayang-Bayang Anak Jahanam,12938,12938,486
2025-01-16,5,Eva - Pendakian Terakhir,11527,11527,414
2025-01-16,6,2nd Miracle in Cell No. 7,10860,1830803,28574
2025-01-16,7,Wolf Man,9528,25503,3282
2025-01-16,8,404 Run Run,4510,10452,489
2025-01-16,9,The Prosecutor,2860,368414,14677
2025-01-16,10,Den of Thieves 2: Pantera,2818,103550,7942
2025-01-16,11,Mufasa: The Lion King,1806,1844424,44209
2025-01-16,12,Panggonan Wingit 2 - Miss K,1628,1097294,22077
2025-01-16,13,Racun Sangga,926,565630,14067
2025-01-16,14,Sonic the Hedgehog 3,704,897806,22960
2025-01-16,15,Dirty Angels,546,49819,5975
2025-01-16,16,Ambyar Mak Byar,534,79761,6020
2025-01-16,17,Tomorrow X Together Hyperfocus in Cinemas,421,421,11
2025-01-16,18,About Family,377,20144,3577
2025-01-16,19,Modal Nekad,239,863849,21875
2025-01-16,20,Ketindihan,214,43183,3761
2025-01-16,21,Utusan Iblis,70,155723,5479
2025-01-15,1,Almarhum,55755,503220,12678
2025-01-15,2,2nd Miracle in Cell No. 7,18658,1819943,28001
2025-01-15,3,Wolf Man,15975,15975,1867
2025-01-15,4,404 Run Run,5294,5942,269
2025-01-15,5,The Prosecutor,5174,365554,14335
2025-01-15,6,Panggonan Wingit 2 - Miss K,4942,1095666,21922
2025-01-15,7,Den of Thieves 2: Pantera,4465,100732,7663
2025-01-15,8,Mufasa: The Lion King,2927,1842618,43991
2025-01-15,9,Ambyar Mak Byar,2227,79227,5971
2025-01-15,10,Dirty Angels,1447,49273,5889
2025-01-15,11,Ketindihan,1326,42969,3713
2025-01-15,12,Sonic the Hedgehog 3,1205,897102,22865
2025-01-15,13,About Family,1090,19767,3521
2025-01-15,14,Modal Nekad,834,863610,21844
2025-01-15,15,Utusan Iblis,516,155653,5462
2025-01-15,16,Hear Me: Our Summer,199,7558,1036
2025-01-15,17,Oh My Ghost: The Finale,47,991,191
2025-01-14,1,Almarhum,52532,447465,11054
2025-01-14,2,2nd Miracle in Cell No. 7,19338,1801285,27053
2025-01-14,3,The Prosecutor,6241,360380,13728
2025-01-14,4,Den of Thieves 2: Pantera,5074,96267,7075
2025-01-14,5,Panggonan Wingit 2 - Miss K,4847,1090724,21574
2025-01-14,6,Mufasa: The Lion King,4190,1839691,43565
2025-01-14,7,Ambyar Mak Byar,4057,77000,5637
2025-01-14,8,Sonic the Hedgehog 3,2134,895897,22573
2025-01-14,9,Dirty Angels,1768,47826,5493
2025-01-14,10,About Family,1688,18677,3305
2025-01-14,11,Ketindihan,1584,41643,3512
2025-01-14,12,Utusan Iblis,842,155137,5390
2025-01-14,13,Modal Nekad,778,862776,21785
2025-01-14,14,Hear Me: Our Summer,556,7359,988
2025-01-14,15,Sorop,268,690778,17688
2025-01-14,16,Harbin,173,18622,1458
2025-01-14,17,Oh My Ghost: The Finale,93,944,175
2025-01-13,1,Almarhum,59212,394933,9135
2025-01-13,2,2nd Miracle in Cell No. 7,22462,1781947,26028
2025-01-13,3,Den of Thieves 2: Pantera,9010,91193,6214
2025-01-13,4,The Prosecutor,7997,354139,12894
2025-01-13,5,Panggonan Wingit 2 - Miss K,6376,1085877,21163
2025-01-13,6,Mufasa: The Lion King,3951,1835501,42889
2025-01-13,7,Ambyar Mak Byar,3058,72943,4968
2025-01-13,8,Ketindihan,2749,40059,3105
2025-01-13,9,About Family,1994,16989,2856
2025-01-13,10,Dirty Angels,1959,46058,4870
2025-01-13,11,Sonic the Hedgehog 3,1641,893763,22052
2025-01-13,12,Modal Nekad,1152,861998,21694
2025-01-13,13,Utusan Iblis,1148,154295,5283
2025-01-13,14,Hear Me: Our Summer,676,6803,877
2025-01-13,15,Sorop,480,690510,17621
2025-01-13,16,Harbin,216,18449,1406
2025-01-13,17,Oh My Ghost: The Finale,104,851,147
2025-01-13,18,Bila Esok Ibu Tiada,10,3927731,82442
2025-01-12,1,Almarhum,79818,335721,7209
2025-01-12,2,2nd Miracle in Cell No. 7,43109,1759485,25001
2025-01-12,3,Den of Thieves 2: Pantera,20653,82183,5193
2025-01-12,4,Mufasa: The Lion King,19362,1831550,42281
2025-01-12,5,The Prosecutor,17993,346142,12169
2025-01-12,6,Ambyar Mak Byar,17613,69885,4153
2025-01-12,7,Panggonan Wingit 2 - Miss K,10133,1079501,20763
2025-01-12,8,Sonic the Hedgehog 3,9813,892122,21770
2025-01-12,9,Ketindihan,6597,37310,2617
2025-01-12,10,About Family,4084,14995,2348
2025-01-12,11,Dirty Angels,3576,44099,4395
2025-01-12,12,Utusan Iblis,3188,153147,5129
2025-01-12,13,Racun Sangga,3075,564704,14004
2025-01-12,14,Keluar Main 1994,2238,150736,2908
2025-01-12,15,Bila Esok Ibu Tiada,2109,3927721,82440
2025-01-12,16,Buku Harianku,1834,148018,32
2025-01-12,17,Modal Nekad,1831,860846,21598
2025-01-12,18,Sorop,1812,690030,17532
2025-01-12,19,Hear Me: Our Summer,1050,6127,780
2025-01-12,20,Harbin,810,18233,1356
2025-01-12,21,Zanna: Whisper of Volcano Isle,650,36643,2475
2025-01-12,22,404 Run Run,648,648,22
2025-01-12,23,Oh My Ghost: The Finale,368,747,113
2025-01-12,24,Elang,167,1302,644
2025-01-11,1,Almarhum,79245,255903,5558
2025-01-11,2,2nd Miracle in Cell No. 7,47966,1716376,24028
2025-01-11,3,Den of Thieves 2: Pantera,27302,61530,4065
2025-01-11,4,Mufasa: The Lion King,23242,1812188,41625
2025-01-11,5,Ambyar Mak Byar,18250,52272,3444
2025-01-11,6,The Prosecutor,16626,328149,11668
2025-01-11,7,Sonic the Hedgehog 3,13635,882309,21486
2025-01-11,8,Panggonan Wingit 2 - Miss K,8403,1069368,20379
2025-01-11,9,Ketindihan,5527,30713,2185
2025-01-11,10,About Family,5405,10911,1805
2025-01-10,1,Almarhum,75456,176658,3733
2025-01-10,2,2nd Miracle in Cell No. 7,31403,1668410,23033
2025-01-10,3,Ambyar Mak Byar,12287,34022,2541
2025-01-10,4,The Prosecutor,10653,311523,11146
2025-01-10,5,Den of Thieves 2: Pantera,9879,34228,2937
2025-01-10,6,Ketindihan,9850,25186,1592
2025-01-10,7,Mufasa: The Lion King,9615,1788946,41028
2025-01-10,8,Panggonan Wingit 2 - Miss K,7300,1060965,19984
2025-01-10,9,Utusan Iblis,6197,145094,4780
2025-01-10,10,About Family,5506,5506,1180
2025-01-09,1,Almarhum,101202,101202,1804
2025-01-09,2,2nd Miracle in Cell No. 7,26234,1637007,22129
2025-01-09,3,Ambyar Mak Byar,21735,21735,1476
2025-01-09,4,Ketindihan,15336,15336,851
2025-01-09,5,Panggonan Wingit 2 - Miss K,9807,1053665,19540
2025-01-09,6,Den of Thieves 2: Pantera,8251,24349,2105
2025-01-09,7,The Prosecutor,7884,300870,10682
2025-01-09,8,Mufasa: The Lion King,6643,1779331,40579
2025-01-09,9,Sonic the Hedgehog 3,3303,864504,20891
2025-01-09,10,Sorop,2978,683327,17175
2025-01-09,11,Utusan Iblis,2628,138897,4594
2025-01-09,12,Modal Nekad,1817,856006,21352
2025-01-09,13,Hear Me: Our Summer,1203,2639,381
2025-01-09,14,Dirty Angels,720,36171,3466
2025-01-09,15,Elang,617,617,466
2025-01-09,16,Harbin,325,16071,1221
2025-01-08,1,2nd Miracle in Cell No. 7,44509,1610773,21179
2025-01-08,2,Panggonan Wingit 2 - Miss K,29499,1043858,18941
2025-01-08,3,Den of Thieves 2: Pantera,16098,16098,1172
2025-01-08,4,The Prosecutor,12304,292986,10118
2025-01-08,5,Mufasa: The Lion King,10271,1772688,40082
2025-01-08,6,Utusan Iblis,7776,136269,4348
2025-01-08,7,Sorop,6485,680349,17048
2025-01-08,8,Modal Nekad,5398,854189,21233
2025-01-08,9,Sonic the Hedgehog 3,4887,861201,20656
2025-01-08,10,Dirty Angels,2729,35451,3349
2025-01-08,11,Racun Sangga,1674,561629,13909
2025-01-08,12,Hear Me: Our Summer,1436,1436,207
2025-01-08,13,Moana 2,946,3104685,72929
2025-01-08,14,Zanna: Whisper of Volcano Isle,682,35993,2438
2025-01-08,15,Harbin,448,15746,1159
2025-01-08,16,Ajian Maut,31,1070,120
2025-01-07,1,2nd Miracle in Cell No. 7,50549,1566264,19852
2025-01-07,2,Panggonan Wingit 2 - Miss K,34244,1014359,17904
2025-01-07,3,The Prosecutor,19103,280682,9171
2025-01-07,4,Mufasa: The Lion King,16457,1762417,39187
2025-01-07,5,Sonic the Hedgehog 3,8136,856314,20107
2025-01-07,6,Sorop,7032,673864,16791
2025-01-07,7,Utusan Iblis,6823,128493,3865
2025-01-07,8,Modal Nekad,5893,848791,20971
2025-01-07,9,Dirty Angels,4447,32722,2770
2025-01-07,10,Moana 2,2154,3103739,72832
2025-01-07,11,Racun Sangga,2139,559955,13861
2025-01-07,12,Zanna: Whisper of Volcano Isle,1089,35311,2389
2025-01-07,13,Harbin,851,15298,1078
2025-01-07,14,Ajian Maut,60,1039,115
2025-01-06,1,2nd Miracle in Cell No. 7,49042,1515715,18495
2025-01-06,2,Panggonan Wingit 2 - Miss K,40105,980115,16781
2025-01-06,3,Mufasa: The Lion King,20494,1745960,37888
2025-01-06,4,The Prosecutor,19671,261579,7897
2025-01-06,5,Utusan Iblis,13116,121670,3273
2025-01-06,6,Sonic the Hedgehog 3,12979,848178,19231
2025-01-06,7,Modal Nekad,7701,842898,20560
2025-01-06,8,Sorop,6760,666832,16509
2025-01-06,9,Racun Sangga,3675,557816,13803
2025-01-06,10,Dirty Angels,3525,28275,2070
2025-01-06,11,Moana 2,2185,3101585,72690
2025-01-06,12,Zanna: Whisper of Volcano Isle,1638,34222,2177
2025-01-06,13,Harbin,740,14447,943
2025-01-06,14,Ajian Maut,37,979,100
2025-01-05,1,2nd Miracle in Cell No. 7,82262,1466673,17119
2025-01-05,2,Panggonan Wingit 2 - Miss K,48883,940010,15635
2025-01-05,3,Mufasa: The Lion King,43201,1725466,36635
2025-01-05,4,The Prosecutor,38447,241908,6723
2025-01-05,5,Sonic the Hedgehog 3,33606,835199,18383
2025-01-05,6,Utusan Iblis,16403,108554,2663
2025-01-05,7,Sorop,14311,660072,16221
2025-01-05,8,Modal Nekad,13759,835197,20183
2025-01-05,9,Dirty Angels,8401,24750,1545
2025-01-05,10,Zanna: Whisper of Volcano Isle,6930,32584,1921
2025-01-04,1,2nd Miracle in Cell No. 7,106704,1384411,15739
2025-01-04,2,Panggonan Wingit 2 - Miss K,62380,891127,14502
2025-01-04,3,Mufasa: The Lion King,51113,1682265,35199
2025-01-04,4,Sonic the Hedgehog 3,48475,801593,17414
2025-01-04,5,The Prosecutor,42209,203461,5518
2025-01-04,6,Utusan Iblis,24187,92151,2043
2025-01-04,7,Modal Nekad,15761,821438,19742
2025-01-04,8,Sorop,13918,645761,15907
2025-01-04,9,Dirty Angels,10595,16349,1021
2025-01-04,10,Zanna: Whisper of Volcano Isle,8570,25654,1578
2025-01-04,11,Moana 2,8466,3093773,72379
2025-01-04,12,Racun Sangga,6723,550361,13695
2025-01-04,13,Harbin,3058,11520,691
2025-01-04,14,Ajian Maut,206,822,85
2025-01-03,1,2nd Miracle in Cell No. 7,96767,1277707,14366
2025-01-03,2,Panggonan Wingit 2 - Miss K,55813,828747,13388
2025-01-03,3,Mufasa: The Lion King,49821,1631152,33862
2025-01-03,4,Sonic the Hedgehog 3,35669,753118,16480
2025-01-03,5,Utusan Iblis,32664,67964,1382
2025-01-03,6,The Prosecutor,30406,161252,4324
2025-01-03,7,Modal Nekad,14279,805677,19273
2025-01-03,8,Sorop,12082,631843,15596
2025-01-03,9,Moana 2,7350,3085307,72180
2025-01-03,10,Zanna: Whisper of Volcano Isle,7260,17084,1182
2025-01-03,11,Racun Sangga,6452,543638,13636
2025-01-03,12,Dirty Angels,5754,5754,451
2025-01-03,13,Harbin,2072,8462,537
2025-01-03,14,Ajian Maut,243,616,65
2025-01-02,1,2nd Miracle in Cell No. 7,114237,1180940,13022
2025-01-02,2,Panggonan Wingit 2 - Miss K,70891,772934,12298
2025-01-02,3,Mufasa: The Lion King,53685,1581331,32606
2025-01-02,4,Sonic the Hedgehog 3,44443,717449,15564
2025-01-02,5,The Prosecutor,42183,130846,3054
2025-01-02,6,Utusan Iblis,35300,35300,637
2025-01-02,7,Modal Nekad,20328,791398,18797
2025-01-02,8,Sorop,15798,619761,15310
2025-01-02,9,Moana 2,9929,3077957,72033
2025-01-02,10,Zanna: Whisper of Volcano Isle,9824,9824,686
2025-01-02,11,Racun Sangga,3431,537186,13572
2025-01-02,12,Bila Esok Ibu Tiada,2785,3925612,82343
2025-01-02,13,Harbin,2468,6390,397
2025-01-02,14,Wicked (2024 Film),1519,916120,26396
2025-01-02,15,Hutang Nyawa,1266,692782,18744
2025-01-02,16,Ajian Maut,373,373,43
2025-01-02,17,"Sampai Nanti, Hanna!",131,23921,1943
2025-01-01,1,2nd Miracle in Cell No. 7,155845,1066703,11655
2025-01-01,2,Panggonan Wingit 2 - Miss K,105935,702043,11138
2025-01-01,3,Mufasa: The Lion King,89227,1527646,31255
2025-01-01,4,The Prosecutor,88663,88663,1482
2025-01-01,5,Sonic the Hedgehog 3,56903,673006,14416
2025-01-01,6,Modal Nekad,35329,771070,18260
2025-01-01,7,Sorop,30929,603963,14942
2025-01-01,8,Moana 2,17306,3068028,71817
2025-01-01,9,Racun Sangga,5085,533755,13510
2025-01-01,10,Harbin,3922,3922,231
2025-01-01,11,Hutang Nyawa,3299,691516,18708
2025-01-01,12,Bila Esok Ibu Tiada,2878,3922827,82314
2025-01-01,13,Wicked (2024 Film),1608,914601,26350
2025-01-01,14,Kraven The Hunter,583,300203,12199
2025-02-28,1,Petaka Gunung Gede,47523,2715833,50176
2025-02-28,2,Iblis Dalam Kandungan 2: Deception,31391,78498,1468
2025-02-28,3,Captain America: Brave New World,20061,1489019,36370
2025-02-28,4,Legends of the Condor Heroes: The Gallants,16023,46460,3176
2025-02-28,5,Conclave,14714,42291,3319
2025-02-28,6,Interstellar (2025 Re-Release),9078,25174,174
2025-02-28,7,Pernikahan Arwah (The Butterfly House),7443,17368,633
2025-02-28,8,Perayaan Mati Rasa,6471,1334999,30637
2025-02-28,9,Anak Kunti,5428,269147,8738
2025-02-28,10,Jagal Teluh,4697,26197,877
2025-02-28,11,ATTACK ON TITAN: THE LAST ATTACK,3603,183457,1120
2025-02-28,12,Cinta Tak Pernah Tepat Waktu,2335,144576,6174
2025-02-28,13,The Unbreakable Boy,1399,1399,467
2025-02-28,14,1 Kakak 7 Ponakan,1367,1230426,31651
2025-02-28,15,Cleaner,812,65236,6741
2025-02-28,16,Samawa,716,3717,491
2025-02-28,17,You Are The Apple of My Eye,513,38364,3175
2025-02-28,18,A Complete Unknown,397,1364,333
2025-02-28,19,IVE The 1st World Tour in Cinema,145,748,3
2025-02-27,1,Petaka Gunung Gede,77845,2668310,48892
2025-02-27,2,Iblis Dalam Kandungan 2: Deception,47107,47107,623
2025-02-27,3,Captain America: Brave New World,24229,1468958,35578
2025-02-27,4,Buku Harianku,22447,205806,65
2025-02-27,5,Jagal Teluh,21500,21500,406
2025-02-27,6,Legends of the Condor Heroes: The Gallants,14552,30437,2368
2025-02-27,7,Conclave,14097,27577,2498
2025-02-27,8,Anak Kunti,10943,263719,8348
2025-02-27,9,Pernikahan Arwah (The Butterfly House),9925,9925,332
2025-02-27,10,Interstellar (2025 Re-Release),8608,16096,104
2025-02-27,11,Pengantin Iblis,6524,665333,13698
2025-02-27,12,Perayaan Mati Rasa,4878,1328528,30451
2025-02-27,13,ATTACK ON TITAN: THE LAST ATTACK,4797,179854,1112
2025-02-27,14,Cinta Tak Pernah Tepat Waktu,4022,142241,6035
2025-02-27,15,Samawa,3001,3001,319
2025-02-27,16,1 Kakak 7 Ponakan,2027,1229059,31573
2025-02-27,17,Cleaner,1197,64424,6642
2025-02-27,18,You Are The Apple of My Eye,987,37851,3135
2025-02-27,19,A Complete Unknown,541,967,300
2025-02-27,20,Detective Chinatown 1900,432,20395,404
2025-02-27,21,IVE The 1st World Tour in Cinema,140,603,3
2025-02-26,1,Petaka Gunung Gede,69678,2590465,47527
2025-02-26,2,Captain America: Brave New World,23549,1444729,34769
2025-02-26,3,Legends of the Condor Heroes: The Gallants,15885,15885,1349
2025-02-26,4,Anak Kunti,13837,252776,7736
2025-02-26,5,Conclave,13480,13480,1451
2025-02-26,6,Interstellar (2025 Re-Release),7488,7488,45
2025-02-26,7,Perayaan Mati Rasa,6368,1323650,30248
2025-02-26,8,Cinta Tak Pernah Tepat Waktu,5285,138219,5853
2025-02-26,9,ATTACK ON TITAN: THE LAST ATTACK,3486,175057,1103
2025-02-26,10,1 Kakak 7 Ponakan,2018,1227032,31483
2025-02-26,11,Cleaner,1933,63227,6457
2025-02-26,12,You Are The Apple of My Eye,1372,36864,3073
2025-02-26,13,Detective Chinatown 1900,470,19963,383
2025-02-26,14,IVE The 1st World Tour in Cinema,463,463,3
2025-02-26,15,A Complete Unknown,426,426,249
2025-02-25,1,Petaka Gunung Gede,51160,2520787,46037
2025-02-25,2,Captain America: Brave New World,27609,1421180,33843
2025-02-25,3,Anak Kunti,14374,238939,6935
2025-02-25,4,Perayaan Mati Rasa,6680,1317282,29959
2025-02-25,5,Cinta Tak Pernah Tepat Waktu,5511,132934,5584
2025-02-25,6,Cleaner,4198,61294,6104
2025-02-25,7,ATTACK ON TITAN: THE LAST ATTACK,4163,171571,1085
2025-02-25,8,You Are The Apple of My Eye,3449,35492,2973
2025-02-25,9,1 Kakak 7 Ponakan,2962,1225014,31364
2025-02-25,10,Detective Chinatown 1900,1590,19493,353
2025-02-25,11,Rahasia Rasa,1097,28873,1317
2025-02-25,12,Fatman,423,3357,798
2025-02-25,13,Oshi No Ko - The Final Act,33,1907,64
2025-02-24,1,Petaka Gunung Gede,47976,2469627,44271
2025-02-24,2,Captain America: Brave New World,24247,1393571,31915
2025-02-24,3,Anak Kunti,16692,224565,5751
2025-02-24,4,Cleaner,5396,57096,5263
2025-02-24,5,Perayaan Mati Rasa,4773,1310602,29487
2025-02-24,6,Cinta Tak Pernah Tepat Waktu,4694,127423,5253
2025-02-24,7,ATTACK ON TITAN: THE LAST ATTACK,3825,167408,1052
2025-02-24,8,You Are The Apple of My Eye,3319,32043,2473
2025-02-24,9,1 Kakak 7 Ponakan,2327,1222052,31136
2025-02-24,10,Detective Chinatown 1900,1625,17903,295
2025-02-23,1,Petaka Gunung Gede,92650,2421651,42456
2025-02-23,2,Captain America: Brave New World,81977,1369324,29938
2025-02-23,3,Anak Kunti,33820,207873,4491
2025-02-23,4,Cleaner,15344,51700,4393
2025-02-23,5,Perayaan Mati Rasa,12152,1305829,29083
2025-02-23,6,ATTACK ON TITAN: THE LAST ATTACK,9537,163583,1012
2025-02-23,7,Cinta Tak Pernah Tepat Waktu,8700,122729,4911
2025-02-23,8,You Are The Apple of My Eye,7686,28724,1938
2025-02-23,9,1 Kakak 7 Ponakan,5664,1219725,30927
2025-02-23,10,Detective Chinatown 1900,5014,16278,241
2025-02-23,11,Keajaiban Air Mata Wanita,2930,215156,4783
2025-02-23,12,Rahasia Rasa,1415,26585,1102
2025-02-23,13,Fatman,965,2529,555
2025-02-23,14,Made in Bali,819,4458,418
2025-02-23,15,"RED VELVET HAPPINESS DIARY: MY DEAR, REVE1UV IN CINEMAS",529,2171,8
2025-02-23,16,Oshi No Ko - The Final Act,149,1835,64
2025-02-23,17,Solidarity Pejuang Kampung 2,50,50,0
2025-02-22,1,Petaka Gunung Gede,103734,2329001,40676
2025-02-22,2,Captain America: Brave New World,100681,1287347,28015
2025-02-22,3,Anak Kunti,44747,174053,3211
2025-02-22,4,Cleaner,14016,36356,3527
2025-02-22,5,Perayaan Mati Rasa,12587,1293677,28675
2025-02-22,6,ATTACK ON TITAN: THE LAST ATTACK,10379,154046,971
2025-02-22,7,You Are The Apple of My Eye,9400,21038,1354
2025-02-22,8,Cinta Tak Pernah Tepat Waktu,8202,114029,4576
2025-02-22,9,Rahasia Rasa,7066,25170,915
2025-02-22,10,1 Kakak 7 Ponakan,6261,1214061,30726
2025-02-22,11,Detective Chinatown 1900,4231,11264,185
2025-02-22,12,Fatman,1347,1564,394
2025-02-22,13,Made in Bali,876,3639,378
2025-02-22,14,"RED VELVET HAPPINESS DIARY: MY DEAR, REVE1UV IN CINEMAS",613,1642,8
2025-02-22,15,Oshi No Ko - The Final Act,218,1686,56
2025-02-21,1,Petaka Gunung Gede,71701,2225267,38922
2025-02-21,2,Captain America: Brave New World,55834,1186666,26204
2025-02-21,3,Anak Kunti,47929,129306,1921
2025-02-21,4,You Are The Apple of My Eye,11638,11638,735
2025-02-21,5,Perayaan Mati Rasa,9382,1281090,28302
2025-02-21,6,Cleaner,7219,22340,2693
2025-02-21,7,ATTACK ON TITAN: THE LAST ATTACK,7186,143667,931
2025-02-21,8,Cinta Tak Pernah Tepat Waktu,6497,105827,4244
2025-02-21,9,Rahasia Rasa,6129,18104,752
2025-02-21,10,1 Kakak 7 Ponakan,4009,1207800,30543
2025-02-21,11,Detective Chinatown 1900,2493,7033,128
2025-02-21,12,Made in Bali,895,2763,336
2025-02-21,13,Oshi No Ko - The Final Act,327,1468,44
2025-02-21,14,"RED VELVET HAPPINESS DIARY: MY DEAR, REVE1UV IN CINEMAS",299,1029,8
2025-02-21,15,Fatman,217,217,65
2025-02-20,1,Anak Kunti,81377,81377,709
2025-02-20,2,Petaka Gunung Gede,70323,2153566,37209
2025-02-20,3,Captain America: Brave New World,47028,1130832,24411
2025-02-20,4,Rahasia Rasa,11975,11975,503
2025-02-20,5,Buku Harianku,11528,183359,65
2025-02-20,6,Perayaan Mati Rasa,10857,1271708,27927
2025-02-20,7,Cinta Tak Pernah Tepat Waktu,7791,99330,3923
2025-02-20,8,Cleaner,6192,15121,1890
2025-02-20,9,ATTACK ON TITAN: THE LAST ATTACK,5582,136481,893
2025-02-20,10,1 Kakak 7 Ponakan,3604,1203791,30359
2025-02-20,11,Sebelum 7 Hari,2991,430146,14214
2025-02-20,12,Detective Chinatown 1900,2069,4540,81
2025-02-20,13,Made in Bali,1868,1868,253
2025-02-20,14,Pengantin Iblis,1125,658809,13561
2025-02-20,15,Pulung Gantung - Pati Ngendat,428,71058,2860
2025-02-20,16,Oshi No Ko - The Final Act,428,1141,44
2025-02-20,17,Dark Nuns,327,1088009,29657
2025-02-20,18,Bridget Jones: Mad About the Boy,327,6509,563
2025-02-20,19,"RED VELVET HAPPINESS DIARY: MY DEAR, REVE1UV IN CINEMAS",229,730,8
2025-02-19,1,Petaka Gunung Gede,72121,2083243,35513
2025-02-19,2,Captain America: Brave New World,46484,1083804,22519
2025-02-19,3,Perayaan Mati Rasa,14607,1260851,27511
2025-02-19,4,Cinta Tak Pernah Tepat Waktu,10153,91539,3615
2025-02-19,5,ATTACK ON TITAN: THE LAST ATTACK,9873,130899,863
2025-02-19,6,Cleaner,8929,8929,1047
2025-02-19,7,1 Kakak 7 Ponakan,5365,1200187,30176
2025-02-19,8,Rumah Teteh - Story of Helena,3968,68675,949
2025-02-19,9,Detective Chinatown 1900,2471,2471,47
2025-02-19,10,Pengantin Iblis,1548,657684,13533
2025-02-19,11,Oshi No Ko - The Final Act,713,713,22
2025-02-19,12,"RED VELVET HAPPINESS DIARY: MY DEAR, REVE1UV IN CINEMAS",501,501,6
2025-02-19,13,Bridget Jones: Mad About the Boy,420,6182,532
2025-02-19,14,Dark Nuns,396,1087682,29628
2025-02-18,1,Petaka Gunung Gede,79126,2011122,33170
2025-02-18,2,Captain America: Brave New World,69129,1037320,20187
2025-02-18,3,Perayaan Mati Rasa,17528,1246244,26881
2025-02-18,4,ATTACK ON TITAN: THE LAST ATTACK,10720,121026,769
2025-02-18,5,Cinta Tak Pernah Tepat Waktu,10390,81386,3193
2025-02-18,6,1 Kakak 7 Ponakan,6843,1194822,29853
2025-02-18,7,Rumah Teteh - Story of Helena,4662,64707,908
2025-02-18,8,Pengantin Iblis,1586,656136,13501
2025-02-18,9,Bridget Jones: Mad About the Boy,611,5762,491
2025-02-18,10,Dark Nuns,534,1087286,29593
2025-02-17,1,Petaka Gunung Gede,93207,1931996,30732
2025-02-17,2,Captain America: Brave New World,72998,968191,17371
2025-02-17,3,Perayaan Mati Rasa,17578,1228716,26157
2025-02-17,4,ATTACK ON TITAN: THE LAST ATTACK,12812,110306,634
2025-02-17,5,Cinta Tak Pernah Tepat Waktu,9381,70996,2704
2025-02-17,6,1 Kakak 7 Ponakan,6808,1187979,29406
2025-02-17,7,Rumah Teteh - Story of Helena,6302,60045,836
2025-02-17,8,Pengantin Iblis,1447,654550,13467
2025-02-17,9,Bridget Jones: Mad About the Boy,677,5151,435
2025-02-17,10,Kampung Keramat,585,5620,575
2025-02-17,11,Dark Nuns,549,1086752,29540
2025-02-17,12,Secret: Untold Melody,249,32688,1385
2025-02-16,1,Petaka Gunung Gede,168014,1838789,28362
2025-02-16,2,Captain America: Brave New World,148373,895193,14536
2025-02-16,3,Perayaan Mati Rasa,26398,1211138,25403
2025-02-16,4,ATTACK ON TITAN: THE LAST ATTACK,25548,97494,482
2025-02-16,5,1 Kakak 7 Ponakan,15150,1181171,28944
2025-02-16,6,Cinta Tak Pernah Tepat Waktu,13373,61615,2266
2025-02-16,7,Rumah Teteh - Story of Helena,12876,53743,780
2025-02-16,8,Pengantin Setan,11191,840056,25091
2025-02-16,9,Keajaiban Air Mata Wanita,7550,212226,4763
2025-02-16,10,Pengantin Iblis,3298,653103,13435
2025-02-16,11,Nosferatu,2146,80606,4794
2025-02-16,12,Bridget Jones: Mad About the Boy,1532,4474,378
2025-02-16,13,Pulung Gantung - Pati Ngendat,1514,70630,2837
2025-02-16,14,Dark Nuns,1465,1086203,29489
2025-02-16,15,Keluar Main 1994,1293,152029,2908
2025-02-16,16,Kampung Keramat,1145,5035,494
2025-02-16,17,Secret: Untold Melody,809,32439,1376
2025-02-16,18,Chhaava,555,1113,47
2025-02-16,19,I'm Still Here,515,1480,67
2025-02-16,20,The Bayou,489,32285,2880
2025-02-16,21,Pintu Pintu Surga,349,4093,604
2025-02-16,22,Ambyar Mak Byar,88,85068,6324
2025-02-15,1,Captain America: Brave New World,228682,746820,11686
2025-02-15,2,Petaka Gunung Gede,177552,1670775,26061
2025-02-15,3,Perayaan Mati Rasa,34789,1184740,24661
2025-02-15,4,ATTACK ON TITAN: THE LAST ATTACK,33908,71946,317
2025-02-15,5,1 Kakak 7 Ponakan,19650,1166021,28499
2025-02-15,6,Cinta Tak Pernah Tepat Waktu,13927,48242,1837
2025-02-15,7,Rumah Teteh - Story of Helena,12005,40867,702
2025-02-15,8,Dark Nuns,2163,1084738,29438
2025-02-15,9,Pengantin Iblis,2039,649805,13405
2025-02-15,10,Bridget Jones: Mad About the Boy,1631,2942,319
2025-02-15,11,Kampung Keramat,1389,3890,410
2025-02-15,12,Secret: Untold Melody,1047,31630,1364
2025-02-15,13,Pintu Pintu Surga,711,3744,601
2025-02-15,14,The Bayou,426,31796,2851
2025-02-15,15,Chhaava,402,558,30
2025-02-14,1,Petaka Gunung Gede,153075,1493223,23752
2025-02-14,2,Captain America: Brave New World,143464,518138,8924
2025-02-14,3,ATTACK ON TITAN: THE LAST ATTACK,38038,38038,205
2025-02-14,4,Perayaan Mati Rasa,24692,1149951,23878
2025-02-14,5,Cinta Tak Pernah Tepat Waktu,14341,34315,1324
2025-02-14,6,1 Kakak 7 Ponakan,11426,1146371,28004
2025-02-14,7,Rumah Teteh - Story of Helena,10684,28862,612
2025-02-14,8,Pengantin Iblis,2058,647766,13372
2025-02-14,9,Dark Nuns,1334,1082575,29388
2025-02-14,10,Bridget Jones: Mad About the Boy,1311,1311,215
2025-02-14,11,Kampung Keramat,1116,2501,314
2025-02-14,12,Pintu Pintu Surga,956,3033,592
2025-02-14,13,Secret: Untold Melody,513,30583,1352
2025-02-14,14,The Bayou,212,31370,2826
2025-02-14,15,Chhaava,156,156,14
2025-02-13,1,Captain America: Brave New World,104674,374674,6248
2025-02-13,2,Petaka Gunung Gede,97593,1340148,21684
2025-02-13,3,Cinta Tak Pernah Tepat Waktu,19974,19974,742
2025-02-13,4,Rumah Teteh - Story of Helena,18178,18178,390
2025-02-13,5,Perayaan Mati Rasa,18114,1125259,23123
2025-02-13,6,1 Kakak 7 Ponakan,8557,1134945,27576
2025-02-13,7,Pengantin Iblis,2515,645708,13333
2025-02-13,8,Pintu Pintu Surga,2077,2077,509
2025-02-13,9,Dark Nuns,1416,1081241,29334
2025-02-13,10,Kampung Keramat,1385,1385,171
2025-02-12,1,Captain America: Brave New World,270000,270000,3474
2025-02-12,2,Petaka Gunung Gede,149751,1242555,19814
2025-02-12,3,Perayaan Mati Rasa,27370,1107145,22492
2025-02-12,4,1 Kakak 7 Ponakan,14215,1126388,27361
2025-02-12,5,Pengantin Iblis,10346,643193,13270
2025-02-12,6,Dark Nuns,1901,1079825,29271
2025-02-12,7,Pulung Gantung - Pati Ngendat,1742,68828,2765
2025-02-12,8,Secret: Untold Melody,1449,29281,1328
2025-02-12,9,Nosferatu,1254,77344,4705
2025-02-12,10,The Bayou,560,30919,2781
2025-02-12,11,Ambyar Mak Byar,143,84980,6324
2025-02-11,1,Petaka Gunung Gede,141237,1092804,17153
2025-02-11,2,Perayaan Mati Rasa,36035,1079775,21396
2025-02-11,3,1 Kakak 7 Ponakan,21713,1112173,26747
2025-02-11,4,Pengantin Iblis,10007,632847,13061
2025-02-11,5,Dark Nuns,6035,1077924,29132
2025-02-11,6,Nosferatu,5731,76090,4596
2025-02-11,7,Pulung Gantung - Pati Ngendat,4089,67086,2626
2025-02-11,8,The Bayou,2537,30359,2663
2025-02-11,9,Secret: Untold Melody,1987,27832,1247
2025-02-11,10,A Business Proposal,1243,20874,2412
2025-02-11,11,Firefighters,208,2366,258
2025-02-11,12,I'm Still Here,110,965,64
2025-02-10,1,Petaka Gunung Gede,165490,951567,13606
2025-02-10,2,Perayaan Mati Rasa,39375,1043740,19859
2025-02-10,3,1 Kakak 7 Ponakan,23955,1090460,25667
2025-02-10,4,Pengantin Iblis,19136,622840,12610
2025-02-10,5,Dark Nuns,6508,1071889,28526
2025-02-10,6,Pulung Gantung - Pati Ngendat,6257,62997,2354
2025-02-10,7,Nosferatu,5827,70359,4074
2025-02-10,8,The Bayou,3189,27822,2232
2025-02-10,9,Secret: Untold Melody,2058,25845,1120
2025-02-10,10,A Business Proposal,996,19631,2225
2025-02-09,1,Petaka Gunung Gede,239291,786077,10314
2025-02-09,2,Perayaan Mati Rasa,73072,1004365,18262
2025-02-09,3,1 Kakak 7 Ponakan,50551,1066505,24586
2025-02-09,4,Pengantin Iblis,30711,603704,12120
2025-02-09,5,Buku Harianku,16179,171831,49
2025-02-09,6,Dark Nuns,12904,1065381,27960
2025-02-09,7,Nosferatu,10788,64532,3546
2025-02-09,8,The Bayou,9357,24633,1681
2025-02-09,9,Pulung Gantung - Pati Ngendat,5886,56740,2106
2025-02-09,10,Secret: Untold Melody,5688,23787,994
2025-02-09,11,Keajaiban Air Mata Wanita,4452,204676,4703
2025-02-09,12,A Business Proposal,1938,18635,2041
2025-02-09,13,IU Concert: The Winning,1547,4869,27
2025-02-09,14,Pengantin Setan,829,828865,25010
2025-02-09,15,Coto vs Konro,758,5021,270
2025-02-09,16,Firefighters,592,1874,160
2025-02-09,17,I'm Still Here,254,715,38
2025-02-09,18,404 Run Run,52,66743,3553
2025-02-09,19,1 Imam 2 Makmum,25,150121,10525
2025-02-08,1,Petaka Gunung Gede,225108,546786,7200
2025-02-08,2,Perayaan Mati Rasa,97041,931293,16465
2025-02-08,3,1 Kakak 7 Ponakan,58827,1015954,23521
2025-02-08,4,Pengantin Iblis,30188,572993,11628
2025-02-08,5,Dark Nuns,21134,1052477,27382
2025-02-08,6,Nosferatu,16316,53744,2961
2025-02-08,7,The Bayou,9643,15276,1121
2025-02-08,8,Pulung Gantung - Pati Ngendat,5624,50854,1854
2025-02-08,9,Secret: Untold Melody,5254,18099,852
2025-02-08,10,A Business Proposal,3067,16697,1840
2025-02-08,11,IU Concert: The Winning,1411,3322,21
2025-02-08,12,Firefighters,758,1282,106
2025-02-08,13,Pengantin Setan,597,828036,24969
2025-02-08,14,Coto vs Konro,320,4263,244
2025-02-08,15,I'm Still Here,250,461,25
2025-02-07,1,Petaka Gunung Gede,151671,321678,4587
2025-02-07,2,Perayaan Mati Rasa,81973,834252,15060
2025-02-07,3,1 Kakak 7 Ponakan,41762,957127,22455
2025-02-07,4,Pengantin Iblis,27686,542805,11157
2025-02-07,5,Pulung Gantung - Pati Ngendat,13926,45230,1358
2025-02-07,6,Dark Nuns,10969,1031343,26791
2025-02-07,7,Nosferatu,9286,37428,2523
2025-02-07,8,The Bayou,5633,5633,622
2025-02-07,9,A Business Proposal,3595,13630,1679
2025-02-07,10,Secret: Untold Melody,2620,12845,716
2025-02-07,11,Pengantin Setan,668,827439,24932
2025-02-07,12,Coto vs Konro,623,3943,226
2025-02-07,13,Firefighters,524,524,53
2025-02-07,14,IU Concert: The Winning,345,1911,21
2025-02-07,15,I'm Still Here,211,211,12
2025-02-07,16,Misteri Cek Khodam,1,27,39
2025-02-06,1,Petaka Gunung Gede,170007,170007,2022
2025-02-06,2,Perayaan Mati Rasa,67620,752279,13686
2025-02-06,3,Pengantin Iblis,41133,515119,10520
2025-02-06,4,1 Kakak 7 Ponakan,34917,915365,21575
2025-02-06,5,Pulung Gantung - Pati Ngendat,31304,31304,740
2025-02-06,6,Dark Nuns,10485,1020374,26260
2025-02-06,7,A Business Proposal,10035,10035,1269
2025-02-06,8,Nosferatu,8118,28142,1991
2025-02-06,9,Coto vs Konro,3320,3320,175
2025-02-06,10,Secret: Untold Melody,2917,10225,583
2025-02-06,11,Pengantin Setan,1643,826771,24858
2025-02-06,12,Keajaiban Air Mata Wanita,1081,200224,4673
2025-02-06,13,Sebelum 7 Hari,565,427155,14107
2025-02-06,14,IU Concert: The Winning,291,1566,20
2025-02-06,15,Misteri Cek Khodam,26,26,30
2025-02-05,1,Perayaan Mati Rasa,80515,684659,12249
2025-02-05,2,Pengantin Iblis,55149,473986,9700
2025-02-05,3,1 Kakak 7 Ponakan,46630,880448,20660
2025-02-05,4,Nosferatu,20024,20024,1258
2025-02-05,5,Dark Nuns,19079,1009889,25665
2025-02-05,6,Secret: Untold Melody,7308,7308,409
2025-02-05,7,Pengantin Setan,6842,825128,24721
2025-02-05,8,Sebelum 7 Hari,5356,426590,14025
2025-02-05,9,IU Concert: The Winning,1275,1275,10
2025-02-05,10,Keajaiban Air Mata Wanita,1242,199143,4659
2025-02-05,11,Flight Risk,963,93398,8416
2025-02-05,12,Woodwalkers,653,26235,2268
2025-02-05,13,Paddington in Peru,476,142286,6350
2025-02-05,14,Companion,417,20496,1839
2025-02-04,1,Perayaan Mati Rasa,95163,604144,10521
2025-02-04,2,Pengantin Iblis,52728,418837,8372
2025-02-04,3,1 Kakak 7 Ponakan,40949,833818,19369
2025-02-04,4,Dark Nuns,30300,990810,24442
2025-02-04,5,Sebelum 7 Hari,9342,421234,13700
2025-02-04,6,Pengantin Setan,8883,818286,24228
2025-02-04,7,Paddington in Peru,1873,141810,6191
2025-02-04,8,Woodwalkers,1530,25582,2191
2025-02-04,9,Flight Risk,1491,92435,8275
2025-02-04,10,Keajaiban Air Mata Wanita,1478,197901,4593
2025-02-04,11,Companion,1461,20079,1759
2025-02-04,12,Rider,363,9180,495
2025-02-04,13,Deva,185,1258,98
2025-02-04,14,Forbidden Fairytale,138,2239,284
2025-02-03,1,Perayaan Mati Rasa,92814,508981,8668
2025-02-03,2,Pengantin Iblis,55474,366109,7034
2025-02-03,3,1 Kakak 7 Ponakan,49510,792869,17889
2025-02-03,4,Dark Nuns,35536,960510,22687
2025-02-03,5,Sebelum 7 Hari,11124,411892,13237
2025-02-03,6,Pengantin Setan,9328,809403,23591
2025-02-03,7,Woodwalkers,2780,24052,1872
2025-02-03,8,Keajaiban Air Mata Wanita,1959,196423,4493
2025-02-03,9,Paddington in Peru,1817,139937,5866
2025-02-03,10,Flight Risk,1550,90944,7929
2025-02-03,11,Companion,1237,18618,1526
2025-02-03,12,Rider,510,8817,444
2025-02-03,13,Deva,173,1073,74
2025-02-03,14,Forbidden Fairytale,63,2101,263
2025-02-02,1,Perayaan Mati Rasa,107340,416167,7134
2025-02-02,2,Pengantin Iblis,75719,310635,5769
2025-02-02,3,1 Kakak 7 Ponakan,67736,743359,16496
2025-02-02,4,Dark Nuns,55513,924974,20731
2025-02-02,5,Pengantin Setan,18945,800075,22980
2025-02-02,6,Sebelum 7 Hari,16524,400768,12734
2025-02-02,7,Paddington in Peru,11243,138120,5506
2025-02-02,8,Buku Harianku,7545,155652,33
2025-02-02,9,Woodwalkers,7348,21272,1406
2025-02-02,10,Almarhum,5081,726121,22779
2025-02-02,11,Flight Risk,5075,89394,7569
2025-02-02,12,Companion,3709,17381,1369
2025-02-02,13,Keajaiban Air Mata Wanita,2834,194464,4395
2025-02-02,14,2nd Miracle in Cell No. 7,1481,1902383,31667
2025-02-02,15,Rider,1349,8307,368
2025-02-02,16,Deva,508,900,44
2025-02-02,17,OVERLORD: THE SACRED KINGDOM,399,18470,1063
2025-02-02,18,Forbidden Fairytale,328,2038,213
2025-02-02,19,Eva - Pendakian Terakhir,300,107107,4894
2025-02-02,20,Mama,297,2561,782
2025-02-02,21,The Last Dance,236,1580,176
2025-02-02,22,Lagu Cinta Untuk Mama,139,6847,656
2025-02-02,23,Ambyar Mak Byar,126,84837,6323
2025-02-02,24,(G)I-DLE WORLD TOUR [IDOL] IN CINEMA,60,250,90
2025-02-01,1,Perayaan Mati Rasa,98744,308827,5573
2025-02-01,2,Pengantin Iblis,73332,234916,4485
2025-02-01,3,1 Kakak 7 Ponakan,73265,675623,15092
2025-02-01,4,Dark Nuns,66738,869461,18915
2025-02-01,5,Pengantin Setan,19368,781130,22358
2025-02-01,6,Sebelum 7 Hari,17118,384244,12213
2025-02-01,7,Paddington in Peru,13100,126877,5121
2025-02-01,8,Woodwalkers,9368,13924,956
2025-02-01,9,Flight Risk,6650,84319,7200
2025-02-01,10,Keajaiban Air Mata Wanita,6045,191630,4301
2025-02-01,11,Companion,4385,13672,1174
2025-02-01,12,Rider,2141,6958,317
2025-02-01,13,Lagu Cinta Untuk Mama,1577,6708,606
2025-02-01,14,Forbidden Fairytale,479,1710,183
2025-02-01,15,OVERLORD: THE SACRED KINGDOM,343,18071,1032
2025-02-01,16,Deva,286,392,16
2025-02-01,17,The Last Dance,154,1344,155
2025-02-01,18,(G)I-DLE WORLD TOUR [IDOL] IN CINEMA,43,190,73
2025-03-31,1,Pabrik Gula,203799,203799,936
2025-03-31,2,Qodrat 2,72377,72377,1158
2025-03-31,3,Jumbo,60458,60458,942
2025-03-31,4,Komang,60218,60218,1102
2025-03-31,5,Norma: Antara Mertua dan Menantu,31476,31476,938
2025-03-31,6,A Working Man,27681,204336,8194
2025-03-31,7,The Last Supper,25621,562715,6093
2025-03-31,8,Ne Zha 2,11006,346205,12475
2025-03-31,9,Sikandar,632,1309,32
2025-03-30,1,Ne Zha 2,36389,335199,12297
2025-03-30,2,The Last Supper,33421,537094,5894
2025-03-30,3,A Working Man,30035,176655,7609
2025-03-30,4,Pengantin Iblis,18948,700605,13853
2025-03-30,5,Snow White,11446,284782,14599
2025-03-30,6,Petaka Gunung Gede,9304,3236225,67698
2025-03-30,7,Anak Kunti,3232,289173,10475
2025-03-30,8,Singsot,3129,185969,9476
2025-03-30,9,Perayaan Mati Rasa,2289,1374330,32094
2025-03-30,10,The Monkey,2203,139615,12273
2025-03-30,11,1 Kakak 7 Ponakan,2080,1237043,32208
2025-03-30,12,Desa Mati The Movie,1824,77883,3201
2025-03-30,13,Conclave,1656,268878,14975
2025-03-30,14,Iblis Dalam Kandungan 2: Deception,1438,237980,11668
2025-03-30,15,Pengantin Setan,1370,844950,25272
2025-03-30,16,Legends of the Condor Heroes: The Gallants,1101,271217,13616
2025-03-30,17,Arwah Sinden,1080,40049,4696
2025-03-30,18,Invincible Swordsman,781,84548,8282
2025-03-30,19,Sikandar,677,677,18
2025-03-30,20,Mickey 17,641,167014,9575
2025-03-30,21,In The Lost Lands,622,87096,9930
2025-03-30,22,Captain America: Brave New World,236,1627308,43901
2025-03-30,23,Exorcism Chronicles: The Beginning,209,1737,191
2025-03-30,24,Nocturnal,169,5929,560
2025-03-30,25,Skylines,136,23258,4104
2025-03-30,26,Jabang Mayit,121,18191,2778
2025-03-29,1,The Last Supper,66328,503673,4989
2025-03-29,2,Ne Zha 2,40277,298810,11259
2025-03-29,3,A Working Man,39495,146620,5944
2025-03-29,4,Snow White,15954,273336,13732
2025-03-29,5,Petaka Gunung Gede,15795,3226921,67319
2025-03-29,6,Singsot,6125,182840,9152
2025-03-29,7,The Monkey,2985,137412,12023
2025-03-29,8,Iblis Dalam Kandungan 2: Deception,2656,236542,11556
2025-03-29,9,Desa Mati The Movie,2322,76059,3141
2025-03-29,10,Conclave,2043,267222,14913
2025-03-29,11,Arwah Sinden,1257,38969,4525
2025-03-29,12,Legends of the Condor Heroes: The Gallants,1041,270116,13578
2025-03-29,13,Mickey 17,1003,166373,9526
2025-03-29,14,Invincible Swordsman,770,83767,8241
2025-03-29,15,In The Lost Lands,629,86474,9852
2025-03-29,16,Exorcism Chronicles: The Beginning,299,1528,185
2025-03-29,17,Captain America: Brave New World,288,1627072,43872
2025-03-29,18,Jabang Mayit,221,18070,2751
2025-03-29,19,Skylines,203,23122,4057
2025-03-29,20,Nocturnal,131,5760,549
2025-03-28,1,The Last Supper,58039,437345,4095
2025-03-28,2,A Working Man,33813,107125,4312
2025-03-28,3,Ne Zha 2,33048,258533,10243
2025-03-28,4,Snow White,16023,257382,12883
2025-03-28,5,Petaka Gunung Gede,12882,3211126,66956
2025-03-28,6,Singsot,4857,176715,8841
2025-03-28,7,The Monkey,2827,134427,11781
2025-03-28,8,Desa Mati The Movie,2041,73737,3080
2025-03-28,9,Iblis Dalam Kandungan 2: Deception,1787,233886,11438
2025-03-28,10,Conclave,1368,265179,14849
2025-03-28,11,Arwah Sinden,1176,37712,4365
2025-03-28,12,Mickey 17,853,165370,9478
2025-03-28,13,Legends of the Condor Heroes: The Gallants,725,269075,13541
2025-03-28,14,Invincible Swordsman,645,82997,8197
2025-03-28,15,In The Lost Lands,611,85845,9773
2025-03-28,16,Jabang Mayit,318,17849,2725
2025-03-28,17,Exorcism Chronicles: The Beginning,267,1229,164
2025-03-28,18,Captain America: Brave New World,244,1626784,43843
2025-03-28,19,Skylines,172,22919,4017
2025-03-28,20,Nocturnal,107,5629,540
2025-03-27,1,The Last Supper,50063,379306,3280
2025-03-27,2,A Working Man,31609,73312,2778
2025-03-27,3,Ne Zha 2,26332,225485,9210
2025-03-27,4,Snow White,20280,241359,11998
2025-03-27,5,Petaka Gunung Gede,14513,3198244,66585
2025-03-27,6,Singsot,5959,171858,8489
2025-03-27,7,Iblis Dalam Kandungan 2: Deception,3019,232099,11319
2025-03-27,8,The Monkey,2413,131600,11525
2025-03-27,9,Desa Mati The Movie,2014,71696,3019
2025-03-27,10,Arwah Sinden,1465,36536,4171
2025-03-27,11,In The Lost Lands,819,85234,9678
2025-03-27,12,Conclave,774,263811,14787
2025-03-27,13,Mickey 17,618,164517,9427
2025-03-27,14,Legends of the Condor Heroes: The Gallants,543,268350,13501
2025-03-27,15,Invincible Swordsman,504,82352,8153
2025-03-27,16,Jabang Mayit,367,17531,2694
2025-03-27,17,Exorcism Chronicles: The Beginning,336,962,151
2025-03-27,18,Captain America: Brave New World,181,1626540,43815
2025-03-27,19,Skylines,161,22747,3971
2025-03-27,20,Nocturnal,95,5522,529
2025-03-26,1,The Last Supper,48996,329243,2571
2025-03-26,2,A Working Man,41703,41703,1300
2025-03-26,3,Ne Zha 2,22714,199153,8210
2025-03-26,4,Snow White,15526,221079,11157
2025-03-26,5,Petaka Gunung Gede,15183,3183731,66247
2025-03-26,6,Singsot,6047,165899,8178
2025-03-26,7,The Monkey,2801,129187,11277
2025-03-26,8,Iblis Dalam Kandungan 2: Deception,2775,229080,11202
2025-03-26,9,Desa Mati The Movie,2243,69682,2956
2025-03-26,10,Arwah Sinden,1768,35071,4035
2025-03-26,11,Invincible Swordsman,934,81848,8095
2025-03-26,12,In The Lost Lands,785,84415,9568
2025-03-26,13,Conclave,740,263037,14709
2025-03-26,14,Exorcism Chronicles: The Beginning,626,626,131
2025-03-26,15,Mickey 17,622,163899,9372
2025-03-26,16,Legends of the Condor Heroes: The Gallants,531,267807,13459
2025-03-26,17,Jabang Mayit,388,17164,2668
2025-03-26,18,Captain America: Brave New World,139,1626359,43787
2025-03-26,19,Nocturnal,107,5427,515
2025-03-26,20,Skylines,100,22586,3913
2025-03-25,1,The Last Supper,53053,280247,2011
2025-03-25,2,Ne Zha 2,23475,176439,7085
2025-03-25,3,Petaka Gunung Gede,14061,3168548,65885
2025-03-25,4,Snow White,13612,205553,10172
2025-03-25,5,Singsot,5263,159852,7780
2025-03-25,6,The Monkey,2909,126386,11022
2025-03-25,7,Iblis Dalam Kandungan 2: Deception,2854,226305,11077
2025-03-25,8,Desa Mati The Movie,1700,67439,2889
2025-03-25,9,Invincible Swordsman,1672,80914,7996
2025-03-25,10,In The Lost Lands,1641,83630,9379
2025-03-25,11,Arwah Sinden,1441,33303,3805
2025-03-25,12,Conclave,1085,262297,14627
2025-03-25,13,Mickey 17,887,163277,9311
2025-03-25,14,Legends of the Condor Heroes: The Gallants,579,267276,13409
2025-03-25,15,Paradise at Mothers Feet,459,3907,322
2025-03-25,16,Nocturnal,359,5320,495
2025-03-25,17,Jabang Mayit,276,16776,2631
2025-03-25,18,Skylines,271,22486,3862
2025-03-25,19,Captain America: Brave New World,246,1626220,43747
2025-03-25,20,M Hotel,242,1095,0
2025-03-25,21,Novocaine,193,49864,6294
2025-03-25,22,Thunderstruck Cop,30,268,16
2025-03-24,1,The Last Supper,51679,227194,1359
2025-03-24,2,Ne Zha 2,22983,152964,5712
2025-03-24,3,Snow White,15982,191941,8813
2025-03-24,4,Petaka Gunung Gede,15188,3154487,65370
2025-03-24,5,Singsot,6744,154589,7335
2025-03-24,6,The Monkey,4070,123477,10668
2025-03-24,7,Iblis Dalam Kandungan 2: Deception,2976,223451,10934
2025-03-24,8,In The Lost Lands,2098,81989,9113
2025-03-24,9,Desa Mati The Movie,1946,65739,2817
2025-03-24,10,Invincible Swordsman,1945,79242,7790
2025-03-24,11,Arwah Sinden,1681,31862,3546
2025-03-24,12,Conclave,1261,261212,14478
2025-03-24,13,Mickey 17,1020,162390,9216
2025-03-24,14,Jabang Mayit,456,16500,2585
2025-03-24,15,Legends of the Condor Heroes: The Gallants,438,266697,13339
2025-03-24,16,Paradise at Mothers Feet,369,3448,294
2025-03-24,17,Nocturnal,312,4961,443
2025-03-24,18,Skylines,271,22215,3736
2025-03-24,19,Captain America: Brave New World,261,1625974,43694
2025-03-24,20,Novocaine,216,49671,6234
2025-03-24,21,M Hotel,210,853,0
2025-03-24,22,Thunderstruck Cop,47,238,16
2025-03-23,1,The Last Supper,86192,175515,774
2025-03-23,2,Ne Zha 2,48691,129981,4379
2025-03-23,3,Snow White,38881,175959,7409
2025-03-23,4,Petaka Gunung Gede,19706,3139299,64978
2025-03-23,5,Singsot,10029,147845,6875
2025-03-23,6,The Monkey,4966,119407,10323
2025-03-23,7,Invincible Swordsman,4875,77297,7564
2025-03-23,8,In The Lost Lands,3953,79891,8830
2025-03-23,9,Pengantin Setan,3524,843580,25268
2025-03-23,10,Iblis Dalam Kandungan 2: Deception,3501,220475,10792
2025-03-23,11,Mickey 17,2481,161370,9113
2025-03-23,12,Desa Mati The Movie,2464,63793,2749
2025-03-23,13,Conclave,2430,259951,14347
2025-03-23,14,Perayaan Mati Rasa,2270,1372041,31997
2025-03-23,15,Arwah Sinden,1936,30181,3308
2025-03-23,16,No Other Land,1905,3859,58
2025-03-23,17,Anak Kunti,1738,285941,10441
2025-03-23,18,Legends of the Condor Heroes: The Gallants,1457,266259,13270
2025-03-23,19,Nocturnal,871,4649,397
2025-03-23,20,Novocaine,686,49455,6150
2025-03-23,21,Paradise at Mothers Feet,589,3079,267
2025-03-23,22,Jabang Mayit,550,16044,2533
2025-03-23,23,Captain America: Brave New World,534,1625713,43646
2025-03-23,24,Skylines,442,21944,3642
2025-03-23,25,M Hotel,223,643,0
2025-03-23,26,I'm Still Here,135,2631,67
2025-03-23,27,Thunderstruck Cop,64,191,15
2025-03-22,1,The Last Supper,58838,89323,335
2025-03-22,2,Snow White,48646,137078,5952
2025-03-22,3,Ne Zha 2,45729,81290,3023
2025-03-22,4,Petaka Gunung Gede,15928,3119593,64589
2025-03-22,5,Singsot,7319,137816,6396
2025-03-22,6,The Monkey,4870,114441,9981
2025-03-22,7,Invincible Swordsman,4693,72422,7333
2025-03-22,8,In The Lost Lands,3993,75938,8534
2025-03-22,9,Conclave,3418,257521,14216
2025-03-22,10,Mickey 17,2673,158889,9006
2025-03-22,11,Iblis Dalam Kandungan 2: Deception,2641,216974,10647
2025-03-22,12,Arwah Sinden,1838,28245,3043
2025-03-22,13,Desa Mati The Movie,1786,61329,2681
2025-03-22,14,Legends of the Condor Heroes: The Gallants,1143,264802,13206
2025-03-22,15,Nocturnal,889,3778,333
2025-03-22,16,Novocaine,845,48769,6063
2025-03-22,17,Skylines,792,21502,3539
2025-03-22,18,Captain America: Brave New World,575,1625179,43593
2025-03-22,19,Jabang Mayit,469,15494,2475
2025-03-22,20,Paradise at Mothers Feet,401,2490,234
2025-03-22,21,M Hotel,206,420,0
2025-03-22,22,Thunderstruck Cop,71,127,12
2025-03-21,1,Ne Zha 2,35561,35561,1453
2025-03-21,2,The Last Supper,30485,30485,85
2025-03-21,3,Snow White,28619,88432,4523
2025-03-21,4,Petaka Gunung Gede,11559,3103665,64221
2025-03-21,5,Singsot,7829,130497,5925
2025-03-21,6,In The Lost Lands,3239,71945,8215
2025-03-21,7,The Monkey,2777,109571,9662
2025-03-21,8,Invincible Swordsman,2475,67729,7096
2025-03-21,9,Iblis Dalam Kandungan 2: Deception,2314,214333,10501
2025-03-21,10,Conclave,2054,254103,14071
2025-03-21,11,Desa Mati The Movie,1617,59543,2615
2025-03-21,12,Mickey 17,1456,156216,8896
2025-03-21,13,Arwah Sinden,1369,26407,2818
2025-03-21,14,Legends of the Condor Heroes: The Gallants,748,263659,13142
2025-03-21,15,Nocturnal,713,2889,257
2025-03-21,16,Novocaine,517,47924,5981
2025-03-21,17,Skylines,428,20710,3423
2025-03-21,18,Paradise at Mothers Feet,402,2089,191
2025-03-21,19,Jabang Mayit,340,15025,2417
2025-03-21,20,Captain America: Brave New World,317,1624604,43535
2025-03-21,21,M Hotel,214,214,0
2025-03-21,22,Thunderstruck Cop,56,56,7
2025-03-20,1,Snow White,23960,59813,3190
2025-03-20,2,Petaka Gunung Gede,10779,3092106,63783
2025-03-20,3,Singsot,9798,122668,5444
2025-03-20,4,Perayaan Mati Rasa,5104,1369771,31960
2025-03-20,5,In The Lost Lands,3848,68706,7828
2025-03-20,6,2nd Miracle in Cell No. 7,3594,1905977,31799
2025-03-20,7,Iblis Dalam Kandungan 2: Deception,2673,212019,10361
2025-03-20,8,Invincible Swordsman,2645,65254,6837
2025-03-20,9,The Monkey,2284,106794,9335
2025-03-20,10,Conclave,1933,252049,13901
2025-03-20,11,Mickey 17,1923,154760,8771
2025-03-20,12,Arwah Sinden,1441,25038,2642
2025-03-20,13,Nocturnal,931,2176,186
2025-03-20,14,Novocaine,920,47407,5891
2025-03-20,15,Desa Mati The Movie,908,57926,2547
2025-03-20,16,Legends of the Condor Heroes: The Gallants,878,262911,13049
2025-03-20,17,Paradise at Mothers Feet,786,1687,153
2025-03-20,18,Jabang Mayit,531,14685,2355
2025-03-20,19,Captain America: Brave New World,445,1624287,43466
2025-03-20,20,Setan Botak di Jembatan Ancol,337,61310,4887
2025-03-20,21,Samar,291,5840,1178
2025-03-20,22,Skylines,252,20282,3360
2025-03-20,23,ATTACK ON TITAN: THE LAST ATTACK,104,198901,1328
2025-03-20,24,Mobile Suit Gundam GQuuuuuuX -BEGINNING-,94,7173,196
2025-03-20,25,Bukan Jodoh Biasa Nih,31,6803,896
2025-03-19,1,Snow White,35853,35853,1574
2025-03-19,2,Petaka Gunung Gede,9494,3081327,63356
2025-03-19,3,Singsot,8737,112870,4650
2025-03-19,4,In The Lost Lands,3902,64858,7269
2025-03-19,5,Invincible Swordsman,3827,62609,6384
2025-03-19,6,Iblis Dalam Kandungan 2: Deception,2627,209346,10189
2025-03-19,7,The Monkey,2164,104510,8939
2025-03-19,8,Conclave,2160,250116,13644
2025-03-19,9,Mickey 17,2028,152837,8588
2025-03-19,10,Arwah Sinden,1814,23597,2283
2025-03-19,11,Desa Mati The Movie,1478,57018,2462
2025-03-19,12,Nocturnal,1245,1245,93
2025-03-19,13,Novocaine,1231,46487,5652
2025-03-19,14,Legends of the Condor Heroes: The Gallants,1058,262033,12914
2025-03-19,15,Paradise at Mothers Feet,901,901,78
2025-03-19,16,Jabang Mayit,603,14154,2247
2025-03-19,17,Captain America: Brave New World,437,1623842,43361
2025-03-19,18,Samar,389,5549,1091
2025-03-19,19,Setan Botak di Jembatan Ancol,345,60973,4772
2025-03-19,20,Skylines,185,20030,3207
2025-03-19,21,Mobile Suit Gundam GQuuuuuuX -BEGINNING-,126,7079,194
2025-03-19,22,ATTACK ON TITAN: THE LAST ATTACK,108,198797,1328
2025-03-19,23,Bukan Jodoh Biasa Nih,106,6772,874
2025-03-18,1,Singsot,11889,104133,3828
2025-03-18,2,Petaka Gunung Gede,11487,3071833,62933
2025-03-18,3,In The Lost Lands,5230,60956,6684
2025-03-18,4,Invincible Swordsman,4059,58782,5937
2025-03-18,5,Iblis Dalam Kandungan 2: Deception,3442,206719,10013
2025-03-18,6,Mickey 17,3122,150809,8405
2025-03-18,7,Arwah Sinden,3073,21783,1921
2025-03-18,8,Conclave,2952,247956,13406
2025-03-18,9,The Monkey,2910,102346,8589
2025-03-18,10,Novocaine,2740,45256,5400
2025-03-17,1,Petaka Gunung Gede,14930,3060346,62484
2025-03-17,2,Pengantin Iblis,13733,681657,13820
2025-03-17,3,Singsot,13470,92244,3029
2025-03-17,4,In The Lost Lands,5882,55726,5848
2025-03-17,5,Invincible Swordsman,5640,54723,5218
2025-03-17,6,Iblis Dalam Kandungan 2: Deception,4286,203277,9799
2025-03-17,7,The Monkey,3857,99436,8185
2025-03-17,8,Mickey 17,3393,147687,8116
2025-03-17,9,Novocaine,3218,42516,4786
2025-03-17,10,Conclave,3208,245004,13072
2025-03-17,11,Arwah Sinden,3037,18710,1503
2025-03-17,12,Legends of the Condor Heroes: The Gallants,2164,259450,12564
2025-03-17,13,Desa Mati The Movie,1516,54102,2267
2025-03-17,14,Interstellar (2025 Re-Release),1237,122597,1175
2025-03-17,15,Captain America: Brave New World,683,1622420,43067
2025-03-17,16,Setan Botak di Jembatan Ancol,642,60145,4502
2025-03-17,17,Samar,575,4508,775
2025-03-17,18,Bukan Jodoh Biasa Nih,387,6403,759
2025-03-17,19,ATTACK ON TITAN: THE LAST ATTACK,365,198416,1319
2025-03-17,20,Mobile Suit Gundam GQuuuuuuX -BEGINNING-,303,6672,179
2025-03-17,21,Skylines,217,19534,2962
2025-03-17,22,Jabang Mayit,215,13115,2009
2025-03-17,23,Pernikahan Arwah (The Butterfly House),139,57322,2313
2025-03-16,1,Singsot,20700,78774,2514
2025-03-16,2,Petaka Gunung Gede,17950,3045416,62136
2025-03-16,3,Invincible Swordsman,15699,49083,4372
2025-03-16,4,In The Lost Lands,13459,49844,4978
2025-03-16,5,Novocaine,8980,39298,4277
2025-03-16,6,Conclave,7524,241796,12694
2025-03-16,7,Mickey 17,7160,144294,7909
2025-03-16,8,Legends of the Condor Heroes: The Gallants,6565,257286,12327
2025-03-16,9,The Monkey,6121,95579,7754
2025-03-16,10,Iblis Dalam Kandungan 2: Deception,5080,198991,9601
2025-03-16,11,Arwah Sinden,4812,15673,1319
2025-03-16,12,Perayaan Mati Rasa,4475,1364667,31881
2025-03-16,13,Interstellar (2025 Re-Release),3289,121360,1112
2025-03-16,14,Captain America: Brave New World,2148,1621737,42877
2025-03-16,15,Desa Mati The Movie,1929,52586,2169
2025-03-16,16,Setan Botak di Jembatan Ancol,1545,59503,4467
2025-03-16,17,Samar,1263,3933,744
2025-03-16,18,Mobile Suit Gundam GQuuuuuuX -BEGINNING-,1155,6369,161
2025-03-16,19,Bukan Jodoh Biasa Nih,1006,6016,675
2025-03-16,20,Skylines,678,19317,2822
2025-03-16,21,ZEROBASEONE THE FIRST TOUR [TIMELESS WORLD] IN CINEMAS,576,2881,0
2025-03-16,22,ATTACK ON TITAN: THE LAST ATTACK,461,198051,1308
2025-03-16,23,Jabang Mayit,379,12900,1992
2025-03-16,24,Pernikahan Arwah (The Butterfly House),244,57183,2290
2025-03-16,25,Uwentira Kota Jin,141,917,20
2025-03-15,1,Singsot,17896,58074,1808
2025-03-15,2,Petaka Gunung Gede,17701,3027466,61708
2025-03-15,3,In The Lost Lands,14101,36385,4037
2025-03-15,4,Invincible Swordsman,13400,33384,3477
2025-03-15,5,Novocaine,11243,30318,3616
2025-03-15,6,Mickey 17,9398,137134,7669
2025-03-15,7,Conclave,9195,234272,12334
2025-03-15,8,The Monkey,6847,89458,7336
2025-03-15,9,Legends of the Condor Heroes: The Gallants,5881,250721,12093
2025-03-15,10,Interstellar (2025 Re-Release),4241,118071,1047
2025-03-15,11,Arwah Sinden,3462,10861,953
2025-03-15,12,Iblis Dalam Kandungan 2: Deception,3405,193911,9404
2025-03-15,13,Bukan Jodoh Biasa Nih,1887,5010,550
2025-03-15,14,Captain America: Brave New World,1710,1619589,42739
2025-03-15,15,Mobile Suit Gundam GQuuuuuuX -BEGINNING-,1596,5214,110
2025-03-15,16,ZEROBASEONE THE FIRST TOUR [TIMELESS WORLD] IN CINEMAS,1377,2305,0
2025-03-15,17,Desa Mati The Movie,1351,50657,2071
2025-03-15,18,Setan Botak di Jembatan Ancol,1234,57958,4341
2025-03-15,19,Samar,814,2670,584
2025-03-15,20,ATTACK ON TITAN: THE LAST ATTACK,753,197590,1308
2025-03-15,21,Skylines,633,18639,2667
2025-03-15,22,Jabang Mayit,338,12521,1965
2025-03-15,23,Uwentira Kota Jin,214,776,16
2025-03-15,24,Pernikahan Arwah (The Butterfly House),176,56939,2265
2025-03-14,1,Singsot,16812,40178,1110
2025-03-14,2,Petaka Gunung Gede,9628,3009765,61298
2025-03-14,3,Invincible Swordsman,7656,19984,2539
2025-03-14,4,In The Lost Lands,6371,22284,3068
2025-03-14,5,Novocaine,5992,19075,2931
2025-03-14,6,Conclave,4186,225077,11997
2025-03-14,7,Mickey 17,3961,127736,7393
2025-03-14,8,Iblis Dalam Kandungan 2: Deception,3499,190506,9211
2025-03-14,9,Arwah Sinden,3423,7399,573
2025-03-14,10,The Monkey,3056,82611,6966
2025-03-14,11,Legends of the Condor Heroes: The Gallants,2817,244840,11869
2025-03-14,12,Interstellar (2025 Re-Release),2408,113830,982
2025-03-14,13,Desa Mati The Movie,1561,49306,1962
2025-03-14,14,Bukan Jodoh Biasa Nih,1200,3123,422
2025-03-14,15,Samar,862,1856,407
2025-03-14,16,Setan Botak di Jembatan Ancol,632,56724,4214
2025-03-14,17,Mobile Suit Gundam GQuuuuuuX -BEGINNING-,583,3618,92
2025-03-14,18,Captain America: Brave New World,583,1617879,42643
2025-03-14,19,ATTACK ON TITAN: THE LAST ATTACK,226,196837,1295
2025-03-14,20,Skylines,217,18006,2519
2025-03-14,21,ZEROBASEONE THE FIRST TOUR [TIMELESS WORLD] IN CINEMAS,213,928,0
2025-03-14,22,Pernikahan Arwah (The Butterfly House),193,56763,2242
2025-03-14,23,Jabang Mayit,186,12183,1939
2025-03-14,24,Uwentira Kota Jin,97,562,12
2025-03-13,1,Singsot,23366,23366,636
2025-03-13,2,Petaka Gunung Gede,12083,3000137,60983
2025-03-13,3,In The Lost Lands,7860,15913,2132
2025-03-13,4,Invincible Swordsman,6607,12328,1750
2025-03-13,5,Novocaine,5002,13083,2170
2025-03-13,6,Arwah Sinden,3976,3976,354
2025-03-13,7,Iblis Dalam Kandungan 2: Deception,3747,187007,9049
2025-03-13,8,Mickey 17,3437,123775,7187
2025-03-13,9,Conclave,3311,220891,11676
2025-03-13,10,Legends of the Condor Heroes: The Gallants,2626,242023,11643
2025-03-13,11,The Monkey,2266,79555,6686
2025-03-13,12,Interstellar (2025 Re-Release),2215,111422,918
2025-03-13,13,Bukan Jodoh Biasa Nih,1923,1923,248
2025-03-13,14,Desa Mati The Movie,1711,47745,1853
2025-03-13,15,Perayaan Mati Rasa,1582,1360192,31837
2025-03-13,16,Samar,994,994,285
2025-03-13,17,Setan Botak di Jembatan Ancol,864,56092,4175
2025-03-13,18,Mobile Suit Gundam GQuuuuuuX -BEGINNING-,797,3035,64
2025-03-13,19,Captain America: Brave New World,468,1617296,42547
2025-03-13,20,Uwentira Kota Jin,465,465,8
2025-03-13,21,Jabang Mayit,278,11997,1919
2025-03-13,22,ATTACK ON TITAN: THE LAST ATTACK,227,196611,1291
2025-03-13,23,Pernikahan Arwah (The Butterfly House),161,56570,2213
2025-03-13,24,ZEROBASEONE THE FIRST TOUR [TIMELESS WORLD] IN CINEMAS,124,715,0
2025-03-13,25,Skylines,110,17789,2434
2025-03-12,1,Petaka Gunung Gede,14742,2988054,60570
2025-03-12,2,Flow,11602,18669,818
2025-03-12,3,The Substance,10169,44705,2175
2025-03-12,4,In The Lost Lands,8053,8053,1166
2025-03-12,5,Novocaine,5977,8081,1237
2025-03-12,6,Invincible Swordsman,5721,5721,941
2025-03-12,7,Iblis Dalam Kandungan 2: Deception,4726,183260,8870
2025-03-12,8,Mickey 17,4673,120338,6974
2025-03-12,9,Desa Mati The Movie,3702,46034,1738
2025-03-12,10,The Monkey,3684,77289,6437
2025-03-12,11,Conclave,3459,217580,11402
2025-03-12,12,Legends of the Condor Heroes: The Gallants,2926,239397,11410
2025-03-12,13,Mobile Suit Gundam GQuuuuuuX -BEGINNING-,2238,2238,36
2025-03-12,14,Interstellar (2025 Re-Release),2120,109207,853
2025-03-12,15,Setan Botak di Jembatan Ancol,1580,55228,4035
2025-03-12,16,Jabang Mayit,1197,11719,1877
2025-03-12,17,Captain America: Brave New World,1109,1616828,42470
2025-03-12,18,I'm Still Here,1016,2496,67
2025-03-12,19,No Other Land,870,1954,18
2025-03-12,20,Pernikahan Arwah (The Butterfly House),714,56409,2184
2025-03-12,21,ZEROBASEONE THE FIRST TOUR [TIMELESS WORLD] IN CINEMAS,591,591,0
2025-03-12,22,Skylines,435,17679,2376
2025-03-12,23,Misteri Rumah Darah Percaya Nggak Percaya,392,7654,722
2025-03-12,24,Creation of the Gods II: Demon Force,291,7211,52
2025-03-12,25,ATTACK ON TITAN: THE LAST ATTACK,147,196384,1291
2025-03-11,1,Petaka Gunung Gede,18798,2973312,60071
2025-03-11,2,Mickey 17,8280,115665,6626
2025-03-11,3,Iblis Dalam Kandungan 2: Deception,6154,178534,8593
2025-03-11,4,Conclave,6102,214121,11108
2025-03-11,5,The Monkey,5817,73605,6100
2025-03-11,6,Legends of the Condor Heroes: The Gallants,5681,236471,11124
2025-03-11,7,Desa Mati The Movie,4768,42332,1585
2025-03-11,8,Setan Botak di Jembatan Ancol,3148,53648,3755
2025-03-11,9,Interstellar (2025 Re-Release),2723,107087,788
2025-03-11,10,Captain America: Brave New World,2711,1615719,42365
2025-03-11,11,Novocaine,2104,2104,129
2025-03-11,12,Skylines,2075,17244,2223
2025-03-11,13,Jabang Mayit,1431,10522,1750
2025-03-11,14,Pernikahan Arwah (The Butterfly House),830,55695,2145
2025-03-11,15,Perayaan Mati Rasa,675,1358610,31770
2025-03-11,16,Creation of the Gods II: Demon Force,648,6920,49
2025-03-11,17,Misteri Rumah Darah Percaya Nggak Percaya,629,7262,704
2025-03-11,18,ATTACK ON TITAN: THE LAST ATTACK,336,196237,1288
2025-03-11,19,Anak Kunti,170,284203,10343
2025-03-11,20,Beautiful Audrey,68,798,36
2025-03-10,1,Petaka Gunung Gede,18410,2954514,59445
2025-03-10,2,Mickey 17,10107,107385,5839
2025-03-10,3,Conclave,8169,208019,10512
2025-03-10,4,The Monkey,6630,67788,5329
2025-03-10,5,Iblis Dalam Kandungan 2: Deception,6205,172380,8158
2025-03-10,6,Legends of the Condor Heroes: The Gallants,6199,230790,10567
2025-03-10,7,Desa Mati The Movie,5396,37564,1307
2025-03-10,8,Setan Botak di Jembatan Ancol,4150,50500,3262
2025-03-10,9,Captain America: Brave New World,3518,1613008,41993
2025-03-10,10,Interstellar (2025 Re-Release),3306,104364,725
2025-03-10,11,Skylines,2584,15169,1722
2025-03-10,12,Jabang Mayit,1661,9091,1545
2025-03-10,13,Pernikahan Arwah (The Butterfly House),1512,54865,2084
2025-03-10,14,Misteri Rumah Darah Percaya Nggak Percaya,895,6633,635
2025-03-10,15,Perayaan Mati Rasa,878,1357935,31729
2025-03-10,16,Creation of the Gods II: Demon Force,698,6272,40
2025-03-10,17,ATTACK ON TITAN: THE LAST ATTACK,332,195901,1283
2025-03-10,18,Anak Kunti,216,284033,10312
2025-03-10,19,Beautiful Audrey,35,730,33
2025-03-09,1,Petaka Gunung Gede,25284,2936104,58880
2025-03-09,2,Mickey 17,21981,97278,4971
2025-03-09,3,Legends of the Condor Heroes: The Gallants,20723,224591,10004
2025-03-09,4,Conclave,17963,199850,9926
2025-03-09,5,The Monkey,13872,61158,4513
2025-03-09,6,Captain America: Brave New World,9274,1609490,41658
2025-03-09,7,Setan Botak di Jembatan Ancol,8400,46350,2815
2025-03-09,8,Interstellar (2025 Re-Release),7392,101058,662
2025-03-09,9,Skylines,6423,12585,1173
2025-03-09,10,Desa Mati The Movie,5151,32168,1028
2025-03-09,11,Iblis Dalam Kandungan 2: Deception,4146,166175,7743
2025-03-09,12,Jabang Mayit,2426,7430,1374
2025-03-09,13,Pernikahan Arwah (The Butterfly House),2071,53353,2020
2025-03-09,14,Creation of the Gods II: Demon Force,1536,5574,33
2025-03-09,15,Misteri Rumah Darah Percaya Nggak Percaya,1165,5738,557
2025-03-09,16,Perayaan Mati Rasa,1093,1357057,31689
2025-03-09,17,ATTACK ON TITAN: THE LAST ATTACK,863,195569,1283
2025-03-09,18,No Other Land,493,1084,5
2025-03-09,19,Anak Kunti,405,283817,10282
2025-03-09,20,Beautiful Audrey,183,695,30
2025-03-08,1,Mickey 17,30548,75297,4109
2025-03-08,2,Petaka Gunung Gede,21549,2910820,58219
2025-03-08,3,Conclave,20849,181887,9402
2025-03-08,4,Legends of the Condor Heroes: The Gallants,19606,203868,9466
2025-03-08,5,The Monkey,15905,47286,3599
2025-03-08,6,Captain America: Brave New World,12474,1600216,41279
2025-03-08,7,Interstellar (2025 Re-Release),8818,93666,599
2025-03-08,8,Setan Botak di Jembatan Ancol,8500,37950,2211
2025-03-08,9,Skylines,6162,6162,593
2025-03-08,10,Iblis Dalam Kandungan 2: Deception,5679,162029,7285
2025-03-08,11,Desa Mati The Movie,4037,27017,777
2025-03-08,12,Jabang Mayit,1811,5004,1140
2025-03-08,13,Pernikahan Arwah (The Butterfly House),1788,51282,1956
2025-03-08,14,Creation of the Gods II: Demon Force,1734,4038,26
2025-03-08,15,Perayaan Mati Rasa,1143,1355964,31640
2025-03-08,16,Misteri Rumah Darah Percaya Nggak Percaya,912,4573,463
2025-03-08,17,Taeyeon Concert - THE TENSE LIVE VIEWING,833,833,0
2025-03-08,18,ATTACK ON TITAN: THE LAST ATTACK,683,194706,1276
2025-03-08,19,No Other Land,438,591,0
2025-03-08,20,Anak Kunti,221,283412,10249
2025-03-08,21,Beautiful Audrey,145,512,25
2025-03-07,1,Petaka Gunung Gede,19217,2889271,57584
2025-03-07,2,Mickey 17,15453,44749,3243
2025-03-07,3,Conclave,10541,161038,8909
2025-03-07,4,Legends of the Condor Heroes: The Gallants,9685,184262,8927
2025-03-07,5,The Monkey,8746,31381,2769
2025-03-07,6,Desa Mati The Movie,7946,22980,515
2025-03-07,7,Setan Botak di Jembatan Ancol,6950,29450,1608
2025-03-07,8,Iblis Dalam Kandungan 2: Deception,6005,156350,6816
2025-03-07,9,Interstellar (2025 Re-Release),5013,84848,538
2025-03-07,10,Captain America: Brave New World,3065,1587742,40978
2025-03-07,11,Pernikahan Arwah (The Butterfly House),1534,49494,1891
2025-03-07,12,Misteri Rumah Darah Percaya Nggak Percaya,1494,3661,379
2025-03-07,13,Jabang Mayit,1150,3193,884
2025-03-07,14,Creation of the Gods II: Demon Force,853,2304,19
2025-03-07,15,Perayaan Mati Rasa,830,1354821,31599
2025-03-07,16,ATTACK ON TITAN: THE LAST ATTACK,448,194023,1269
2025-03-07,17,Anak Kunti,281,283191,10213
2025-03-07,18,Cleaner,211,71579,7467
2025-03-07,19,Cinta Tak Pernah Tepat Waktu,194,150748,6726
2025-03-07,20,No Other Land,153,153,0
2025-03-07,21,Beautiful Audrey,88,367,25
2025-03-06,1,Setan Botak di Jembatan Ancol,22500,22500,896
2025-03-06,2,Petaka Gunung Gede,15504,2870054,56936
2025-03-06,3,Desa Mati The Movie,15034,15034,241
2025-03-06,4,Mickey 17,12230,29296,2204
2025-03-06,5,Conclave,9106,150497,8409
2025-03-06,6,Legends of the Condor Heroes: The Gallants,8535,174577,8397
2025-03-06,7,The Monkey,7097,22635,1872
2025-03-06,8,Iblis Dalam Kandungan 2: Deception,6389,150345,6344
2025-03-06,9,Interstellar (2025 Re-Release),5135,79835,485
2025-03-06,10,Captain America: Brave New World,4727,1584677,40658
2025-03-06,11,Misteri Rumah Darah Percaya Nggak Percaya,2167,2167,220
2025-03-06,12,Jabang Mayit,2043,2043,481
2025-03-06,13,Pernikahan Arwah (The Butterfly House),1201,47960,1811
2025-03-06,14,Perayaan Mati Rasa,867,1353991,31551
2025-03-06,15,Creation of the Gods II: Demon Force,716,1451,12
2025-03-06,16,Anak Kunti,553,282910,10152
2025-03-06,17,ATTACK ON TITAN: THE LAST ATTACK,435,193575,1262
2025-03-06,18,Cinta Tak Pernah Tepat Waktu,296,150554,6707
2025-03-06,19,Cleaner,230,71368,7445
2025-03-06,20,Beautiful Audrey,131,279,25
2025-03-05,1,Mickey 17,17066,17066,1218
2025-03-05,2,The Monkey,15538,15538,976
2025-03-05,3,Petaka Gunung Gede,14842,2854550,56271
2025-03-05,4,Iblis Dalam Kandungan 2: Deception,10486,143956,5885
2025-03-05,5,Legends of the Condor Heroes: The Gallants,8991,166042,7897
2025-03-05,6,Conclave,8931,141391,7951
2025-03-05,7,Captain America: Brave New World,5517,1579950,40338
2025-03-05,8,Interstellar (2025 Re-Release),5030,74700,452
2025-03-05,9,Pernikahan Arwah (The Butterfly House),4125,46759,1720
2025-03-05,10,Anak Kunti,1884,282357,10086
2025-03-05,11,Perayaan Mati Rasa,1852,1353124,31497
2025-03-05,12,Creation of the Gods II: Demon Force,735,735,5
2025-03-05,13,ATTACK ON TITAN: THE LAST ATTACK,638,193140,1257
2025-03-05,14,Cinta Tak Pernah Tepat Waktu,434,150258,6686
2025-03-05,15,1 Kakak 7 Ponakan,396,1234963,32063
2025-03-05,16,Cleaner,294,71138,7423
2025-03-05,17,You Are The Apple of My Eye,185,41228,3531
2025-03-05,18,Beautiful Audrey,148,148,15
2025-03-04,1,Petaka Gunung Gede,23543,2839708,55353
2025-03-04,2,Legends of the Condor Heroes: The Gallants,14173,157051,7216
2025-03-04,3,Conclave,12679,132460,7315
2025-03-04,4,Iblis Dalam Kandungan 2: Deception,11998,133470,5225
2025-03-04,5,Captain America: Brave New World,10785,1574433,39829
2025-03-04,6,Interstellar (2025 Re-Release),7904,69670,421
2025-03-04,7,Pernikahan Arwah (The Butterfly House),5277,42634,1581
2025-03-04,8,Perayaan Mati Rasa,2446,1351272,31394
2025-03-04,9,Anak Kunti,1416,280473,9939
2025-03-04,10,ATTACK ON TITAN: THE LAST ATTACK,1308,192502,1246
2025-03-04,11,You Are The Apple of My Eye,850,41043,3498
2025-03-04,12,Cinta Tak Pernah Tepat Waktu,806,149824,6634
2025-03-04,13,1 Kakak 7 Ponakan,659,1234567,32024
2025-03-04,14,Cleaner,618,70844,7373
2025-03-04,15,Jagal Teluh,534,31634,1706
2025-03-03,1,Petaka Gunung Gede,23543,2839708,55353
2025-03-03,2,Legends of the Condor Heroes: The Gallants,14173,157051,7216
2025-03-03,3,Conclave,12679,132460,7315
2025-03-03,4,Iblis Dalam Kandungan 2: Deception,11998,133470,5225
2025-03-03,5,Captain America: Brave New World,10785,1574433,39829
2025-03-03,6,Interstellar (2025 Re-Release),7904,69670,421
2025-03-03,7,Pernikahan Arwah (The Butterfly House),5277,42634,1581
2025-03-03,8,Perayaan Mati Rasa,2446,1351272,31394
2025-03-03,9,Anak Kunti,1416,280473,9939
2025-03-03,10,ATTACK ON TITAN: THE LAST ATTACK,1308,192502,1246
2025-03-03,11,You Are The Apple of My Eye,850,41043,3498
2025-03-03,12,Cinta Tak Pernah Tepat Waktu,806,149824,6634
2025-03-03,13,1 Kakak 7 Ponakan,659,1234567,32024
2025-03-03,14,Cleaner,618,70844,7373
2025-03-03,15,Jagal Teluh,534,31634,1706
2025-03-02,1,Legends of the Condor Heroes: The Gallants,43424,123502,5185
2025-03-02,2,Petaka Gunung Gede,37682,2786594,52997
2025-03-02,3,Conclave,31326,103143,5458
2025-03-02,4,Captain America: Brave New World,30757,1549479,38216
2025-03-02,5,Iblis Dalam Kandungan 2: Deception,15334,106983,3440
2025-03-02,6,Interstellar (2025 Re-Release),13863,52387,314
2025-03-02,7,Pernikahan Arwah (The Butterfly House),7851,33051,1165
2025-03-02,8,Perayaan Mati Rasa,4934,1344894,31015
2025-03-02,9,Anak Kunti,3625,277368,9436
2025-03-02,10,ATTACK ON TITAN: THE LAST ATTACK,3085,189665,1186
2025-03-02,11,Pengantin Iblis,2591,667924,13734
2025-03-02,12,Cleaner,2170,69483,7085
2025-03-02,13,Jagal Teluh,1711,30184,1398
2025-03-02,14,Cinta Tak Pernah Tepat Waktu,1503,147535,6439
2025-03-02,15,1 Kakak 7 Ponakan,1294,1233083,31836
2025-03-02,16,You Are The Apple of My Eye,826,39919,3269
2025-03-02,17,The Unbreakable Boy,801,3258,808
2025-03-02,18,A Complete Unknown,514,2529,396
2025-03-02,19,IVE The 1st World Tour in Cinema,232,1374,7
2025-03-02,20,Samawa,213,4170,639
2025-03-01,1,Legends of the Condor Heroes: The Gallants,33618,80078,4167
2025-03-01,2,Petaka Gunung Gede,33079,2748912,51594
2025-03-01,3,Captain America: Brave New World,29703,1518722,37260
2025-03-01,4,Conclave,29526,71817,4340
2025-03-01,5,Interstellar (2025 Re-Release),13350,38524,244
2025-03-01,6,Iblis Dalam Kandungan 2: Deception,13151,91649,2469
2025-03-01,7,Pernikahan Arwah (The Butterfly House),7832,25200,934
2025-03-01,8,Perayaan Mati Rasa,4961,1339960,30834
2025-03-01,9,Anak Kunti,4596,273743,9066
2025-03-01,10,ATTACK ON TITAN: THE LAST ATTACK,3123,186580,1175
2025-03-01,11,Jagal Teluh,2276,28473,1154
2025-03-01,12,Cleaner,2077,67313,6904
2025-03-01,13,Cinta Tak Pernah Tepat Waktu,1456,146032,6313
2025-03-01,14,1 Kakak 7 Ponakan,1363,1231789,31743
2025-03-01,15,The Unbreakable Boy,1058,2457,679
2025-03-01,16,You Are The Apple of My Eye,729,39093,3217
2025-03-01,17,A Complete Unknown,651,2015,371
2025-03-01,18,IVE The 1st World Tour in Cinema,394,1142,3
2025-03-01,19,Samawa,240,3957,574
2023-09-30,1,No More Bets,1307,3265,284
2023-09-30,2,Flora and Son,374,1080,212
2023-09-30,3,A Man of Reason,348,1218,185
2023-09-29,1,No More Bets,455,1958,209
2023-09-29,2,A Man of Reason,155,870,140
2023-09-29,3,Flora and Son,145,706,166
2023-09-28,1,Kisah Tanah Jawa: Pocong Gundul,454911,1011378,19711
2023-09-28,2,Air Mata Di Ujung Sajadah,409455,2378899,41211
2023-09-28,3,Petualangan Sherina 2,256286,256286,1801
2023-09-28,4,Di Ambang Kematian,91606,91606,1010
2023-09-28,5,Satu Hari dengan Ibu,42158,124319,3201
2023-09-28,6,Paw Patrol: The Mighty Movie,20389,25682,938
2023-09-28,7,Aku Tahu Kapan Kamu Mati - Desa Bunuh Diri,15618,304952,0
2023-09-28,8,Mappacci: Malam Pacar,2996,327385,0
2023-09-28,9,No More Bets,726,1503,161
2023-09-28,10,A Man of Reason,269,715,105
2023-09-27,1,Paw Patrol: The Mighty Movie,5293,5293,603
2023-09-27,2,No More Bets,777,777,108
2023-09-27,3,Flora and Son,447,447,114
2023-09-27,4,A Man of Reason,446,446,72
2023-09-24,1,Air Mata Di Ujung Sajadah,430236,1969444,33009
2023-09-24,2,Kisah Tanah Jawa: Pocong Gundul,402689,556467,10537
2023-09-24,3,Expend4bles,265157,451362,9368
2023-09-24,4,A Haunting in Venice,122275,342134,10841
2023-09-24,5,Satu Hari dengan Ibu,50837,82161,2086
2023-09-24,6,Retribution,34089,135867,6039
2023-09-24,7,Aku Tahu Kapan Kamu Mati - Desa Bunuh Diri,31023,289334,0
2023-09-24,8,Mappacci: Malam Pacar,4821,324389,0
2023-09-24,9,Tokyo Revengers 2: Bloody Halloween - Decisive Battle,786,3257,0
2023-09-24,10,Jomblo Fi Sabilillah,79,20214,1795
2023-09-23,1,Tokyo Revengers 2: Bloody Halloween - Decisive Battle,1108,2471,0
2023-09-22,1,Tokyo Revengers 2: Bloody Halloween - Decisive Battle,157,1363,0
2023-09-21,1,Air Mata Di Ujung Sajadah,512010,1539208,26349
2023-09-21,2,Kisah Tanah Jawa: Pocong Gundul,153778,153778,2351
2023-09-21,3,Expend4bles,74482,186205,3845
2023-09-21,4,Aku Tahu Kapan Kamu Mati - Desa Bunuh Diri,72509,258311,0
2023-09-21,5,Satu Hari dengan Ibu,31324,31324,690
2023-09-21,6,Mappacci: Malam Pacar,8650,319568,0
2023-09-21,7,Jomblo Fi Sabilillah,3076,20135,1732
2023-09-21,8,Tokyo Revengers 2: Bloody Halloween - Decisive Battle,261,1206,0
2023-09-20,1,Expend4bles,111723,111723,1849
2023-09-20,2,Tokyo Revengers 2: Bloody Halloween - Decisive Battle,945,945,0
2023-10-30,1,Saranjana: Kota Ghaib,59783,319534,7185
2023-10-30,2,Pamali: Dusun Pocong,31310,1382233,30831
2023-10-30,3,Di Ambang Kematian,29065,3085852,54056
2023-10-29,1,Five Nights at Freddy's,288263,306537,7349
2023-10-29,2,Saranjana: Kota Ghaib,210496,259751,5482
2023-10-29,3,Di Ambang Kematian,156730,3056787,53160
2023-10-29,4,Indigo,155798,675823,18748
2023-10-29,5,Pamali: Dusun Pocong,139296,1350923,29915
2023-10-29,6,Petualangan Sherina 2,114508,2365101,51798
2023-10-29,7,Freelance,92888,92888,5525
2023-10-29,8,Wakaf,54009,81610,1531
2023-10-29,9,Killers of The Flower Moon,43694,131363,6954
2023-10-29,10,Mohon Doa Restu,40452,67452,3657
2023-10-29,11,Saw X,26562,337110,13045
2023-10-29,12,Kisah Tanah Jawa: Pocong Gundul,14254,1648624,34859
2023-10-29,13,The Creator,4088,304454,9842
2023-10-29,14,The Exorcist: Believer,3390,491203,19021
2023-10-29,15,Air Mata Di Ujung Sajadah,2615,3120148,58318
2023-10-29,16,A Haunting in Venice,1426,431999,13511
2023-10-29,17,Hopeless,642,3337,615
2023-10-29,18,Imam Tanpa Makmum,598,17118,1351
2023-10-29,19,Tastes of Horror,446,2342,437
2023-10-29,20,Satu Hari dengan Ibu,429,165675,3898
2023-10-29,21,The Concierge,233,1398,302
2023-10-29,22,Janin Iblis Neraka,150,56066,2348
2023-10-29,23,Bangku Kosong: Ujian Terakhir,105,250555,8111
2023-10-28,1,Hopeless,786,2695,529
2023-10-28,2,Tastes of Horror,666,1896,368
2023-10-28,3,The Concierge,525,1165,252
2023-10-27,1,Hopeless,620,1909,438
2023-10-27,2,Tastes of Horror,362,1230,290
2023-10-27,3,The Concierge,211,640,198
2023-10-26,1,Indigo,200207,520025,14857
2023-10-26,2,Di Ambang Kematian,83254,2900057,50385
2023-10-26,3,Pamali: Dusun Pocong,82696,1211627,27106
2023-10-26,4,Saranjana: Kota Ghaib,49255,49255,826
2023-10-26,5,Wakaf,27601,27601,439
2023-10-26,6,Mohon Doa Restu,27000,27000,1243
2023-10-26,7,Air Mata Di Ujung Sajadah,9326,3117533,58268
2023-10-26,8,Bangku Kosong: Ujian Terakhir,1404,250450,8100
2023-10-26,9,Hopeless,587,1289,332
2023-10-26,10,Tastes of Horror,386,868,209
2023-10-25,1,Five Nights at Freddy's,18274,18274,1394
2023-10-25,2,Hopeless,702,702,207
2023-10-25,3,Tastes of Horror,482,482,108
2023-10-25,4,The Concierge,218,218,73
2023-10-24,1,Di Ambang Kematian,42512,2816803,48050
2023-10-24,2,Pamali: Dusun Pocong,41553,1128931,24774
2023-10-23,1,Pamali: Dusun Pocong,44698,1087378,23175
2023-10-23,2,Di Ambang Kematian,43329,2774291,46394
2023-10-22,1,Indigo,234659,319818,7894
2023-10-22,2,Petualangan Sherina 2,147954,2250593,46515
2023-10-22,3,Saw X,118832,310548,11061
2023-10-22,4,Di Ambang Kematian,90534,2730962,44670
2023-10-22,5,Killers of The Flower Moon,87669,87669,3949
2023-10-22,6,Pamali: Dusun Pocong,78409,1042680,21541
2023-10-22,7,The Creator,17575,300366,9573
2023-10-22,8,Air Mata Di Ujung Sajadah,16760,3108207,57850
2023-10-22,9,The Exorcist: Believer,15596,487813,18625
2023-10-22,10,To Catch a Killer,13965,30301,2357
2023-10-22,11,Imam Tanpa Makmum,9927,16520,1016
2023-10-22,12,Paw Patrol: The Mighty Movie,6266,152922,4970
2023-10-22,13,Janin Iblis Neraka,3619,55916,2302
2023-10-22,14,Kisah Tanah Jawa: Pocong Gundul,3063,1634370,34531
2023-10-22,15,A Haunting in Venice,2684,430573,13447
2023-10-22,16,Satu Hari dengan Ibu,2349,165246,3895
2023-10-22,17,Cobweb (GEOMIJIP),729,2104,0
2023-10-21,1,Di Ambang Kematian,94829,2640428,43011
2023-10-21,2,Pamali: Dusun Pocong,87440,964271,19939
2023-10-21,3,Cobweb (GEOMIJIP),627,1375,0
2023-10-20,1,Di Ambang Kematian,167110,2545599,41409
2023-10-20,2,Pamali: Dusun Pocong,75716,876831,18343
2023-10-20,3,Cobweb (GEOMIJIP),748,748,0
2023-10-19,1,Di Ambang Kematian,310025,2462044,39841
2023-10-19,2,Petualangan Sherina 2,128579,2102639,43423
2023-10-19,3,Indigo,85159,85159,1909
2023-10-19,4,Pamali: Dusun Pocong,74862,801115,16764
2023-10-19,5,Air Mata Di Ujung Sajadah,34880,3091447,57451
2023-10-19,6,Kisah Tanah Jawa: Pocong Gundul,17527,1631307,34387
2023-10-19,7,Bangku Kosong: Ujian Terakhir,15708,249046,7908
2023-10-19,8,Imam Tanpa Makmum,6593,6593,362
2023-10-18,1,Pamali: Dusun Pocong,79080,726253,15023
2023-10-17,1,Pamali: Dusun Pocong,81524,647173,12868
2023-10-16,1,Pamali: Dusun Pocong,85439,565649,10540
2023-10-16,2,Dr. Cheon and The Lost Talisman,724,8145,0
2023-10-15,1,Pamali: Dusun Pocong,85439,565649,10540
2023-10-15,2,Dr. Cheon and The Lost Talisman,724,8145,0
2023-10-14,1,Pamali: Dusun Pocong,85439,565649,10540
2023-10-14,2,Dr. Cheon and The Lost Talisman,724,8145,0
2023-10-13,1,Pamali: Dusun Pocong,85439,565649,10540
2023-10-13,2,Dr. Cheon and The Lost Talisman,724,8145,0
2023-10-12,1,Pamali: Dusun Pocong,85439,565649,10540
2023-10-12,2,Dr. Cheon and The Lost Talisman,724,8145,0
2023-10-11,1,Pamali: Dusun Pocong,85439,565649,10540
2023-10-11,2,Dr. Cheon and The Lost Talisman,724,8145,0
2023-10-09,1,Pamali: Dusun Pocong,85439,565649,10540
2023-10-09,2,Dr. Cheon and The Lost Talisman,724,8145,0
2023-10-08,1,Pamali: Dusun Pocong,85439,565649,10540
2023-10-08,2,Dr. Cheon and The Lost Talisman,724,8145,0
2023-10-07,1,Pamali: Dusun Pocong,85439,565649,10540
2023-10-07,2,Dr. Cheon and The Lost Talisman,724,8145,0
2023-10-06,1,Pamali: Dusun Pocong,85439,565649,10540
2023-10-06,2,Dr. Cheon and The Lost Talisman,724,8145,0
2023-10-05,1,Pamali: Dusun Pocong,85439,565649,10540
2023-10-05,2,Dr. Cheon and The Lost Talisman,724,8145,0
2023-10-04,1,Di Ambang Kematian,125000,640000,8912
2023-10-04,2,The Exorcist: Believer,86569,86569,2041
2023-10-04,3,Petualangan Sherina 2,83000,1044000,16348
2023-10-04,4,Expend4bles,50616,765273,20821
2023-10-04,5,Air Mata Di Ujung Sajadah,31000,2775000,49308
2023-10-04,6,Kisah Tanah Jawa: Pocong Gundul,31000,1399000,29014
2023-10-04,7,The Creator,7498,214460,6657
2023-10-04,8,A Haunting in Venice,5983,410577,12912
2023-10-04,9,Paw Patrol: The Mighty Movie,3374,91706,3042
2023-10-04,10,Road to Boston,790,790,140
2023-10-04,11,Hitch Hike,790,790,0
2023-10-03,1,Petualangan Sherina 2,229825,961000,14267
2023-10-03,2,Air Mata Di Ujung Sajadah,110201,2744000,48206
2023-10-03,3,Di Ambang Kematian,110000,515000,7250
2023-10-03,4,Kisah Tanah Jawa: Pocong Gundul,96836,1368000,27840
2023-10-03,5,The Creator,29057,206962,6342
2023-10-03,6,Paw Patrol: The Mighty Movie,11622,88332,2870
2023-10-02,1,Di Ambang Kematian,99472,405000,5570
2023-10-01,1,Petualangan Sherina 2,474889,731175,9176
2023-10-01,2,Expend4bles,263295,714657,18301
2023-10-01,3,Kisah Tanah Jawa: Pocong Gundul,259786,1271164,24690
2023-10-01,4,Air Mata Di Ujung Sajadah,254900,2633799,45447
2023-10-01,5,Di Ambang Kematian,213922,305528,4372
2023-10-01,6,The Creator,177905,177905,4881
2023-10-01,7,A Haunting in Venice,62460,404594,12558
2023-10-01,8,Paw Patrol: The Mighty Movie,51028,76710,2127
2023-10-01,9,Satu Hari dengan Ibu,17833,142152,3506
2023-10-01,10,Retribution,9336,145203,6755
2023-10-01,11,Jomblo Fi Sabilillah,2861,23075,1833
2023-10-01,12,Mappacci: Malam Pacar,2446,328608,0
2023-10-01,13,No More Bets,975,4240,353
2023-10-01,14,A Man of Reason,492,1710,232
2023-10-01,15,Flora and Son,371,1451,250
2023-11-30,1,172 Days,323263,1500820,25352
2023-11-30,2,Panggonan Wingit,80218,80218,1595
2023-11-30,3,Rumah Iblis,48896,147031,4047
2023-11-30,4,Napoleon,46904,46904,2068
2023-11-30,5,Gampang Cuan,40192,642850,15768
2023-11-30,6,Srimulat: Hidup Memang Komedi,38611,139989,3578
2023-11-30,7,Jatuh Cinta Seperti di Film-Film,31170,31170,954
2023-11-30,8,The Marvels,29246,2212951,56324
2023-11-30,9,Perjamuan Iblis,19120,307401,7234
2023-11-30,10,Wish,16709,96571,5583
2023-11-30,11,Sijjin,15957,1854124,40029
2023-11-30,12,Thanksgiving,12392,53067,4467
2023-11-30,13,Trolls: Band Together,3016,115133,4954
2023-11-30,14,The There Musketeers: D'Artagnan,2688,5346,0
2023-11-30,15,Digimon Adventure 02: The Begining,799,2301,0
2023-11-30,16,The Djinn's Course,609,1395,0
2023-11-29,1,The There Musketeers: D'Artagnan,2658,2658,0
2023-11-29,2,Digimon Adventure 02: The Begining,1502,1502,0
2023-11-29,3,The Djinn's Course,786,786,0
2023-11-28,1,172 Days,184202,1177557,18651
2023-11-28,2,Gampang Cuan,48304,602658,14439
2023-11-27,1,172 Days,205480,993355,15066
2023-11-27,2,Sijjin,91868,1838167,37554
2023-11-26,1,172 Days,207025,787875,11807
2023-11-26,2,The Marvels,204539,2183705,53924
2023-11-26,3,The Hunger Games: The Ballad of Songbirds & Snakes,195379,469199,0
2023-11-26,4,Sijjin,140677,1746299,36506
2023-11-26,5,Gampang Cuan,105663,554354,12520
2023-11-26,6,Wish,79862,79862,4265
2023-11-26,7,Rumah Iblis,64397,98135,2482
2023-11-26,8,Srimulat: Hidup Memang Komedi,61010,101378,2196
2023-11-26,9,Perjamuan Iblis,44149,288281,6448
2023-11-26,10,Indigo,40813,1051231,29193
2023-11-26,11,Trolls: Band Together,40786,112117,4558
2023-11-26,12,Thanksgiving,40675,40675,3160
2023-11-26,13,Aku Rindu,19867,52967,1024
2023-11-26,14,Budi Pekerti,17523,568523,17351
2023-11-26,15,Saranjana: Kota Ghaib,3354,1240959,28086
2023-11-26,16,Tokyo MER,3016,11903,0
2023-11-26,17,Di Ambang Kematian,2022,3302047,59781
2023-11-25,1,172 Days,200700,580850,8611
2023-11-25,2,Tokyo MER,2971,8887,0
2023-11-24,1,172 Days,194630,380150,5422
2023-11-24,2,Saranjana: Kota Ghaib,28896,1237605,28014
2023-11-24,3,Tokyo MER,5473,5916,0
2023-11-23,1,172 Days,185520,185520,2405
2023-11-23,2,Sijjin,98597,1605622,33273
2023-11-23,3,Gampang Cuan,43520,448691,9616
2023-11-23,4,Srimulat: Hidup Memang Komedi,40368,40368,735
2023-11-23,5,Perjamuan Iblis,34132,244132,5635
2023-11-23,6,Rumah Iblis,33738,33738,666
2023-11-23,7,Budi Pekerti,25574,551000,17052
2023-11-23,8,Pamali: Dusun Pocong,1770,1604031,36617
2023-11-23,9,Kultus Iblis,489,305009,10621
2023-11-23,10,Tokyo MER,240,443,0
2023-11-22,1,Gampang Cuan,161370,405171,8416
2023-11-22,2,Perjamuan Iblis,48872,210000,5255
2023-11-22,3,Tokyo MER,203,203,0
2023-11-21,1,Sijjin,128804,1507025,30314
2023-11-19,1,The Marvels,263832,1979166,45641
2023-11-19,2,Sijjin,230548,1378221,26991
2023-11-19,3,Gampang Cuan,193537,243801,4516
2023-11-19,4,The Hunger Games: The Ballad of Songbirds & Snakes,175890,273820,0
2023-11-19,5,Trolls: Band Together,59960,71331,2437
2023-11-19,6,Saranjana: Kota Ghaib,55470,1208709,27183
2023-11-19,7,Perjamuan Iblis,46416,161128,3177
2023-11-19,8,Budi Pekerti,16534,525426,16180
2023-11-19,9,Aku Rindu,6865,33100,1016
2023-11-19,10,Past Lives,1808,6155,512
2023-11-19,11,Kultus Iblis,925,304520,10583
2023-11-18,1,Sijjin,99462,1147673,25027
2023-11-18,2,Perjamuan Iblis,64640,114712,2320
2023-11-18,3,Budi Pekerti,21908,508892,15880
2023-11-18,4,Past Lives,924,4347,407
2023-11-17,1,Trolls: Band Together,11371,11371,773
2023-11-17,2,Past Lives,877,3423,344
2023-11-16,1,Sijjin,106278,1048211,21215
2023-11-16,2,The Marvels,59359,1715334,39430
2023-11-16,3,Gampang Cuan,50264,50264,848
2023-11-16,4,Perjamuan Iblis,50072,50072,835
2023-11-16,5,The Hunger Games: The Ballad of Songbirds & Snakes,44168,97930,0
2023-11-16,6,Saranjana: Kota Ghaib,18130,1153239,26190
2023-11-16,7,Budi Pekerti,13606,486984,15326
2023-11-16,8,Indigo,2016,1010418,29105
2023-11-16,9,Kultus Iblis,1039,303595,10535
2023-11-16,10,Past Lives,935,2546,279
2023-11-15,1,Sijjin,108185,941933,18992
2023-11-15,2,The Marvels,66930,1655975,36960
2023-11-15,3,The Hunger Games: The Ballad of Songbirds & Snakes,53762,53762,0
2023-11-15,4,Saranjana: Kota Ghaib,25740,1135109,25775
2023-11-15,5,Budi Pekerti,18262,473378,14918
2023-11-15,6,Past Lives,1611,1611,186
2023-11-15,7,Kultus Iblis,668,302556,10495
2023-11-14,1,Sijjin,108185,941933,18992
2023-11-14,2,The Marvels,66930,1655975,36960
2023-11-14,3,The Hunger Games: The Ballad of Songbirds & Snakes,53762,53762,0
2023-11-14,4,Saranjana: Kota Ghaib,25740,1135109,25775
2023-11-14,5,Budi Pekerti,18262,473378,14918
2023-11-14,6,Past Lives,1611,1611,186
2023-11-14,7,Kultus Iblis,668,302556,10495
2023-11-13,1,Sijjin,108185,941933,18992
2023-11-13,2,The Marvels,66930,1655975,36960
2023-11-13,3,The Hunger Games: The Ballad of Songbirds & Snakes,53762,53762,0
2023-11-13,4,Saranjana: Kota Ghaib,25740,1135109,25775
2023-11-13,5,Budi Pekerti,18262,473378,14918
2023-11-13,6,Past Lives,1611,1611,186
2023-11-13,7,Kultus Iblis,668,302556,10495
2023-11-12,1,Sijjin,108185,941933,18992
2023-11-12,2,The Marvels,66930,1655975,36960
2023-11-12,3,The Hunger Games: The Ballad of Songbirds & Snakes,53762,53762,0
2023-11-12,4,Saranjana: Kota Ghaib,25740,1135109,25775
2023-11-12,5,Budi Pekerti,18262,473378,14918
2023-11-12,6,Past Lives,1611,1611,186
2023-11-12,7,Kultus Iblis,668,302556,10495
2023-11-09,1,Sijjin,108185,941933,18992
2023-11-09,2,The Marvels,66930,1655975,36960
2023-11-09,3,The Hunger Games: The Ballad of Songbirds & Snakes,53762,53762,0
2023-11-09,4,Saranjana: Kota Ghaib,25740,1135109,25775
2023-11-09,5,Budi Pekerti,18262,473378,14918
2023-11-09,6,Past Lives,1611,1611,186
2023-11-09,7,Kultus Iblis,668,302556,10495
2023-11-08,1,Sijjin,108185,941933,18992
2023-11-08,2,The Marvels,66930,1655975,36960
2023-11-08,3,The Hunger Games: The Ballad of Songbirds & Snakes,53762,53762,0
2023-11-08,4,Saranjana: Kota Ghaib,25740,1135109,25775
2023-11-08,5,Budi Pekerti,18262,473378,14918
2023-11-08,6,Past Lives,1611,1611,186
2023-11-08,7,Kultus Iblis,668,302556,10495
2023-11-07,1,Sijjin,108185,941933,18992
2023-11-07,2,The Marvels,66930,1655975,36960
2023-11-07,3,The Hunger Games: The Ballad of Songbirds & Snakes,53762,53762,0
2023-11-07,4,Saranjana: Kota Ghaib,25740,1135109,25775
2023-11-07,5,Budi Pekerti,18262,473378,14918
2023-11-07,6,Past Lives,1611,1611,186
2023-11-07,7,Kultus Iblis,668,302556,10495
2023-11-06,1,Sijjin,108185,941933,18992
2023-11-06,2,The Marvels,66930,1655975,36960
2023-11-06,3,The Hunger Games: The Ballad of Songbirds & Snakes,53762,53762,0
2023-11-06,4,Saranjana: Kota Ghaib,25740,1135109,25775
2023-11-06,5,Budi Pekerti,18262,473378,14918
2023-11-06,6,Past Lives,1611,1611,186
2023-11-06,7,Kultus Iblis,668,302556,10495
2023-11-05,1,Sijjin,108185,941933,18992
2023-11-05,2,The Marvels,66930,1655975,36960
2023-11-05,3,The Hunger Games: The Ballad of Songbirds & Snakes,53762,53762,0
2023-11-05,4,Saranjana: Kota Ghaib,25740,1135109,25775
2023-11-05,5,Budi Pekerti,18262,473378,14918
2023-11-05,6,Past Lives,1611,1611,186
2023-11-05,7,Kultus Iblis,668,302556,10495
2023-11-04,1,Taylor Swift: The Eras Tour,84182,140303,2207
2023-11-04,2,Love Reset <30 Days>,5640,13214,0
2023-11-04,3,Fear The Night,4422,24737,2382
2023-11-03,1,Taylor Swift: The Eras Tour,56121,56121,920
2023-11-03,2,Fear The Night,4575,20315,2183
2023-11-03,3,Love Reset <30 Days>,2372,7574,0
2023-11-02,1,Saranjana: Kota Ghaib,180585,500119,11891
2023-11-02,2,Indigo,148937,824760,23519
2023-11-02,3,Pamali: Dusun Pocong,82452,1464685,33248
2023-11-02,4,Wakaf,61078,142688,2323
2023-11-02,5,Kultus Iblis,43049,43049,1216
2023-11-02,6,Budi Pekerti,31437,31437,1095
2023-11-02,7,Di Ambang Kematian,27403,3177990,56557
2023-11-02,8,Mohon Doa Restu,26677,94129,5540
2023-11-02,9,Petualangan Sherina 2,8540,2373641,53445
2023-11-02,10,Fear The Night,7153,15740,1804
2023-11-02,11,Saw X,4814,341924,13677
2023-11-02,12,Nona Manis Sayange,4345,4345,392
2023-11-02,13,Air Mata Di Ujung Sajadah,4250,3124398,58401
2023-11-02,14,Love Reset <30 Days>,1212,5202,0
2023-11-02,15,Bangku Kosong: Ujian Terakhir,200,250755,8127
2023-11-01,1,Di Ambang Kematian,64735,3150587,55881
2023-11-01,2,Fear The Night,8587,8587,1118
2023-11-01,3,Love Reset <30 Days>,3990,3990,0
2023-12-31,1,Aquaman and The Lost Kingdom,697324,2960325,45672
2023-12-31,2,Siksa Neraka,383239,1956799,34838
2023-12-31,3,13 Bom di Jakarta,248109,341109,6604
2023-12-31,4,Migration,212017,212017,4605
2023-12-31,5,Hamka & Siti Raham vol. 2,55509,319014,9311
2023-12-31,6,Panggonan Wingit,36714,1728714,38933
2023-12-31,7,Wonka,29012,878642,27082
2023-12-31,8,The Boy and The Heron,26221,280054,8432
2023-12-31,9,Trolls: Band Together,6707,158570,5997
2023-12-31,10,Wish,976,143153,7192
2023-12-28,1,Layangan Putus the Movie,229588,627187,14044
2023-12-28,2,Aquaman and The Lost Kingdom,198984,2263001,35995
2023-12-28,3,Siksa Neraka,188046,1573560,30642
2023-12-28,4,13 Bom di Jakarta,93000,93000,1579
2023-12-28,5,Hamka & Siti Raham vol. 2,84055,263505,8261
2023-12-28,6,Panggonan Wingit,78227,1692000,37914
2023-12-28,7,Wonka,47068,849630,26439
2023-12-28,8,172 Days,15035,3072140,62857
2023-12-28,9,Malam Para Jahanam,910,300475,10510
2023-12-27,1,Aquaman and The Lost Kingdom,210910,2064017,32707
2023-12-26,1,Aquaman and The Lost Kingdom,195166,1853107,28628
2023-12-26,2,Siksa Neraka,74876,1385514,27819
2023-12-25,1,Siksa Neraka,104699,1310638,26381
2023-12-25,2,Layangan Putus the Movie,42268,397599,9717
2023-12-25,3,Panggonan Wingit,34017,1613773,36907
2023-12-25,4,Hamka & Siti Raham vol. 2,32968,179450,6141
2023-12-25,5,172 Days,5105,3057105,62565
2023-12-25,6,Jatuh Cinta Seperti di Film-Film,2898,625832,19317
2023-12-24,1,Aquaman and The Lost Kingdom,1277154,1657941,19671
2023-12-24,2,Layangan Putus the Movie,235579,355331,8030
2023-12-24,3,Siksa Neraka,185009,1205939,25001
2023-12-24,4,Wonka,141214,802562,25229
2023-12-24,5,Hamka & Siti Raham vol. 2,91539,146482,5238
2023-12-24,6,Jatuh Cinta Seperti di Film-Film,61242,622934,19235
2023-12-24,7,Panggonan Wingit,52387,1579756,36560
2023-12-24,8,Trolls: Band Together,36730,151863,5897
2023-12-24,9,Malam Para Jahanam,14256,299565,10494
2023-12-24,10,172 Days,13954,3052000,62449
2023-12-24,11,Gampang Cuan,5125,772374,19430
2023-12-24,12,Wish,4222,142177,7167
2023-12-24,13,The Marvels,504,2264566,58160
2023-12-22,1,Siksa Neraka,70884,1020930,22362
2023-12-21,1,Siksa Neraka,177589,950046,21023
2023-12-21,2,Layangan Putus the Movie,119752,119752,1995
2023-12-21,3,Hamka & Siti Raham vol. 2,54943,54943,1733
2023-12-21,4,172 Days,23026,3038046,62097
2023-12-20,1,Aquaman and The Lost Kingdom,380787,380787,4115
2023-12-20,2,Panggonan Wingit,87042,1527369,35339
2023-12-19,1,Siksa Neraka,228063,772457,17741
2023-12-19,2,The Boy and The Heron,53830,253833,5594
2023-12-19,3,172 Days,52293,3015020,61546
2023-12-18,1,Panggonan Wingit,102667,1440327,33174
2023-12-17,1,Siksa Neraka,367704,544394,11834
2023-12-17,2,Wonka,332532,661348,20464
2023-12-17,3,172 Days,90455,2962727,59813
2023-12-17,4,Jatuh Cinta Seperti di Film-Film,69944,561692,17170
2023-12-17,5,The Boy and The Heron,40560,200003,3866
2023-12-17,6,Gampang Cuan,20189,767249,19255
2023-12-17,7,Malam Para Jahanam,17301,285309,9940
2023-12-17,8,The Dive,8689,21708,1129
2023-12-17,9,Wish,8333,137955,7029
2023-12-17,10,Rumah Masa Depan,6199,27926,3321
2023-12-17,11,The Animal Kingdom,5925,31446,2085
2023-12-17,12,The Marvels,3999,2264062,58121
2023-12-16,1,Panggonan Wingit,92931,1337660,30749
2023-12-16,2,The Boy and The Heron,54537,159443,2979
2023-12-16,3,The Dive,10034,13019,680
2023-12-16,4,The Animal Kingdom,7033,25521,1786
2023-12-15,1,The Boy and The Heron,38517,104906,2164
2023-12-15,2,Sijjin,7454,1930901,42246
2023-12-15,3,The Animal Kingdom,4434,18488,1492
2023-12-15,4,The Dive,2985,2985,227
2023-12-14,1,172 Days,189100,2872272,57249
2023-12-14,2,Siksa Neraka,176690,176690,2156
2023-12-14,3,Panggonan Wingit,116353,1244729,28351
2023-12-14,4,Jatuh Cinta Seperti di Film-Film,77410,491748,15171
2023-12-14,5,Malam Para Jahanam,42943,268008,8995
2023-12-14,6,The Boy and The Heron,30001,66389,1320
2023-12-14,7,Gampang Cuan,7060,747060,19089
2023-12-14,8,The Animal Kingdom,5986,14054,1140
2023-12-13,1,The Boy and The Heron,36388,36388,661
2023-12-13,2,The Animal Kingdom,8068,8068,647
2023-12-12,1,The Boy and The Heron,36388,36388,661
2023-12-12,2,The Animal Kingdom,8068,8068,647
2023-12-11,1,The Boy and The Heron,36388,36388,661
2023-12-11,2,The Animal Kingdom,8068,8068,647
2023-12-10,1,The Boy and The Heron,36388,36388,661
2023-12-10,2,The Animal Kingdom,8068,8068,647
2023-12-09,1,The Boy and The Heron,36388,36388,661
2023-12-09,2,The Animal Kingdom,8068,8068,647
2023-12-07,1,The Boy and The Heron,36388,36388,661
2023-12-07,2,The Animal Kingdom,8068,8068,647
2023-12-05,1,The Boy and The Heron,36388,36388,661
2023-12-05,2,The Animal Kingdom,8068,8068,647
2023-12-03,1,The Boy and The Heron,36388,36388,661
2023-12-03,2,The Animal Kingdom,8068,8068,647
2023-12-01,1,The Boy and The Heron,36388,36388,661
2023-12-01,2,The Animal Kingdom,8068,8068,647
2024-01-31,1,Pemukiman Setan,41341,402946,16158
2024-01-31,2,Argylle,21154,21154,2036
2024-01-31,3,Sehidup Semati,54,127057,7523
2024-01-30,1,Pemukiman Setan,43008,361605,14009
2024-01-29,1,Pemukiman Setan,47511,318597,11589
2024-01-28,1,Ancika: Dia yang Bersamaku 1995,170669,1220669,38684
2024-01-28,2,The Beekeeper,156526,644620,29404
2024-01-28,3,Pemukiman Setan,74648,271086,9198
2024-01-28,4,Setengah Hati,34701,37789,996
2024-01-28,5,Pulang Tak Harus Rumah,27527,27527,438
2024-01-28,6,The Bricklayer,15683,73492,7271
2024-01-28,7,Trinil: Kembalikan Tubuhku,14391,824630,27221
2024-01-28,8,Rambut Kafan,10453,153968,8568
2024-01-28,9,Petualangan Anak Penangkap Hantu,6753,33198,3079
2024-01-28,10,Death Whisperer,5583,14654,1889
2024-01-28,11,Siksa Neraka,3093,2608543,55886
2024-01-28,12,OOTD: Outfit of The Designer,2506,12611,1533
2024-01-28,13,Bu Tejo Sowan Jakarta,2283,53636,4593
2024-01-28,14,13 Bom di Jakarta,1279,1005500,27349
2024-01-28,15,Suami Yang Lain,1088,72904,3876
2024-01-28,16,Sehidup Semati,837,127003,7497
2024-01-28,17,Layangan Putus the Movie,458,1024022,25360
2024-01-28,18,Trolls: Band Together,104,160397,6063
2024-01-27,1,Pemukiman Setan,76350,196438,6746
2024-01-27,2,OOTD: Outfit of The Designer,3543,10105,1349
2024-01-26,1,Pemukiman Setan,59823,120088,4285
2024-01-26,2,OOTD: Outfit of The Designer,690,6562,1157
2024-01-25,1,Pemukiman Setan,60265,60265,2013
2024-01-25,2,Rambut Kafan,58347,143515,7964
2024-01-25,3,Ancika: Dia yang Bersamaku 1995,31911,1050000,34789
2024-01-25,4,Bu Tejo Sowan Jakarta,11248,51353,4446
2024-01-25,5,Siksa Neraka,9587,2605450,55627
2024-01-25,6,OOTD: Outfit of The Designer,5872,5872,775
2024-01-25,7,Trinil: Kembalikan Tubuhku,5018,810239,26291
2024-01-25,8,Setengah Hati,3088,3088,418
2024-01-25,9,Layangan Putus the Movie,1665,1023564,25348
2024-01-25,10,Sehidup Semati,1048,126166,7459
2024-01-25,11,Jatuh Cinta Seperti di Film-Film,614,650022,20016
2024-01-24,1,Trinil: Kembalikan Tubuhku,37626,805221,25799
2024-01-24,2,Sehidup Semati,3297,125118,7419
2024-01-24,3,City Hunter The Movie: Angel Dust,104,863,351
2024-01-21,1,The Beekeeper,232107,488094,20119
2024-01-21,2,Ancika: Dia yang Bersamaku 1995,71365,1018089,27850
2024-01-21,3,Trinil: Kembalikan Tubuhku,62378,767595,23522
2024-01-21,4,Siksa Neraka,60209,2595863,54645
2024-01-21,5,Rambut Kafan,21508,85168,4091
2024-01-21,6,13 Bom di Jakarta,21148,1004221,26022
2024-01-21,7,Monster,16374,43891,2287
2024-01-21,8,The Bricklayer,11737,57809,4599
2024-01-21,9,Sehidup Semati,8296,121821,7015
2024-01-21,10,Petualangan Anak Penangkap Hantu,7251,26445,1973
2024-01-21,11,Suami Yang Lain,6105,71816,3792
2024-01-21,12,Bu Tejo Sowan Jakarta,3827,40105,3012
2024-01-21,13,Jatuh Cinta Seperti di Film-Film,2681,649408,19994
2024-01-21,14,Death Whisperer,2303,9071,1053
2024-01-21,15,Mosonggi: Cinta dalam Segulung Sinonggi,1780,13820,256
2024-01-21,16,New Normal,626,1422,531
2024-01-21,17,Trolls: Band Together,101,160293,6063
2024-01-20,1,Ancika: Dia yang Bersamaku 1995,87333,946724,25842
2024-01-20,2,Rambut Kafan,27201,63660,2990
2024-01-20,3,The Bricklayer,18719,46072,3687
2024-01-20,4,Bu Tejo Sowan Jakarta,12072,36278,2409
2024-01-20,5,The Reckoning,8377,14021,1346
2024-01-20,6,Petualangan Anak Penangkap Hantu,6335,19194,1555
2024-01-20,7,Death Whisperer,3113,6768,837
2024-01-20,8,City Hunter The Movie: Angel Dust,214,759,284
2024-01-19,1,Ancika: Dia yang Bersamaku 1995,52556,859391,23836
2024-01-19,2,Rambut Kafan,20136,36459,1861
2024-01-19,3,Bu Tejo Sowan Jakarta,8609,24206,1757
2024-01-19,4,The Bricklayer,7357,27353,2779
2024-01-19,5,The Reckoning,5644,5644,667
2024-01-19,6,Petualangan Anak Penangkap Hantu,3992,12859,1121
2024-01-19,7,Death Whisperer,1387,3655,621
2024-01-19,8,City Hunter The Movie: Angel Dust,104,545,238
2024-01-18,1,Trinil: Kembalikan Tubuhku,235071,705217,21169
2024-01-18,2,13 Bom di Jakarta,69973,983073,25023
2024-01-18,3,Ancika: Dia yang Bersamaku 1995,54565,806835,21932
2024-01-18,4,Sehidup Semati,30406,113525,6449
2024-01-18,5,Rambut Kafan,16323,16323,813
2024-01-18,6,Bu Tejo Sowan Jakarta,15597,15597,946
2024-01-18,7,The Bricklayer,9608,19996,1957
2024-01-18,8,Petualangan Anak Penangkap Hantu,8867,8867,654
2024-01-18,9,Anatomy of A Fall,1079,1549,34
2024-01-18,10,Death Whisperer,919,2268,410
2024-01-18,11,City Hunter The Movie: Angel Dust,292,441,175
2024-01-17,1,Ancika: Dia yang Bersamaku 1995,53906,752270,20019
2024-01-17,2,The Bricklayer,10388,10388,1016
2024-01-17,3,Death Whisperer,1349,1349,212
2024-01-17,4,Anatomy of A Fall,470,470,34
2024-01-17,5,One Piece Film: Red (Remastered),289,1428,528
2024-01-17,6,City Hunter The Movie: Angel Dust,149,149,93
2024-01-16,1,Ancika: Dia yang Bersamaku 1995,66766,698364,17587
2024-01-15,1,Ancika: Dia yang Bersamaku 1995,81421,631598,14758
2024-01-14,1,Ancika: Dia yang Bersamaku 1995,81421,631598,14758
2024-01-13,1,Ancika: Dia yang Bersamaku 1995,81421,631598,14758
2024-01-12,1,Ancika: Dia yang Bersamaku 1995,81421,631598,14758
2024-01-11,1,13 Bom di Jakarta,205000,835000,21471
2024-01-11,2,Trinil: Kembalikan Tubuhku,188934,470146,13432
2024-01-11,3,Ancika: Dia yang Bersamaku 1995,163811,163811,2484
2024-01-11,4,Siksa Neraka,110216,2464916,49248
2024-01-11,5,Panggonan Wingit,71289,1800003,40740
2024-01-11,6,The Beekeeper,41395,76219,3560
2024-01-11,7,Sehidup Semati,22069,22069,1127
2024-01-11,8,Hamka & Siti Raham vol. 2,8662,347288,10623
2024-01-11,9,Mosonggi: Cinta dalam Segulung Sinonggi,2891,9041,162
2024-01-11,10,Night Swim,2436,145769,7731
2024-01-11,11,Diwe: Hutan Larangan,2420,8211,470
2024-01-11,12,Jatuh Cinta Seperti di Film-Film,1036,646727,19940
2024-01-11,13,One Piece Film: Red (Remastered),436,1139,319
2024-01-11,14,New Normal,252,796,209
2024-01-10,1,The Beekeeper,34824,34824,1841
2024-01-10,2,Night Swim,7213,143333,7513
2024-01-10,3,One Piece Film: Red (Remastered),703,703,204
2024-01-10,4,New Normal,544,544,126
2024-01-10,5,172 Days,55,3087826,63313
2024-01-09,1,Night Swim,10521,136120,6944
2024-01-08,1,Night Swim,13844,125599,6135
2024-01-07,1,Siksa Neraka,171397,2354700,44618
2024-01-07,2,Migration,64144,276161,8557
2024-01-07,3,Trinil: Kembalikan Tubuhku,53309,281212,6617
2024-01-07,4,Suami Yang Lain,22167,38582,2046
2024-01-07,5,Night Swim,19771,111755,5285
2024-01-07,6,Monster,12132,12132,621
2024-01-07,7,Diwe: Hutan Larangan,4759,5791,248
2024-01-07,8,Mosonggi: Cinta dalam Segulung Sinonggi,4592,6150,75
2024-01-07,9,Jatuh Cinta Seperti di Film-Film,1621,645691,19870
2024-01-07,10,Trolls: Band Together,1504,160074,6047
2024-01-06,1,Trinil: Kembalikan Tubuhku,88246,227903,4689
2024-01-06,2,Night Swim,19952,91984,4343
2024-01-05,1,Trinil: Kembalikan Tubuhku,88420,139657,2753
2024-01-05,2,Night Swim,18054,72032,3382
2024-01-04,1,Aquaman and The Lost Kingdom,335692,3484145,57087
2024-01-04,2,13 Bom di Jakarta,130000,630000,12950
2024-01-04,3,Siksa Neraka,127995,2183303,40656
2024-01-04,4,Trinil: Kembalikan Tubuhku,51237,51237,1019
2024-01-04,5,Night Swim,25028,53978,2315
2024-01-04,6,The Boy and The Heron,19768,299822,8918
2024-01-04,7,Hamka & Siti Raham vol. 2,19612,338626,10329
2024-01-04,8,Suami Yang Lain,16415,16415,628
2024-01-04,9,Jiu Jitsu,15327,15327,989
2024-01-04,10,Wonka,10920,898170,27768
2024-01-04,11,172 Days,4234,3087160,63282
2024-01-04,12,Jatuh Cinta Seperti di Film-Film,2801,644070,19817
2024-01-04,13,Mosonggi: Cinta dalam Segulung Sinonggi,1558,1558,6
2024-01-04,14,Diwe: Hutan Larangan,1032,1032,60
2024-01-04,15,Malam Para Jahanam,109,301240,10515
2024-01-03,1,Night Swim,28950,28950,1140
2024-01-02,1,13 Bom di Jakarta,158891,500000,10021
2024-01-02,2,Siksa Neraka,98509,2055308,37816
2024-01-01,1,Aquaman and The Lost Kingdom,188128,3148453,48900
2024-01-01,2,Layangan Putus the Movie,176702,803889,18367
2024-01-01,3,Jatuh Cinta Seperti di Film-Film,15437,641269,19720
2024-01-01,4,172 Days,10786,3082926,63144
2024-01-01,5,Wonka,8608,887250,27300
2024-01-01,6,Malam Para Jahanam,656,301131,10514
2024-02-29,1,Jagat Alam Gaib: Sinden Gaib,146560,472007,11880
2024-02-29,2,Pasar Setan,102168,102168,1058
2024-02-29,3,Agak Laen,101222,7802182,120493
2024-02-29,4,Demon Slayer: Kimetsu no Yaiba - To The Hashira Training,57279,153014,2951
2024-02-29,5,Mendung Tanpo Udan,10486,10486,480
2024-02-29,6,Bonnie,4117,4117,444
2024-02-28,1,Agak Laen,200960,7700960,118706
2024-02-28,2,Demon Slayer: Kimetsu no Yaiba - To The Hashira Training,95735,95735,1360
2024-02-28,3,Ancika: Dia yang Bersamaku 1995,613,1318885,43856
2024-02-28,4,Ali Topan,153,59474,4012
2024-02-28,5,Dealova,44,3090,671
2024-02-27,1,Munkar,1389,773367,18070
2024-02-26,1,Munkar,1389,773367,18070
2024-02-25,1,Agak Laen,214239,7354239,108947
2024-02-25,2,Munkar,111416,771978,17969
2024-02-25,3,Pemandi Jenazah,111270,390000,5968
2024-02-25,4,Lampir,90469,279213,8150
2024-02-25,5,Jagat Alam Gaib: Sinden Gaib,75213,325447,6617
2024-02-25,6,Land of Bad,55310,69653,4107
2024-02-25,7,Pasutri Gaje,42193,460566,13755
2024-02-25,8,Eksil,40426,45926,1015
2024-02-25,9,Bob Marley: One Love,28839,45437,2362
2024-02-25,10,Kereta Berdarah,10493,1000027,21196
2024-02-25,11,Ali Topan,8893,59321,3995
2024-02-25,12,Women From Rote Island,3510,18399,544
2024-02-25,13,Pulang Tak Harus Rumah,2196,59984,612
2024-02-25,14,Ancika: Dia yang Bersamaku 1995,860,1318272,43856
2024-02-25,15,Dealova,302,3046,588
2024-02-24,1,Agak Laen,210000,7140000,105186
2024-02-24,2,Pemandi Jenazah,108787,278730,4093
2024-02-24,3,Jagat Alam Gaib: Sinden Gaib,81023,250234,4705
2024-02-24,4,Women From Rote Island,6479,14889,443
2024-02-24,5,Dealova,539,2744,557
2024-02-23,1,Agak Laen,185469,6930000,101677
2024-02-23,2,Jagat Alam Gaib: Sinden Gaib,93695,169211,2783
2024-02-23,3,Pemandi Jenazah,79943,169943,2433
2024-02-23,4,Women From Rote Island,6229,8410,320
2024-02-23,5,Dealova,351,2205,523
2024-02-22,1,Agak Laen,129369,6744531,98427
2024-02-22,2,Pemandi Jenazah,90000,90000,1023
2024-02-22,3,Jagat Alam Gaib: Sinden Gaib,75516,75516,955
2024-02-22,4,Women From Rote Island,2181,2181,165
2024-02-22,5,Dealova,1854,1854,427
2024-02-21,1,Agak Laen,177771,6615162,94675
2024-02-21,2,Bob Marley: One Love,16598,16598,664
2024-02-21,3,Land of Bad,14343,14343,809
2024-02-21,4,Dream Scenario,326,326,67
2024-02-20,1,Agak Laen,203989,6437391,89686
2024-02-19,1,Agak Laen,229887,6233402,84771
2024-02-18,1,Madame Web,379715,379715,9512
2024-02-18,2,Agak Laen,357211,6003515,79709
2024-02-18,3,Munkar,305119,660562,14292
2024-02-18,4,Pasutri Gaje,137795,418373,12176
2024-02-18,5,Kereta Berdarah,64418,989534,20965
2024-02-18,6,Lampir,29558,188744,4862
2024-02-18,7,Pulang Tak Harus Rumah,15297,57788,600
2024-02-18,8,Ali Topan,7002,50428,3233
2024-02-18,9,Indonesia Dari Timur,1967,3500,294
2024-02-18,10,Baby Shark's Big Movie,1468,3179,258
2024-02-17,1,Agak Laen,380690,5646304,74660
2024-02-17,2,Spy X Family Code: White,45474,128785,4163
2024-02-17,3,Lampir,37122,159186,3804
2024-02-17,4,Ali Topan,8354,43426,2822
2024-02-17,5,Baby Shark's Big Movie,1158,1711,178
2024-02-17,6,One True Loves,447,2292,299
2024-02-16,1,Agak Laen,278229,5265614,69684
2024-02-16,2,Ancika: Dia yang Bersamaku 1995,96743,1317412,43856
2024-02-16,3,Lampir,29919,122064,2740
2024-02-16,4,Ali Topan,8269,35072,2345
2024-02-16,5,Baby Shark's Big Movie,553,553,93
2024-02-16,6,One True Loves,277,1845,281
2024-02-15,1,Agak Laen,240798,4987385,65161
2024-02-15,2,Lampir,27145,92145,1688
2024-02-15,3,Ali Topan,8983,26803,1738
2024-02-15,4,One True Loves,505,1568,244
2024-02-14,1,Agak Laen,439457,4746587,61023
2024-02-14,2,Lampir,65000,65000,786
2024-02-14,3,Ali Topan,17820,17820,910
2024-02-14,4,Indonesia Dari Timur,1533,1533,121
2024-02-14,5,One True Loves,1063,1063,166
2024-02-13,1,Agak Laen,296395,4307130,57090
2024-02-12,1,Agak Laen,308800,4010735,51703
2024-02-11,1,Agak Laen,391828,3701935,46577
2024-02-11,2,Aquaman and The Lost Kingdom,280576,3764721,79546
2024-02-11,3,Spy X Family Code: White,68454,83311,2446
2024-02-11,4,Munkar,49159,355443,6997
2024-02-11,5,Pasutri Gaje,45357,280578,7229
2024-02-11,6,Kereta Berdarah,41464,925116,18618
2024-02-11,7,Argylle,40053,137373,9599
2024-02-11,8,Setengah Hati,20620,97008,1896
2024-02-11,9,Turning Red,3068,7029,228
2024-02-11,10,Eksil,2078,5500,372
2024-02-11,11,Jatuh Cinta Seperti di Film-Film,1053,651075,20051
2024-02-11,12,Pemukiman Setan,901,491877,20450
2024-02-11,13,Petualangan Anak Penangkap Hantu,102,33406,3156
2024-02-10,1,Agak Laen,486205,3310107,41447
2024-02-10,2,Munkar,60704,306284,5675
2024-02-10,3,Pasutri Gaje,56150,235221,5830
2024-02-10,4,Kereta Berdarah,50718,883652,17731
2024-02-10,5,Turning Red,2626,3961,148
2024-02-09,1,Agak Laen,447199,2823902,36386
2024-02-09,2,Kupu-Kupu Kertas,120753,120753,2475
2024-02-09,3,Munkar,84136,245580,4326
2024-02-09,4,Pasutri Gaje,53438,179071,4389
2024-02-09,5,Kereta Berdarah,47951,832934,16827
2024-02-09,6,Turning Red,1335,1335,72
2024-02-08,1,Agak Laen,503124,2376703,31941
2024-02-08,2,Munkar,85273,161444,2847
2024-02-08,3,Pasutri Gaje,77866,125633,2889
2024-02-08,4,Kereta Berdarah,75482,784983,15903
2024-02-08,5,Pemukiman Setan,20422,490976,20440
2024-02-07,1,Agak Laen,302208,1873579,27872
2024-02-07,2,Munkar,76171,76171,1255
2024-02-07,3,Kereta Berdarah,59411,709501,14961
2024-02-07,4,Pasutri Gaje,47767,47767,1315
2024-02-07,5,Spy X Family Code: White,14857,14857,505
2024-02-06,1,Agak Laen,280193,1571371,24231
2024-02-06,2,Kereta Berdarah,68495,650090,13788
2024-02-06,3,The Bricklayer,4097,77589,7763
2024-02-05,1,Agak Laen,278188,1291178,19323
2024-02-05,2,Kereta Berdarah,63137,581595,11762
2024-02-04,1,Agak Laen,330038,1012990,14626
2024-02-04,2,Kereta Berdarah,131012,518458,9374
2024-02-04,3,Argylle,76166,97320,6675
2024-02-04,4,Pemukiman Setan,67608,470554,19392
2024-02-04,5,The Beekeeper,59207,703827,34167
2024-02-04,6,Setengah Hati,38599,76388,1754
2024-02-04,7,Pulang Tak Harus Rumah,14964,42491,533
2024-02-04,8,Monster,6320,50211,3028
2024-02-04,9,OOTD: Outfit of The Designer,3696,16307,2034
2024-02-04,10,Eksil,3422,3422,147
2024-02-04,11,Death Whisperer,916,15570,2048
2024-02-04,12,Shining for One Thing,715,715,339
2024-02-04,13,Bu Tejo Sowan Jakarta,697,54333,4730
2024-02-04,14,The Tiger's Nest,456,456,202
2024-02-04,15,13 Bom di Jakarta,127,1035351,27668
2024-02-04,16,Petualangan Anak Penangkap Hantu,106,33304,3155
2024-02-03,1,Agak Laen,305389,682952,10001
2024-02-03,2,Kereta Berdarah,150073,387446,6866
2024-02-02,1,Agak Laen,195874,377563,5696
2024-02-02,2,Kereta Berdarah,118702,237373,4308
2024-02-02,3,Trinil: Kembalikan Tubuhku,10496,835126,28032
2024-02-01,1,Agak Laen,181689,181689,2122
2024-02-01,2,Kereta Berdarah,118671,118671,1907
2024-02-01,3,13 Bom di Jakarta,29724,1035224,27668
2024-02-01,4,Night Swim,12699,164782,9612
2024-02-01,5,Siksa Neraka,1493,2610036,56093
2024-03-31,1,Godzilla x Kong: The New Empire,480474,1068443,25018
2024-03-31,2,Exhuma,183757,2312696,58329
2024-03-31,3,Ghostbusters: Frozen Empire,59119,236120,16787
2024-03-31,4,Agak Laen,39200,9045411,154571
2024-03-31,5,Ronggeng Kematian,22528,105701,4863
2024-03-31,6,Tanduk Setan,14973,69228,5288
2024-03-31,7,Perjalanan Pembuktian Cinta,12500,90320,2969
2024-03-31,8,Kuyang: Sekutu Iblis yang Selalu Mengintai,8137,262018,10286
2024-03-31,9,Siri Na Pacce,6587,26911,380
2024-03-31,10,Botting (Pengantin),4513,8920,305
2024-03-30,1,Ronggeng Kematian,20439,83173,3783
2024-03-30,2,Para Betina Pengikut Iblis Part 2,2726,14397,1911
2024-03-30,3,Keluar Main 1994,2564,7635,793
2024-03-29,1,Godzilla x Kong: The New Empire,250159,587969,13561
2024-03-29,2,Ronggeng Kematian,22765,62734,2628
2024-03-29,3,Para Betina Pengikut Iblis Part 2,3894,11671,1680
2024-03-29,4,Keluar Main 1994,1885,5071,602
2024-03-28,1,Godzilla x Kong: The New Empire,250159,587969,13561
2024-03-28,2,Ronggeng Kematian,22765,62734,2628
2024-03-28,3,Para Betina Pengikut Iblis Part 2,3894,11671,1680
2024-03-28,4,Keluar Main 1994,1885,5071,602
2024-03-27,1,Godzilla x Kong: The New Empire,168202,168202,4361
2024-03-26,1,Kukejar Mimpi,179,25437,1725
2024-03-25,1,Eksil,420,62375,1455
2024-03-24,1,Kung Fu Panda 4,558234,1323365,41458
2024-03-24,2,Ghostbusters: Frozen Empire,136144,177001,10491
2024-03-24,3,Kuyang: Sekutu Iblis yang Selalu Mengintai,26593,253881,9706
2024-03-24,4,Kurban - Budak Iblis,18818,62918,2506
2024-03-24,5,Agak Laen,14211,9006211,151830
2024-03-24,6,Kukejar Mimpi,11801,25258,1384
2024-03-24,7,Kartolo Numpak Terang Bulan,6700,8556,791
2024-03-24,8,Jagat Alam Gaib: Sinden Gaib,6448,619538,15628
2024-03-24,9,1 CM,6218,7901,360
2024-03-24,10,Botting (Pengantin),4407,4407,143
2024-03-24,11,Hantu Polong,2089,10407,1473
2024-03-24,12,Women From Rote Island,524,31942,911
2024-03-24,13,Pasar Setan,169,301878,8657
2024-03-23,1,Exhuma,170908,2128939,48119
2024-03-23,2,Kurban - Budak Iblis,17509,44100,1818
2024-03-23,3,Agak Laen,14000,8992000,151120
2024-03-22,1,Kurban - Budak Iblis,12265,26591,1235
2024-03-22,2,Agak Laen,7000,8978000,150510
2024-03-21,1,Kurban - Budak Iblis,14326,14326,611
2024-03-21,2,Kukejar Mimpi,13457,13457,417
2024-03-21,3,Agak Laen,9000,8971000,149927
2024-03-20,1,Ghostbusters: Frozen Empire,40857,40857,2308
2024-03-20,2,Agak Laen,11000,8962000,149194
2024-03-19,1,Exhuma,749687,1958031,40875
2024-03-19,2,Agak Laen,12000,8951000,148328
2024-03-19,3,Tanduk Setan,4363,54255,3963
2024-03-19,4,Imaginary,2418,13228,3620
2024-03-18,1,Agak Laen,14000,8939000,147257
2024-03-18,2,Tanduk Setan,4431,49892,3341
2024-03-18,3,Eksil,1666,61955,1418
2024-03-18,4,Women From Rote Island,1071,31418,885
2024-03-17,1,Dune: Part Two,237315,434830,11314
2024-03-17,2,Kuyang: Sekutu Iblis yang Selalu Mengintai,78263,227288,7975
2024-03-17,3,Agak Laen,20330,8925000,146151
2024-03-17,4,Perjalanan Pembuktian Cinta,18332,77820,2457
2024-03-17,5,Imaginary,10810,10810,2638
2024-03-17,6,The Exorcist,10810,10810,745
2024-03-17,7,Tanduk Setan,10798,45461,2692
2024-03-17,8,Hantu Polong,5369,8318,1028
2024-03-17,9,Pasar Setan,4247,301709,8574
2024-03-17,10,Siri Na Pacce,3289,20324,337
2024-03-17,11,Bad Boy in Love,1386,15025,905
2024-03-16,1,Agak Laen,24670,8904670,145083
2024-03-16,2,Tanduk Setan,10453,34663,2033
2024-03-16,3,Bad Boy in Love,2683,13639,782
2024-03-15,1,Jagat Alam Gaib: Sinden Gaib,22103,613090,15456
2024-03-15,2,Agak Laen,13522,8880000,144053
2024-03-15,3,Tanduk Setan,9208,24210,1372
2024-03-15,4,Bad Boy in Love,4959,10956,590
2024-03-14,1,Tanduk Setan,15002,15002,653
2024-03-14,2,Agak Laen,14478,8866478,143122
2024-03-14,3,Bad Boy in Love,5997,5997,344
2024-03-14,4,Hantu Polong,2949,2949,382
2024-03-14,5,Kartolo Numpak Terang Bulan,1856,1856,248
2024-03-14,6,1 CM,1683,1683,115
2024-03-13,1,Agak Laen,19000,8852000,142071
2024-03-13,2,Titip Surat Untuk Tuhan,173,18693,1985
2024-03-12,1,Agak Laen,19000,8852000,142071
2024-03-12,2,Titip Surat Untuk Tuhan,173,18693,1985
2024-03-11,1,Agak Laen,19000,8852000,142071
2024-03-11,2,Titip Surat Untuk Tuhan,173,18693,1985
2024-03-10,1,Kung Fu Panda 4,637751,765131,13228
2024-03-10,2,Exhuma,400223,1208344,18260
2024-03-10,3,Agak Laen,260581,8728716,137946
2024-03-10,4,Kuyang: Sekutu Iblis yang Selalu Mengintai,41436,149025,3878
2024-03-10,5,Titip Surat Untuk Tuhan,12139,18520,1730
2024-03-10,6,Women From Rote Island,11948,30347,852
2024-03-10,7,Perjalanan Pembuktian Cinta,9535,59488,1371
2024-03-09,1,Exhuma,99964,808121,15948
2024-03-09,2,Kuyang: Sekutu Iblis yang Selalu Mengintai,49705,107589,3000
2024-03-09,3,Perjalanan Pembuktian Cinta,15308,49953,1120
2024-03-08,1,Exhuma,108016,708157,13637
2024-03-08,2,Kuyang: Sekutu Iblis yang Selalu Mengintai,38629,57884,1989
2024-03-08,3,Perjalanan Pembuktian Cinta,14100,34645,830
2024-03-07,1,Pemandi Jenazah,293000,1259000,23288
2024-03-07,2,Agak Laen,262337,8468135,133914
2024-03-07,3,Exhuma,96327,600141,11668
2024-03-07,4,Jagat Alam Gaib: Sinden Gaib,46552,590987,14811
2024-03-07,5,Perjalanan Pembuktian Cinta,20545,20545,427
2024-03-07,6,Kuyang: Sekutu Iblis yang Selalu Mengintai,19255,19255,853
2024-03-07,7,Siri Na Pacce,17035,17035,182
2024-03-07,8,Titip Surat Untuk Tuhan,6381,6381,768
2024-03-06,1,Kung Fu Panda 4,127380,127380,3515
2024-03-06,2,Exhuma,32831,503814,9866
2024-03-06,3,Demon Slayer: Kimetsu no Yaiba - To The Hashira Training,2971,311939,8403
2024-03-05,1,Exhuma,156987,470983,7873
2024-03-05,2,Demon Slayer: Kimetsu no Yaiba - To The Hashira Training,6228,308968,8150
2024-03-05,3,Mendung Tanpo Udan,98,18484,1144
2024-03-04,1,Demon Slayer: Kimetsu no Yaiba - To The Hashira Training,11639,302740,7524
2024-03-04,2,Mendung Tanpo Udan,2219,18386,1096
2024-03-03,1,Pemandi Jenazah,576000,966000,18003
2024-03-03,2,Exhuma,313996,313996,4155
2024-03-03,3,Dune: Part Two,197515,197515,6617
2024-03-03,4,Agak Laen,115798,8205798,126552
2024-03-03,5,Jagat Alam Gaib: Sinden Gaib,72428,544435,13373
2024-03-03,6,Demon Slayer: Kimetsu no Yaiba - To The Hashira Training,60204,291101,6597
2024-03-03,7,Pasar Setan,42586,270388,4639
2024-03-03,8,Land of Bad,30525,100178,6498
2024-03-03,9,Eksil,9949,55875,1278
2024-03-03,10,Pasutri Gaje,6469,467035,14053
2024-03-03,11,Miller's Girl,2215,2215,361
2024-03-03,12,Mendung Tanpo Udan,1068,16167,1041
2024-03-03,13,Bonnie,600,7728,801
2024-03-02,1,Agak Laen,178898,8090000,124438
2024-03-02,2,Pasar Setan,65650,227802,3525
2024-03-02,3,Demon Slayer: Kimetsu no Yaiba - To The Hashira Training,48975,230897,5512
2024-03-02,4,Mendung Tanpo Udan,1751,15099,964
2024-03-02,5,Bonnie,1389,7128,765
2024-03-01,1,Agak Laen,108920,7911102,122322
2024-03-01,2,Pasar Setan,59984,162152,2221
2024-03-01,3,Demon Slayer: Kimetsu no Yaiba - To The Hashira Training,28908,181922,4313
2024-03-01,4,Mendung Tanpo Udan,2862,13348,776
2024-03-01,5,Bonnie,1622,5739,665
2024-04-30,1,Menjelang Ajal,64385,64385,1694
2024-04-30,2,The Architecture of Love,45568,45568,129
2024-04-30,3,Civil War,23292,23292,1689
2024-04-28,1,Siksa Kubur,98688,3702652,57449
2024-04-28,2,Godzilla x Kong: The New Empire,95220,3197458,92940
2024-04-28,3,Badarawuhi di Desa Penari,88201,3492000,54333
2024-04-28,4,The Fall Guy,78870,101478,6577
2024-04-28,5,The Roundup: Punishment,72745,80000,3499
2024-04-28,6,Dua Hati Biru,64346,425815,15749
2024-04-28,7,The First Omen,58673,572736,21377
2024-04-28,8,Glenn Fredly: The Movie,19588,97588,457
2024-04-27,1,Badarawuhi di Desa Penari,167835,3403799,52117
2024-04-27,2,Siksa Kubur,81892,3603964,54685
2024-04-27,3,Glenn Fredly: The Movie,29000,78000,357
2024-04-26,1,Siksa Kubur,110695,3522072,51892
2024-04-26,2,Dua Hati Biru,98104,361469,14174
2024-04-26,3,Glenn Fredly: The Movie,23896,49000,238
2024-04-26,4,Challengers,4617,4617,901
2024-04-25,1,Badarawuhi di Desa Penari,210612,3235964,47841
2024-04-25,2,Siksa Kubur,87501,3411377,49257
2024-04-25,3,Glenn Fredly: The Movie,25104,25104,118
2024-04-24,1,Siksa Kubur,315965,3323876,46537
2024-04-24,2,The Fall Guy,22608,22608,2060
2024-04-24,3,The Roundup: Punishment,7255,7255,327
2024-04-23,1,Yolo,1429,13262,743
2024-04-22,1,Badarawuhi di Desa Penari,603530,3025352,40386
2024-04-22,2,Yolo,1318,11833,638
2024-04-21,1,Siksa Kubur,227802,3007911,36750
2024-04-21,2,Dua Hati Biru,133361,263365,8630
2024-04-21,3,Kung Fu Panda 4,93026,1517591,51594
2024-04-21,4,The First Omen,67712,514063,20196
2024-04-21,5,Ronggeng Kematian,4079,262877,12076
2024-04-21,6,Yolo,3662,10515,525
2024-04-21,7,Botting (Pengantin),514,12941,425
2024-04-20,1,Siksa Kubur,252388,2780109,33315
2024-04-20,2,Yolo,3834,6853,393
2024-04-19,1,Siksa Kubur,246982,2527721,29920
2024-04-19,2,Exhuma,99428,2600105,67384
2024-04-19,3,Pemandi Jenazah,44013,1645513,35668
2024-04-19,4,Yolo,3019,3019,246
2024-04-18,1,Siksa Kubur,227344,2280739,26776
2024-04-18,2,Badarawuhi di Desa Penari,190222,2421822,28588
2024-04-18,3,Dua Hati Biru,54986,130004,3634
2024-04-18,4,Agak Laen,11894,9112265,156807
2024-04-17,1,Godzilla x Kong: The New Empire,436670,3102238,81397
2024-04-17,2,Siksa Kubur,302751,2053395,23576
2024-04-17,3,Badarawuhi di Desa Penari,231236,2231600,25506
2024-04-17,4,Dua Hati Biru,75018,75018,1795
2024-04-16,1,Badarawuhi di Desa Penari,331436,2000364,22571
2024-04-16,2,Siksa Kubur,305793,1750644,20612
2024-04-15,1,Siksa Kubur,334023,1444851,17124
2024-04-15,2,Badarawuhi di Desa Penari,326610,1668928,19013
2024-04-15,3,Jayaprana Layonsari,631,5425,208
2024-04-14,1,Godzilla x Kong: The New Empire,985011,2665568,76458
2024-04-14,2,Badarawuhi di Desa Penari,310611,1342318,15316
2024-04-14,3,Siksa Kubur,305228,1110828,13593
2024-04-14,4,The First Omen,210384,446351,18069
2024-04-14,5,Exhuma,91909,2500677,66443
2024-04-14,6,Agak Laen,17089,9100371,156411
2024-04-14,7,Ronggeng Kematian,5734,258798,12009
2024-04-14,8,Para Betina Pengikut Iblis Part 2,5403,22928,2515
2024-04-14,9,Botting (Pengantin),3507,12427,413
2024-04-13,1,Badarawuhi di Desa Penari,342489,1031707,11557
2024-04-13,2,Siksa Kubur,293869,805600,10186
2024-04-12,1,Badarawuhi di Desa Penari,344711,689218,7730
2024-04-12,2,Siksa Kubur,253860,511731,6852
2024-04-11,1,Badarawuhi di Desa Penari,344507,344507,3703
2024-04-11,2,Siksa Kubur,257871,257871,3432
2024-04-11,3,Ronggeng Kematian,147363,253064,11945
2024-04-11,4,Pemandi Jenazah,90500,1601500,35652
2024-04-11,5,Agak Laen,37871,9083282,156107
2024-04-11,6,Kurban - Budak Iblis,24437,87355,4707
2024-04-11,7,Keluar Main 1994,23685,35085,2115
2024-04-11,8,Jayaprana Layonsari,4794,4794,208
2024-04-07,1,Godzilla x Kong: The New Empire,612114,1680557,58223
2024-04-07,2,The First Omen,235967,235967,9720
2024-04-07,3,Kung Fu Panda 4,101200,1424565,48874
2024-04-07,4,Exhuma,96072,2408768,63371
2024-04-07,5,Ghostbusters: Frozen Empire,11966,248086,17616
2024-04-03,1,Tanduk Setan,828,70056,5297
2024-04-01,1,Kukejar Mimpi,6716,32153,1793
2024-04-01,2,Eksil,670,63045,1477
2024-05-31,1,Temurun,47289,92546,2949
2024-05-31,2,Tuhan Izinkan Aku Berdosa,26171,442663,9059
2024-05-31,3,Mystery Writers,215,998,148
2024-05-30,1,How To Make Millions Before Grandma Dies,112240,2402528,34602
2024-05-30,2,Tuhan Izinkan Aku Berdosa,72849,416492,8388
2024-05-30,3,Temurun,45257,45257,1431
2024-05-30,4,Leak Ugig: Taksu Bali,1120,1120,4
2024-05-30,5,Mystery Writers,263,783,106
2024-05-29,1,Haikyu!! The Dumpster Battle,169742,169742,1712
2024-05-29,2,How To Make Millions Before Grandma Dies,124277,2290288,32258
2024-05-29,3,Badarawuhi di Desa Penari,102534,4013558,69996
2024-05-29,4,Tuhan Izinkan Aku Berdosa,76679,343643,7714
2024-05-29,5,The Garfield Movie,69066,69066,2657
2024-05-29,6,Malam Pencabut Nyawa,61373,211838,7644
2024-05-29,7,Monkey Man,5471,5471,611
2024-05-29,8,Mystery Writers,520,520,58
2024-05-28,1,How To Make Millions Before Grandma Dies,148294,2166011,29677
2024-05-28,2,Dua Hati Biru,15418,500308,18553
2024-05-28,3,Sheriff: Narcotics & Integrity,105,1049,159
2024-05-27,1,How To Make Millions Before Grandma Dies,170968,2017717,26057
2024-05-27,2,Sheriff: Narcotics & Integrity,111,944,145
2024-05-26,1,Vina: Sebelum 7 Hari,281970,5502919,72906
2024-05-26,2,How To Make Millions Before Grandma Dies,221564,1846749,22543
2024-05-26,3,Furiosa: A Mad Max Saga,211703,211703,6046
2024-05-26,4,Kingdom of the Planet of the Apes,81269,953300,22793
2024-05-26,5,Tuhan Izinkan Aku Berdosa,52528,266964,4985
2024-05-26,6,Malam Pencabut Nyawa,31699,150465,5283
2024-05-26,7,Tarot,26736,109629,3703
2024-05-26,8,IF: Imaginary Friends,18436,61616,3273
2024-05-26,9,The Ministry of Ungentlemanly Warfare,15609,73117,1129
2024-05-26,10,Under Parallel Skies,936,4210,342
2024-05-26,11,Kamen Rider 555 20th: Paradise Regained,933,2516,87
2024-05-26,12,Sheriff: Narcotics & Integrity,108,833,128
2024-05-25,1,How To Make Millions Before Grandma Dies,268584,1625185,19143
2024-05-25,2,Tuhan Izinkan Aku Berdosa,55467,214436,4038
2024-05-25,3,Malam Pencabut Nyawa,32719,118766,4379
2024-05-25,4,The Ministry of Ungentlemanly Warfare,15767,57508,798
2024-05-25,5,Under Parallel Skies,849,3274,295
2024-05-25,6,Kamen Rider 555 20th: Paradise Regained,715,1583,61
2024-05-25,7,Sheriff: Narcotics & Integrity,368,725,108
2024-05-24,1,How To Make Millions Before Grandma Dies,347745,1356601,15872
2024-05-24,2,Tuhan Izinkan Aku Berdosa,49969,158969,3093
2024-05-24,3,The Ministry of Ungentlemanly Warfare,41741,41741,421
2024-05-24,4,Malam Pencabut Nyawa,25117,86047,3476
2024-05-24,5,Under Parallel Skies,1010,2425,245
2024-05-24,6,Kamen Rider 555 20th: Paradise Regained,868,868,32
2024-05-24,7,Sheriff: Narcotics & Integrity,357,357,82
2024-05-23,1,Vina: Sebelum 7 Hari,628498,5220949,67210
2024-05-23,2,How To Make Millions Before Grandma Dies,213158,1008856,12997
2024-05-23,3,Tuhan Izinkan Aku Berdosa,55525,109000,2152
2024-05-23,4,Malam Pencabut Nyawa,33121,60930,2526
2024-05-23,5,Under Parallel Skies,689,1415,193
2024-05-22,1,How To Make Millions Before Grandma Dies,199917,795698,10441
2024-05-22,2,Tuhan Izinkan Aku Berdosa,53475,53475,1122
2024-05-22,3,Malam Pencabut Nyawa,27809,27809,1399
2024-05-22,4,Agak Laen,2414,9127602,157640
2024-05-22,5,Under Parallel Skies,726,726,117
2024-05-21,1,How To Make Millions Before Grandma Dies,164558,595781,8406
2024-05-21,2,Menjelang Ajal,9918,711122,20132
2024-05-21,3,The Fall Guy,1708,147333,9147
2024-05-20,1,How To Make Millions Before Grandma Dies,128340,431223,5962
2024-05-20,2,Possession: Kerasukan,9318,65087,3545
2024-05-19,1,Vina: Sebelum 7 Hari,2043973,4592451,54448
2024-05-19,2,Kingdom of the Planet of the Apes,306082,872031,20127
2024-05-19,3,How To Make Millions Before Grandma Dies,117234,302883,4058
2024-05-19,4,Tarot,69233,82893,2841
2024-05-19,5,Civil War,68122,240015,13703
2024-05-19,6,Do You See What I See,56953,252953,5765
2024-05-19,7,IF: Imaginary Friends,43180,43180,2574
2024-05-19,8,Siksa Kubur,31826,4000826,71007
2024-05-19,9,Cash Out,12591,64400,963
2024-05-19,10,Abigail,2541,103203,6003
2024-05-18,1,How To Make Millions Before Grandma Dies,95599,185649,2464
2024-05-18,2,Do You See What I See,58000,196000,4492
2024-05-18,3,Keluar Main 1994,25457,134268,2888
2024-05-18,4,Cash Out,12547,51809,696
2024-05-17,1,Do You See What I See,64201,138000,3053
2024-05-17,2,How To Make Millions Before Grandma Dies,48321,90050,1351
2024-05-17,3,Cash Out,39262,39262,396
2024-05-16,1,Do You See What I See,73799,73799,1676
2024-05-16,2,How To Make Millions Before Grandma Dies,26635,41729,781
2024-05-15,1,How To Make Millions Before Grandma Dies,15094,15094,256
2024-05-15,2,Tarot,13660,13660,868
2024-05-14,1,The Architecture of Love,64700,900015,2127
2024-05-13,1,Vina: Sebelum 7 Hari,427105,2548478,24860
2024-05-13,2,Menjelang Ajal,92868,701204,19535
2024-05-12,1,Vina: Sebelum 7 Hari,927105,2121373,19499
2024-05-12,2,Kingdom of the Planet of the Apes,565949,565949,10426
2024-05-12,3,The Architecture of Love,146850,835315,1908
2024-05-12,4,Abigail,39936,100662,5793
2024-05-12,5,Totto-chan: The Little Girl at the Window,21456,40788,1714
2024-05-12,6,Glenn Fredly: The Movie,14783,179007,666
2024-05-12,7,The Fall Guy,10455,144093,9040
2024-05-12,8,Possession: Kerasukan,8333,55769,3044
2024-05-12,9,Mencadin: Dendam Pocong,350,3500,297
2024-05-11,1,Possession: Kerasukan,7415,47436,2784
2024-05-10,1,Vina: Sebelum 7 Hari,397191,1194268,9500
2024-05-10,2,Possession: Kerasukan,8633,40021,2442
2024-05-09,1,Vina: Sebelum 7 Hari,461265,797077,5177
2024-05-09,2,The Architecture of Love,81876,688465,1532
2024-05-09,3,Possession: Kerasukan,13769,31388,1869
2024-05-08,1,Vina: Sebelum 7 Hari,335812,335812,1852
2024-05-08,2,The Architecture of Love,78414,606589,1398
2024-05-08,3,Badarawuhi di Desa Penari,63024,3911024,67861
2024-05-08,4,Menjelang Ajal,34223,608336,16777
2024-05-08,5,Possession: Kerasukan,17619,17619,1102
2024-05-08,6,Glenn Fredly: The Movie,2659,164224,666
2024-05-08,7,Agak Laen,344,9125188,157638
2024-05-07,1,The Architecture of Love,79815,528175,1342
2024-05-07,2,Menjelang Ajal,48992,574113,15611
2024-05-06,1,Badarawuhi di Desa Penari,203236,3848000,66167
2024-05-06,2,The Architecture of Love,83165,448360,1183
2024-05-06,3,Siksa Kubur,68683,3969000,69639
2024-05-06,4,Menjelang Ajal,49650,525121,13695
2024-05-05,1,Civil War,148601,171893,8956
2024-05-05,2,Godzilla x Kong: The New Empire,91426,3288884,95149
2024-05-05,3,Menjelang Ajal,90277,475471,11734
2024-05-05,4,The Architecture of Love,82349,365195,1006
2024-05-05,5,Keluar Main 1994,73726,108811,2867
2024-05-05,6,Glenn Fredly: The Movie,63977,161565,656
2024-05-05,7,Abigail,60726,60726,3197
2024-05-05,8,Dua Hati Biru,59075,484890,18124
2024-05-05,9,The Fall Guy,32160,133638,8587
2024-05-05,10,Totto-chan: The Little Girl at the Window,19332,19332,832
2024-05-05,11,Agak Laen,12579,9124844,157605
2024-05-05,12,The First Omen,4296,577032,21624
2024-05-05,13,Mencadin: Dendam Pocong,3150,3150,199
2024-05-05,14,Ronggeng Kematian,123,263000,12076
2024-05-04,1,The Architecture of Love,85257,282846,842
2024-05-04,2,Menjelang Ajal,79098,385194,9744
2024-05-03,1,Siksa Kubur,89527,3900317,66167
2024-05-03,2,Menjelang Ajal,59481,306096,7705
2024-05-03,3,The Architecture of Love,51694,197589,690
2024-05-02,1,Menjelang Ajal,68338,246615,5727
2024-05-02,2,The Architecture of Love,39109,145895,514
2024-05-01,1,Badarawuhi di Desa Penari,152764,3644764,59485
2024-05-01,2,Menjelang Ajal,113892,178277,3698
2024-05-01,3,Siksa Kubur,108138,3810790,63373
2024-05-01,4,The Architecture of Love,61218,106786,325
2024-06-30,1,Inside Out 2,528880,1764123,38047
2024-06-30,2,A Quiet Place: Day One,387670,563690,12894
2024-06-30,3,Sengkolo Malam Satu Suro,115123,452067,11855
2024-06-30,4,How To Make Millions Before Grandma Dies,82311,3350000,65154
2024-06-30,5,Bad Boys: Ride or Die,58197,745757,28571
2024-06-30,6,Twilight of the Warriors: Walled In,50983,114229,3478
2024-06-30,7,Si Juki the Movie: Harta Pulau Monyet,47459,171134,4445
2024-06-30,8,Marni: The Story of Wewe Gombel,40484,216899,454
2024-06-30,9,Lafran,30000,30000,1150
2024-06-30,10,Dilan Wo Ai Ni,10486,176456,8681
2024-06-30,11,The Bikeriders,8375,9214,1151
2024-06-30,12,The Last Breath,4625,6218,525
2024-06-29,1,Ipar Adalah Maut,465570,3517359,49997
2024-06-29,2,Marni: The Story of Wewe Gombel,54047,176415,318
2024-06-29,3,Si Juki the Movie: Harta Pulau Monyet,45075,123675,3276
2024-06-28,1,Marni: The Story of Wewe Gombel,59690,122368,246
2024-06-28,2,Si Juki the Movie: Harta Pulau Monyet,35181,78600,2120
2024-06-28,3,The Last Breath,1593,1593,206
2024-06-27,1,Marni: The Story of Wewe Gombel,62678,62678,104
2024-06-27,2,Si Juki the Movie: Harta Pulau Monyet,43419,43419,947
2024-06-26,1,Ipar Adalah Maut,380262,3051789,41735
2024-06-26,2,A Quiet Place: Day One,176020,176020,2507
2024-06-26,3,Sengkolo Malam Satu Suro,41999,336944,9392
2024-06-26,4,Malam Pencabut Nyawa,41811,400414,13196
2024-06-26,5,Autumn and the Black Jaguar,7987,25274,1691
2024-06-26,6,Chief of Station,7738,64194,3762
2024-06-26,7,Twilight of the Warriors: Walled In,5832,63246,2791
2024-06-26,8,My Boo,5497,27964,2442
2024-06-26,9,Do You See What I See,1196,546686,13395
2024-06-26,10,Paku Tanah Jawa,694,444985,13571
2024-06-25,1,Sengkolo Malam Satu Suro,46747,294945,8192
2024-06-25,2,Twilight of the Warriors: Walled In,8378,57414,2464
2024-06-25,3,Crayon Shinchan The Movie: Battle of Supernatural Powers,1681,8869,691
2024-06-24,1,Ipar Adalah Maut,345747,2671527,34806
2024-06-24,2,Sengkolo Malam Satu Suro,47698,248198,6814
2024-06-24,3,Twilight of the Warriors: Walled In,9664,49036,1861
2024-06-24,4,Tuhan Izinkan Aku Berdosa,7670,655725,15068
2024-06-24,5,Crayon Shinchan The Movie: Battle of Supernatural Powers,641,7188,573
2024-06-23,1,Inside Out 2,808281,1235243,26214
2024-06-23,2,Bad Boys: Ride or Die,337697,687560,27279
2024-06-23,3,Sengkolo Malam Satu Suro,56897,200500,5448
2024-06-23,4,Dilan Wo Ai Ni,50230,165970,8246
2024-06-23,5,Chief of Station,44203,56456,3072
2024-06-23,6,Twilight of the Warriors: Walled In,31693,39372,1390
2024-06-23,7,My Boo,15875,22467,1835
2024-06-23,8,Autumn and the Black Jaguar,15609,17287,1113
2024-06-23,9,Paku Tanah Jawa,4101,444291,13541
2024-06-23,10,Crayon Shinchan The Movie: Battle of Supernatural Powers,2785,6547,448
2024-06-23,11,The Bikeriders,839,839,764
2024-06-23,12,Love You as The World Ends,179,863,150
2024-06-22,1,Ipar Adalah Maut,317203,2325780,28236
2024-06-22,2,Sengkolo Malam Satu Suro,45965,143603,4052
2024-06-22,3,Crayon Shinchan The Movie: Battle of Supernatural Powers,2050,3762,318
2024-06-22,4,Mawang,995,5104,87
2024-06-22,5,Love You as The World Ends,164,684,129
2024-06-21,1,Ipar Adalah Maut,186527,2008577,24731
2024-06-21,2,Sengkolo Malam Satu Suro,47648,97638,2656
2024-06-21,3,Crayon Shinchan The Movie: Battle of Supernatural Powers,1712,1712,177
2024-06-21,4,Love You as The World Ends,198,520,107
2024-06-20,1,Ipar Adalah Maut,316147,1822050,21398
2024-06-20,2,Sengkolo Malam Satu Suro,49990,49990,1222
2024-06-20,3,Paku Tanah Jawa,20668,440190,13440
2024-06-20,4,Temurun,1753,263885,11518
2024-06-20,5,Love You as The World Ends,203,322,81
2024-06-20,6,Vina: Sebelum 7 Hari,89,5815492,84802
2024-06-19,1,Ipar Adalah Maut,258997,1505903,18355
2024-06-19,2,Strangers Chapter 1,76999,76999,5008
2024-06-19,3,Do You See What I See,10312,545490,13395
2024-06-19,4,Twilight of the Warriors: Walled In,7679,7679,341
2024-06-19,5,My Boo,6592,6592,515
2024-06-19,6,Autumn and the Black Jaguar,1678,1678,174
2024-06-19,7,The Watchers,1314,48992,3775
2024-06-19,8,Love You as The World Ends,119,119,47
2024-06-18,1,Ipar Adalah Maut,243660,1246906,15205
2024-06-18,2,The Watchers,3107,47678,3654
2024-06-18,3,Detective Conan vs. Kid The Phantom Thief,934,16149,1018
2024-06-17,1,Ipar Adalah Maut,253357,1003246,12616
2024-06-17,2,Paku Tanah Jawa,15469,419522,12745
2024-06-17,3,Chief of Station,12253,12253,480
2024-06-17,4,The Watchers,5672,44571,3451
2024-06-17,5,Detective Conan vs. Kid The Phantom Thief,1900,15215,954
2024-06-16,1,Vina: Sebelum 7 Hari,312484,5815403,84792
2024-06-16,2,Inside Out 2,285575,426962,8253
2024-06-16,3,The Garfield Movie,254572,544687,19739
2024-06-16,4,Ipar Adalah Maut,202311,749889,9556
2024-06-16,5,How To Make Millions Before Grandma Dies,174563,3267689,63137
2024-06-16,6,Malam Pencabut Nyawa,50960,358603,12874
2024-06-16,7,Paku Tanah Jawa,46638,404053,12436
2024-06-16,8,Dilan Wo Ai Ni,24040,115740,5622
2024-06-16,9,The Watchers,6244,38899,3180
2024-06-16,10,Harta Tahta Raisa,2734,10734,967
2024-06-15,1,Ipar Adalah Maut,180340,547578,6545
2024-06-15,2,Dilan Wo Ai Ni,27500,91700,4516
2024-06-15,3,The Watchers,6732,32655,2831
2024-06-15,4,Detective Conan vs. Kid The Phantom Thief,1928,11146,774
2024-06-15,5,Mawang,1080,4109,56
2024-06-14,1,Ipar Adalah Maut,213681,367238,4057
2024-06-14,2,Inside Out 2,116571,141387,2532
2024-06-14,3,Dilan Wo Ai Ni,27515,64200,3373
2024-06-14,4,The Watchers,6849,25923,2462
2024-06-14,5,Detective Conan vs. Kid The Phantom Thief,1774,9218,683
2024-06-13,1,Ipar Adalah Maut,153557,153557,1700
2024-06-13,2,Dilan Wo Ai Ni,36685,36685,1836
2024-06-13,3,Paku Tanah Jawa,27184,357415,10998
2024-06-13,4,Temurun,20784,262132,11484
2024-06-13,5,Inside Out 2,11772,24816,610
2024-06-13,6,Tuhan Izinkan Aku Berdosa,9879,648055,14974
2024-06-13,7,The Watchers,8034,19074,1941
2024-06-13,8,Detective Conan vs. Kid The Phantom Thief,3053,7444,539
2024-06-13,9,The Architecture of Love,701,1003999,2376
2024-06-12,1,Paku Tanah Jawa,34192,330231,10113
2024-06-12,2,Inside Out 2,13044,13044,294
2024-06-12,3,The Watchers,11040,11040,1194
2024-06-12,4,The Plot,6353,21857,1687
2024-06-12,5,Detective Conan vs. Kid The Phantom Thief,4391,4391,323
2024-06-12,6,Dua Hati Biru,342,503220,18562
2024-06-11,1,Paku Tanah Jawa,32614,296039,8735
2024-06-11,2,Tuhan Izinkan Aku Berdosa,16995,638176,14532
2024-06-10,1,Paku Tanah Jawa,38046,263425,7145
2024-06-09,1,Bad Boys: Ride or Die,349863,349863,12354
2024-06-09,2,Haikyu!! The Dumpster Battle,190534,563426,15366
2024-06-09,3,Paku Tanah Jawa,56488,225379,5567
2024-06-09,4,Tuhan Izinkan Aku Berdosa,23924,621181,13795
2024-06-09,5,Love You to Debt,429,2750,377
2024-06-09,6,Saat Menghadap Tuhan,53,4460,559
2024-06-08,1,Paku Tanah Jawa,67157,168891,4038
2024-06-08,2,The Plot,9518,15504,809
2024-06-08,3,Harta Tahta Raisa,2100,8000,614
2024-06-08,4,Mawang,1003,3029,11
2024-06-08,5,Love You to Debt,438,2321,323
2024-06-08,6,Saat Menghadap Tuhan,255,4407,556
2024-06-07,1,Tuhan Izinkan Aku Berdosa,65277,597257,13089
2024-06-07,2,Paku Tanah Jawa,50186,101734,2491
2024-06-07,3,The Plot,5986,5986,487
2024-06-07,4,Harta Tahta Raisa,1400,5900,479
2024-06-07,5,Saat Menghadap Tuhan,943,4152,528
2024-06-07,6,Love You to Debt,373,1883,264
2024-06-06,1,Do You See What I See,282225,535178,12891
2024-06-06,2,Temurun,71313,241348,9980
2024-06-06,3,How To Make Millions Before Grandma Dies,53521,3093126,50989
2024-06-06,4,Paku Tanah Jawa,51548,51548,979
2024-06-06,5,Harta Tahta Raisa,4500,4500,274
2024-06-06,6,Saat Menghadap Tuhan,3209,3209,389
2024-06-06,7,Dua Hati Biru,2570,502878,18562
2024-06-06,8,The Architecture of Love,1655,1003298,2376
2024-06-06,9,Love You to Debt,462,1510,201
2024-06-05,1,How To Make Millions Before Grandma Dies,63072,3039605,49295
2024-06-05,2,Love You to Debt,1048,1048,112
2024-06-05,3,Mawang,820,2026,0
2024-06-04,1,How To Make Millions Before Grandma Dies,73504,2976533,47277
2024-06-04,2,Mystery Writers,73,2312,276
2024-06-03,1,How To Make Millions Before Grandma Dies,81995,2903029,44698
2024-06-03,2,Tuhan Izinkan Aku Berdosa,22626,531980,10906
2024-06-03,3,Mawang,1206,1206,0
2024-06-03,4,Mystery Writers,127,2239,254
2024-06-02,1,The Garfield Movie,221049,290115,8534
2024-06-02,2,Haikyu!! The Dumpster Battle,203150,372892,8178
2024-06-02,3,How To Make Millions Before Grandma Dies,120234,2821034,42161
2024-06-02,4,The Architecture of Love,101628,1001643,2376
2024-06-02,5,Malam Pencabut Nyawa,95805,307643,9405
2024-06-02,6,Furiosa: A Mad Max Saga,89602,301305,9527
2024-06-02,7,Tuhan Izinkan Aku Berdosa,66691,509354,10284
2024-06-02,8,Kingdom of the Planet of the Apes,52892,1006192,23613
2024-06-02,9,Temurun,38256,170035,5704
2024-06-02,10,Badarawuhi di Desa Penari,1562,4015120,69996
2024-06-02,11,Mystery Writers,312,2112,225
2024-06-01,1,How To Make Millions Before Grandma Dies,298272,2700800,39565
2024-06-01,2,Temurun,39233,131779,4306
2024-06-01,3,Monkey Man,9714,15185,1882
2024-06-01,4,Mystery Writers,802,1800,190
2024-07-31,1,Deadpool & Wolverine,123834,1802884,41302
2024-07-31,2,A Legend,41881,41881,1393
2024-07-31,3,Catatan Harian Menantu Sinting,20157,664924,21981
2024-07-31,4,Sekawan Limo,18126,2359621,47640
2024-07-31,5,BLACKPINK World Tour [Born Pink] In Cinemas,11344,11344,217
2024-07-31,6,Bangsal Isolasi,8042,125255,4162
2024-07-31,7,Jurnal Risa by Risa Saraswati,3994,849384,25877
2024-07-31,8,Look Back,3989,3989,217
2024-07-31,9,Ipar Adalah Maut,2494,4752342,80491
2024-07-31,10,Despicable Me 4,1392,1693471,42405
2024-07-30,1,Deadpool & Wolverine,133182,1679050,36604
2024-07-30,2,Catatan Harian Menantu Sinting,21787,644767,20983
2024-07-30,3,Sekawan Limo,20358,2341495,46846
2024-07-30,4,Bangsal Isolasi,8964,117213,3716
2024-07-30,5,Jurnal Risa by Risa Saraswati,4412,845390,25676
2024-07-30,6,Ipar Adalah Maut,2872,4749848,80351
2024-07-30,7,Despicable Me 4,2085,1692079,42313
2024-07-30,8,The Three Musketeers: Milady,1011,11272,1344
2024-07-30,9,Pusaka,1009,169413,6891
2024-07-30,10,Project Silence,969,113493,3995
2024-07-29,1,Deadpool & Wolverine,167922,1545868,31122
2024-07-29,2,Catatan Harian Menantu Sinting,25119,622980,19869
2024-07-29,3,Sekawan Limo,17903,2321137,45957
2024-07-29,4,Bangsal Isolasi,6949,108249,3161
2024-07-29,5,Jurnal Risa by Risa Saraswati,5002,840978,25421
2024-07-29,6,Ipar Adalah Maut,3466,4746976,80168
2024-07-29,7,Despicable Me 4,1880,1689994,42193
2024-07-29,8,The Three Musketeers: Milady,1212,10261,1166
2024-07-29,9,Hijack 1971,1100,75706,3815
2024-07-29,10,Pusaka,1077,168404,6819
2024-07-29,11,Project Silence,882,112524,3906
2024-07-29,12,Doraemon The Movie Nobita's Earth Symphony,408,59444,1512
2024-07-28,1,Deadpool & Wolverine,268368,1377946,25671
2024-07-28,2,Longlegs,56570,295885,12544
2024-07-28,3,Catatan Harian Menantu Sinting,41140,597861,18754
2024-07-28,4,Sekawan Limo,36125,2303234,45094
2024-07-28,5,Bangsal Isolasi,14933,101300,2608
2024-07-28,6,Pusaka,14188,167327,6747
2024-07-28,7,Ipar Adalah Maut,11939,4743510,79995
2024-07-28,8,Despicable Me 4,9971,1688114,42070
2024-07-28,9,Jurnal Risa by Risa Saraswati,8864,835976,25173
2024-07-28,10,The Three Musketeers: Milady,2954,9049,908
2024-07-28,11,Hijack 1971,2798,74606,3746
2024-07-28,12,Doraemon The Movie Nobita's Earth Symphony,2535,59036,1462
2024-07-28,13,Project Silence,2276,111642,3825
2024-07-28,14,Romeo Ingkar Janji,1230,16289,1425
2024-07-28,15,Harta Tahta Boru Ni Raja,393,62134,2525
2024-07-27,1,Deadpool & Wolverine,384600,1109578,20255
2024-07-27,2,Catatan Harian Menantu Sinting,48739,556721,17688
2024-07-27,3,Sekawan Limo,41964,2267109,44337
2024-07-27,4,Bangsal Isolasi,14129,86367,2060
2024-07-27,5,Despicable Me 4,9702,1678143,41936
2024-07-27,6,Jurnal Risa by Risa Saraswati,8341,827112,24947
2024-07-27,7,The Three Musketeers: Milady,6095,6095,585
2024-07-27,8,Romeo Ingkar Janji,5306,15059,1199
2024-07-27,9,Hijack 1971,2660,71808,3674
2024-07-27,10,Doraemon The Movie Nobita's Earth Symphony,2234,56501,1389
2024-07-26,1,Deadpool & Wolverine,188748,724978,15023
2024-07-26,2,Catatan Harian Menantu Sinting,31446,507982,16641
2024-07-26,3,Bangsal Isolasi,29785,72238,1431
2024-07-26,4,Sekawan Limo,24313,2225145,43599
2024-07-26,5,Romeo Ingkar Janji,6192,9753,934
2024-07-26,6,Jurnal Risa by Risa Saraswati,4670,818771,24728
2024-07-26,7,Despicable Me 4,3169,1668441,41816
2024-07-26,8,Hijack 1971,2048,69148,3600
2024-07-26,9,Project Silence,1521,107920,3664
2024-07-26,10,Doraemon The Movie Nobita's Earth Symphony,415,54267,1318
2024-07-25,1,Deadpool & Wolverine,186632,536230,9842
2024-07-25,2,Longlegs,76412,239315,10896
2024-07-25,3,Bangsal Isolasi,42453,42453,714
2024-07-25,4,Catatan Harian Menantu Sinting,31088,476536,15424
2024-07-25,5,Sekawan Limo,20981,2200832,42780
2024-07-25,6,Jurnal Risa by Risa Saraswati,5113,814101,24458
2024-07-25,7,Ipar Adalah Maut,4256,4731571,79389
2024-07-25,8,Romeo Ingkar Janji,3561,3561,572
2024-07-25,9,Despicable Me 4,2169,1665272,41706
2024-07-25,10,Hijack 1971,2131,67100,3497
2024-07-25,11,Project Silence,1447,106399,3578
2024-07-25,12,Pusaka,1232,153139,6498
2024-07-25,13,Doraemon The Movie Nobita's Earth Symphony,302,53852,1283
2024-07-24,1,Deadpool & Wolverine,349598,349598,4733
2024-07-24,2,Catatan Harian Menantu Sinting,35117,445448,14208
2024-07-24,3,Sekawan Limo,25244,2179851,41978
2024-07-24,4,Jurnal Risa by Risa Saraswati,7720,808988,24169
2024-07-24,5,Ipar Adalah Maut,7480,4727315,79159
2024-07-24,6,Sengkolo Malam Satu Suro,2906,550021,14656
2024-07-24,7,Pusaka,2286,151907,6366
2024-07-24,8,Despicable Me 4,2059,1663103,41589
2024-07-24,9,Hijack 1971,1834,64969,3384
2024-07-24,10,Project Silence,1436,104952,3494
2024-07-23,1,Catatan Harian Menantu Sinting,43935,410331,12670
2024-07-23,2,Sekawan Limo,32410,2154607,40888
2024-07-23,3,Ipar Adalah Maut,12476,4719835,78844
2024-07-23,4,Jurnal Risa by Risa Saraswati,12155,801268,23736
2024-07-23,5,Hijack 1971,6414,63135,3240
2024-07-23,6,Despicable Me 4,5701,1661044,41438
2024-07-23,7,Project Silence,5450,103516,3356
2024-07-23,8,Twisters,5026,363349,16446
2024-07-23,9,Pusaka,4564,149621,6083
2024-07-23,10,Doraemon The Movie Nobita's Earth Symphony,2211,52852,1190
2024-07-23,11,Escape,1655,42839,2433
2024-07-23,12,The Exorcism,491,121656,5426
2024-07-22,1,Catatan Harian Menantu Sinting,49497,366396,10554
2024-07-22,2,Sekawan Limo,45962,2122197,39198
2024-07-22,3,Ipar Adalah Maut,41345,4707359,78395
2024-07-22,4,Jurnal Risa by Risa Saraswati,13674,789113,22818
2024-07-22,5,Despicable Me 4,7454,1655343,40743
2024-07-22,6,Hijack 1971,7067,56721,2808
2024-07-22,7,Pusaka,6437,145057,5313
2024-07-22,8,Project Silence,6030,98066,3031
2024-07-22,9,Twisters,5001,358323,15882
2024-07-22,10,Doraemon The Movie Nobita's Earth Symphony,3043,50641,1052
2024-07-22,11,Escape,1502,41184,2308
2024-07-22,12,Harta Tahta Boru Ni Raja,523,61741,2492
2024-07-22,13,The Exorcism,488,121165,5312
2024-07-21,1,Catatan Harian Menantu Sinting,81036,316899,8358
2024-07-21,2,Sekawan Limo,67346,2076235,37374
2024-07-21,3,Jurnal Risa by Risa Saraswati,52277,775439,21828
2024-07-21,4,Longlegs,35465,162903,6821
2024-07-21,5,Despicable Me 4,34165,1647889,39992
2024-07-21,6,Twisters,16944,353322,15317
2024-07-21,7,Pusaka,16831,138620,4395
2024-07-21,8,Doraemon The Movie Nobita's Earth Symphony,14745,47598,902
2024-07-21,9,Hijack 1971,12627,49654,2351
2024-07-21,10,Project Silence,12142,92036,2707
2024-07-21,11,Si Juki the Movie: Harta Pulau Monyet,9652,344658,9582
2024-07-21,12,Harta Tahta Boru Ni Raja,9221,61218,2463
2024-07-21,13,Ipar Adalah Maut,6027,4666014,77993
2024-07-21,14,Sengkolo Malam Satu Suro,3472,547115,14648
2024-07-21,15,Escape,3014,39682,2182
2024-07-21,16,Lafran,2490,35907,1169
2024-07-21,17,Marni: The Story of Wewe Gombel,1684,455551,1171
2024-07-21,18,The Exorcism,833,120677,5250
2024-07-21,19,Mungkin Esok Lusa atau Nanti,823,4739,585
2024-07-21,20,Ajian Kemat Jaran Guyang: Baridin Suratminah,698,1452,51
2024-07-21,21,Bad Newz,349,935,49
2024-07-20,1,Sekawan Limo,99060,2008889,35630
2024-07-20,2,Catatan Harian Menantu Sinting,98347,235863,6202
2024-07-20,3,Longlegs,53413,127438,5439
2024-07-20,4,Despicable Me 4,42156,1613724,39218
2024-07-20,5,Pusaka,39874,121789,3400
2024-07-20,6,Jurnal Risa by Risa Saraswati,30270,723162,20806
2024-07-20,7,Twisters,21774,336378,14759
2024-07-20,8,Project Silence,16078,79894,2401
2024-07-20,9,Doraemon The Movie Nobita's Earth Symphony,15613,32853,729
2024-07-20,10,Hijack 1971,15251,37027,1912
2024-07-20,11,Ipar Adalah Maut,8997,4659987,77625
2024-07-20,12,Escape,3923,36668,2060
2024-07-20,13,The Exorcism,1073,119844,5182
2024-07-20,14,Bad Newz,326,586,30
2024-07-19,1,Catatan Harian Menantu Sinting,60759,137516,4031
2024-07-19,2,Sekawan Limo,49730,1909829,33886
2024-07-19,3,Pusaka,32089,81915,2311
2024-07-19,4,Longlegs,25786,74025,4109
2024-07-19,5,Jurnal Risa by Risa Saraswati,19906,692892,19721
2024-07-19,6,Despicable Me 4,15493,1571568,38485
2024-07-19,7,Ipar Adalah Maut,13278,4650990,77181
2024-07-19,8,Twisters,9470,314604,14218
2024-07-19,9,Project Silence,9178,63816,2094
2024-07-19,10,Hijack 1971,6641,21776,1475
2024-07-19,11,Doraemon The Movie Nobita's Earth Symphony,5388,17240,563
2024-07-19,12,The Exorcism,364,118771,5123
2024-07-19,13,Bad Newz,260,260,13
2024-07-18,1,Catatan Harian Menantu Sinting,76757,76757,1860
2024-07-18,2,Sekawan Limo,60066,1860099,32140
2024-07-18,3,Pusaka,49826,49826,1143
2024-07-18,4,Jurnal Risa by Risa Saraswati,40990,672986,18529
2024-07-18,5,Longlegs,22522,48239,2824
2024-07-18,6,Despicable Me 4,12637,1556075,37826
2024-07-18,7,Ipar Adalah Maut,10828,4637712,76732
2024-07-18,8,Project Silence,8243,54638,1829
2024-07-18,9,Twisters,7304,305134,13669
2024-07-18,10,Hijack 1971,6080,15135,1030
2024-07-17,1,Sekawan Limo,95487,1800033,30528
2024-07-17,2,Jurnal Risa by Risa Saraswati,39231,631996,17223
2024-07-17,3,Longlegs,25717,25717,1567
2024-07-17,4,Ipar Adalah Maut,22526,4626884,76304
2024-07-17,5,Despicable Me 4,19940,1543438,37200
2024-07-17,6,Twisters,11376,297830,13142
2024-07-17,7,Project Silence,9616,46395,1578
2024-07-17,8,Hijack 1971,9055,9055,601
2024-07-17,9,Doraemon The Movie Nobita's Earth Symphony,7446,7446,217
2024-07-17,10,Escape,2110,30990,1688
2024-07-16,1,Sekawan Limo,69291,1704546,28325
2024-07-16,2,Jurnal Risa by Risa Saraswati,38837,592765,15214
2024-07-16,3,Ipar Adalah Maut,26167,4604358,75684
2024-07-16,4,Despicable Me 4,22221,1523498,36163
2024-07-16,5,Twisters,19175,286454,12240
2024-07-16,6,Project Silence,7003,36779,1292
2024-07-16,7,The Exorcism,4056,116346,4908
2024-07-16,8,Escape,2923,28880,1519
2024-07-16,9,Twilight of the Warriors: Walled In,1378,185550,4847
2024-07-16,10,Inside Out 2,1306,2018051,45754
2024-07-15,1,Sekawan Limo,90831,1635255,25960
2024-07-15,2,Jurnal Risa by Risa Saraswati,46504,553928,12771
2024-07-15,3,Inside Out 2,40738,2016745,45591
2024-07-15,4,Despicable Me 4,29906,1501277,34599
2024-07-15,5,Ipar Adalah Maut,24809,4578191,74952
2024-07-15,6,Twisters,21771,267279,10735
2024-07-15,7,Project Silence,6015,29776,1004
2024-07-15,8,The Exorcism,2959,112290,4507
2024-07-15,9,Escape,2778,25957,1296
2024-07-15,10,Twilight of the Warriors: Walled In,1549,184172,4796
2024-07-14,1,How To Make Millions Before Grandma Dies,198660,3548660,65190
2024-07-14,2,Despicable Me 4,168953,1471371,32890
2024-07-14,3,Sekawan Limo,109618,1544424,23594
2024-07-14,4,Jurnal Risa by Risa Saraswati,90428,507424,10262
2024-07-14,5,Twisters,43635,245508,9164
2024-07-14,6,A Quiet Place: Day One,31183,1072049,26640
2024-07-14,7,The Exorcism,21417,109331,4259
2024-07-14,8,Ipar Adalah Maut,20779,4553382,74223
2024-07-14,9,Harta Tahta Boru Ni Raja,14776,51997,1438
2024-07-14,10,Project Silence,7904,23761,721
2024-07-14,11,Escape,5924,23179,1075
2024-07-14,12,Mungkin Esok Lusa atau Nanti,3916,3916,466
2024-07-14,13,Twilight of the Warriors: Walled In,3061,182623,4745
2024-07-14,14,Lafran,1295,33417,1169
2024-07-14,15,Sengkolo Malam Satu Suro,840,543643,14574
2024-07-14,16,Janji Darah,519,50416,2692
2024-07-14,17,Ajian Kemat Jaran Guyang: Baridin Suratminah,268,754,27
2024-07-14,18,Sarfira,256,630,39
2024-07-14,19,Daddio,131,749,137
2024-07-13,1,Sekawan Limo,183814,1434806,21290
2024-07-13,2,Jurnal Risa by Risa Saraswati,137764,416996,7683
2024-07-13,3,Despicable Me 4,101271,1302418,31067
2024-07-13,4,Twisters,69751,201873,7582
2024-07-13,5,Ipar Adalah Maut,28804,4532603,73457
2024-07-13,6,Marni: The Story of Wewe Gombel,16894,453867,1137
2024-07-13,7,A Quiet Place: Day One,12312,1040866,26433
2024-07-13,8,Harta Tahta Boru Ni Raja,10973,37221,1064
2024-07-13,9,Project Silence,9757,15857,474
2024-07-13,10,Escape,6223,17255,864
2024-07-13,11,The Exorcism,5164,87914,4021
2024-07-13,12,Twilight of the Warriors: Walled In,3129,179562,4696
2024-07-13,13,Sengkolo Malam Satu Suro,710,542803,14554
2024-07-13,14,Sarfira,243,374,23
2024-07-13,15,Ajian Kemat Jaran Guyang: Baridin Suratminah,133,486,20
2024-07-13,16,Daddio,87,618,117
2024-07-12,1,Jurnal Risa by Risa Saraswati,107671,279232,4958
2024-07-12,2,Sekawan Limo,100967,1250992,19106
2024-07-12,3,Despicable Me 4,50025,1201147,29348
2024-07-12,4,Twisters,32311,132122,5988
2024-07-12,5,Ipar Adalah Maut,28086,4503799,72679
2024-07-12,6,Harta Tahta Boru Ni Raja,11220,26248,696
2024-07-12,7,Project Silence,6100,6100,247
2024-07-12,8,A Quiet Place: Day One,5757,1028554,26231
2024-07-12,9,Escape,2886,11032,673
2024-07-12,10,The Exorcism,1975,82750,3774
2024-07-12,11,Twilight of the Warriors: Walled In,1922,176433,4648
2024-07-12,12,Marni: The Story of Wewe Gombel,1185,436973,1132
2024-07-12,13,Sengkolo Malam Satu Suro,1003,542093,14531
2024-07-12,14,Daddio,231,531,95
2024-07-12,15,Ajian Kemat Jaran Guyang: Baridin Suratminah,153,353,13
2024-07-12,16,Sarfira,131,131,11
2024-07-11,1,Jurnal Risa by Risa Saraswati,171561,171561,2294
2024-07-11,2,Sekawan Limo,136854,1150025,16992
2024-07-11,3,Despicable Me 4,55982,1151122,27772
2024-07-11,4,Ipar Adalah Maut,41208,4475713,71883
2024-07-11,5,Twisters,36247,99811,4282
2024-07-11,6,Harta Tahta Boru Ni Raja,15028,15028,316
2024-07-11,7,A Quiet Place: Day One,6167,1022797,26042
2024-07-11,8,Marni: The Story of Wewe Gombel,4457,435788,1124
2024-07-11,9,The Exorcism,4316,80775,3601
2024-07-11,10,Escape,3801,8146,484
2024-07-11,11,Twilight of the Warriors: Walled In,2237,174511,4598
2024-07-11,12,Sengkolo Malam Satu Suro,1818,541090,14479
2024-07-11,13,Ajian Kemat Jaran Guyang: Baridin Suratminah,200,200,6
2024-07-11,14,Daddio,100,300,69
2024-07-10,1,Sekawan Limo,144385,1013171,14866
2024-07-10,2,Ipar Adalah Maut,75605,4434505,71088
2024-07-10,3,A Quiet Place: Day One,68517,1016630,25803
2024-07-10,4,Twisters,63564,63564,2335
2024-07-10,5,Despicable Me 4,59631,1095140,26155
2024-07-10,6,The Exorcism,24910,76459,3357
2024-07-10,7,Sengkolo Malam Satu Suro,17072,539272,14403
2024-07-10,8,Twilight of the Warriors: Walled In,12819,172274,4547
2024-07-10,9,Si Juki the Movie: Harta Pulau Monyet,9256,335006,9302
2024-07-10,10,Escape,4345,4345,257
2024-07-10,11,Janji Darah,2905,49897,2633
2024-07-10,12,Daddio,200,200,36
2024-07-09,1,Sekawan Limo,158727,868786,12448
2024-07-09,2,Despicable Me 4,62764,1035509,23968
2024-07-09,3,Marni: The Story of Wewe Gombel,11931,431331,1082
2024-07-09,4,Janji Darah,3392,46992,2520
2024-07-08,1,Despicable Me 4,178355,972745,20758
2024-07-08,2,Sekawan Limo,169859,710059,9887
2024-07-08,3,Ipar Adalah Maut,53694,4358900,68503
2024-07-08,4,Marni: The Story of Wewe Gombel,20545,419400,1041
2024-07-08,5,Janji Darah,10600,43600,2264
2024-07-08,6,Si Juki the Movie: Harta Pulau Monyet,6379,325750,8918
2024-07-08,7,Sengkolo Malam Satu Suro,4000,522200,14165
2024-07-08,8,Handsome Guys,693,3331,277
2024-07-07,1,Despicable Me 4,794390,794390,17480
2024-07-07,2,Ipar Adalah Maut,787847,4305206,67036
2024-07-07,3,A Quiet Place: Day One,384423,948113,23258
2024-07-07,4,Inside Out 2,211884,1976007,43491
2024-07-07,5,Sekawan Limo,169753,540200,7494
2024-07-07,6,Twilight of the Warriors: Walled In,45226,159455,4315
2024-07-07,7,Si Juki the Movie: Harta Pulau Monyet,22305,319371,8676
2024-07-07,8,The Exorcism,21326,51549,1656
2024-07-07,9,Marni: The Story of Wewe Gombel,15717,398855,994
2024-07-07,10,The Last Breath,4709,10927,921
2024-07-07,11,Janji Darah,3289,33000,1979
2024-07-07,12,Lafran,2122,32122,1162
2024-07-07,13,Sengkolo Malam Satu Suro,1804,518200,14026
2024-07-07,14,Handsome Guys,841,2638,224
2024-07-07,15,Winnie The Pooh: Blood and Honey 2,305,1988,269
2024-07-06,1,Sekawan Limo,140222,370447,5273
2024-07-06,2,The Exorcism,21719,30223,1045
2024-07-06,3,Marni: The Story of Wewe Gombel,14182,383138,953
2024-07-06,4,Si Juki the Movie: Harta Pulau Monyet,8651,297066,8418
2024-07-06,5,Janji Darah,6598,29711,1657
2024-07-06,6,Handsome Guys,921,1797,156
2024-07-06,7,Winnie The Pooh: Blood and Honey 2,366,1683,229
2024-07-05,1,Sekawan Limo,130090,230225,3069
2024-07-05,2,Marni: The Story of Wewe Gombel,16194,368956,903
2024-07-05,3,The Exorcism,8504,8504,392
2024-07-05,4,Janji Darah,8402,23113,1268
2024-07-05,5,Si Juki the Movie: Harta Pulau Monyet,7186,288415,8149
2024-07-05,6,Sengkolo Malam Satu Suro,5295,516396,13731
2024-07-05,7,Handsome Guys,876,876,85
2024-07-05,8,Winnie The Pooh: Blood and Honey 2,336,1317,188
2024-07-04,1,Sekawan Limo,100135,100135,984
2024-07-04,2,Marni: The Story of Wewe Gombel,27000,352762,859
2024-07-04,3,Janji Darah,14711,14711,727
2024-07-04,4,Si Juki the Movie: Harta Pulau Monyet,11673,281229,7853
2024-07-04,5,Sengkolo Malam Satu Suro,10638,511101,13538
2024-07-04,6,Winnie The Pooh: Blood and Honey 2,337,981,144
2024-07-03,1,Marni: The Story of Wewe Gombel,73234,325762,815
2024-07-03,2,Sengkolo Malam Satu Suro,48396,500463,13267
2024-07-03,3,Si Juki the Movie: Harta Pulau Monyet,28074,269556,7459
2024-07-03,4,Winnie The Pooh: Blood and Honey 2,644,644,85
2024-07-02,1,Marni: The Story of Wewe Gombel,73234,325762,815
2024-07-02,2,Sengkolo Malam Satu Suro,48396,500463,13267
2024-07-02,3,Si Juki the Movie: Harta Pulau Monyet,28074,269556,7459
2024-07-02,4,Winnie The Pooh: Blood and Honey 2,644,644,85
2024-07-01,1,Marni: The Story of Wewe Gombel,73234,325762,815
2024-07-01,2,Sengkolo Malam Satu Suro,48396,500463,13267
2024-07-01,3,Si Juki the Movie: Harta Pulau Monyet,28074,269556,7459
2024-07-01,4,Winnie The Pooh: Blood and Honey 2,644,644,85
2024-08-31,1,Kang Mak (From Pee Mak),174409,3743603,74681
2024-08-31,2,Kaka Boss,77846,188862,6359
2024-08-31,3,Thaghut,74264,230086,5911
2024-08-31,4,Hounds of War,11198,14926,1070
2024-08-31,5,Alien: Romulus,9401,318774,15377
2024-08-31,6,Dosen Ghaib: Sudah Malam Atau Sudah Tahu,6292,422586,14873
2024-08-31,7,Arcadian,6214,24236,3005
2024-08-31,8,Revolver,4798,15650,875
2024-08-31,9,It Ends With Us,4323,123481,5612
2024-08-31,10,Deadpool & Wolverine,3461,3142963,89336
2024-08-30,1,Kang Mak (From Pee Mak),107519,3569194,71595
2024-08-30,2,Thaghut,65844,155822,4076
2024-08-30,3,Kaka Boss,48246,111016,4378
2024-08-30,4,Dosen Ghaib: Sudah Malam Atau Sudah Tahu,4888,416294,14707
2024-08-30,5,Arcadian,4862,18022,2605
2024-08-30,6,Alien: Romulus,4652,309373,15106
2024-08-30,7,Hounds of War,3728,3728,377
2024-08-30,8,It Ends With Us,2493,119158,5448
2024-08-30,9,Revolver,2419,10852,710
2024-08-30,10,Uang Panai 2,1618,282407,4527
2024-08-29,1,Kang Mak (From Pee Mak),103708,3461675,68426
2024-08-29,2,Thaghut,89978,89978,1887
2024-08-29,3,Kaka Boss,62770,62770,2146
2024-08-29,4,Kromoleo,12880,113909,5346
2024-08-29,5,Janda,8810,40218,407
2024-08-29,6,Azzamine,6274,73356,5867
2024-08-29,7,Arcadian,5334,13160,1964
2024-08-29,8,Dosen Ghaib: Sudah Malam Atau Sudah Tahu,5187,411406,14485
2024-08-29,9,Alien: Romulus,4074,304721,14793
2024-08-29,10,Revolver,2971,8433,513
2024-08-28,1,Kang Mak (From Pee Mak),128615,3357967,65186
2024-08-28,2,Dosen Ghaib: Sudah Malam Atau Sudah Tahu,11581,406219,14171
2024-08-28,3,Arcadian,7826,7826,1162
2024-08-28,4,Alien: Romulus,5739,300647,14474
2024-08-28,5,Revolver,5462,5462,300
2024-08-28,6,It Ends With Us,3107,114453,5123
2024-08-28,7,The Crow,2362,42034,4501
2024-08-28,8,Uang Panai 2,2189,279123,4433
2024-08-28,9,Deadpool & Wolverine,1634,3136774,88955
2024-08-28,10,Blink Twice,712,29917,2842
2024-08-27,1,Kang Mak (From Pee Mak),129188,3229352,60299
2024-08-27,2,Dosen Ghaib: Sudah Malam Atau Sudah Tahu,11357,394638,13666
2024-08-27,3,Alien: Romulus,6491,294908,14034
2024-08-27,4,It Ends With Us,5823,111346,4835
2024-08-27,5,The Crow,3609,39672,4142
2024-08-27,6,Rumah Dinas Bapak,3050,508687,18289
2024-08-27,7,Uang Panai 2,2380,276934,4368
2024-08-27,8,Deadpool & Wolverine,2150,3135140,88785
2024-08-27,9,Blink Twice,1634,29205,2710
2024-08-27,10,Blue Lock The Movie -Episode Nagi-,895,17151,1088
2024-08-26,1,Kang Mak (From Pee Mak),157707,3100164,54935
2024-08-26,2,Dosen Ghaib: Sudah Malam Atau Sudah Tahu,11279,383281,13116
2024-08-26,3,Alien: Romulus,7356,288417,13496
2024-08-26,4,It Ends With Us,5310,105523,4397
2024-08-26,5,The Crow,3694,36063,3527
2024-08-26,6,Uang Panai 2,2666,274554,4306
2024-08-26,7,Rumah Dinas Bapak,2436,505637,18181
2024-08-26,8,Deadpool & Wolverine,2336,3132990,88572
2024-08-26,9,Blink Twice,1636,27571,2422
2024-08-26,10,Harold and the Purple Crayon,959,12864,1127
2024-08-25,1,Kang Mak (From Pee Mak),287990,2942457,49661
2024-08-25,2,Janda,22670,31408,252
2024-08-25,3,Dosen Ghaib: Sudah Malam Atau Sudah Tahu,19342,372002,12593
2024-08-25,4,Kromoleo,18388,101029,3448
2024-08-25,5,Alien: Romulus,16255,281061,12998
2024-08-25,6,Azzamine,10152,67082,4358
2024-08-25,7,The Crow,9805,32369,2906
2024-08-25,8,It Ends With Us,7449,100213,4016
2024-08-25,9,Seventeen Tour Follow Again To Cinemas,6739,29242,740
2024-08-25,10,Deadpool & Wolverine,6154,3130654,88366
2024-08-24,1,Kang Mak (From Pee Mak),308635,2654467,44519
2024-08-24,2,Kromoleo,20994,82641,2694
2024-08-24,3,Dosen Ghaib: Sudah Malam Atau Sudah Tahu,18889,352660,12093
2024-08-24,4,Alien: Romulus,17415,264806,12617
2024-08-24,5,The Crow,12757,22564,2184
2024-08-24,6,It Ends With Us,11897,92764,3649
2024-08-24,7,Seventeen Tour Follow Again To Cinemas,10717,22503,571
2024-08-24,8,Azzamine,9295,56930,3654
2024-08-24,9,Deadpool & Wolverine,7752,3124500,88165
2024-08-24,10,Blink Twice,6156,20862,1991
2024-08-23,1,Kang Mak (From Pee Mak),200032,2345832,39752
2024-08-23,2,Azzamine,30583,47635,2687
2024-08-23,3,Kromoleo,28494,61647,1897
2024-08-23,4,Dosen Ghaib: Sudah Malam Atau Sudah Tahu,13741,333771,11623
2024-08-23,5,The Crow,9807,9807,1257
2024-08-23,6,It Ends With Us,8823,80867,3289
2024-08-23,7,Alien: Romulus,7886,247391,12308
2024-08-23,8,Seventeen Tour Follow Again To Cinemas,3880,11786,402
2024-08-23,9,Blink Twice,3617,14706,1767
2024-08-23,10,Uang Panai 2,3597,261975,4130
2024-08-22,1,Kang Mak (From Pee Mak),189172,2145800,35731
2024-08-22,2,Kromoleo,33153,33153,1012
2024-08-22,3,Dosen Ghaib: Sudah Malam Atau Sudah Tahu,18737,320030,11142
2024-08-22,4,Azzamine,17052,17052,1475
2024-08-22,5,Janda,8738,8738,106
2024-08-22,6,Alien: Romulus,8631,239505,12010
2024-08-22,7,It Ends With Us,8061,72044,2986
2024-08-22,8,Blink Twice,4012,11089,1481
2024-08-22,9,Deadpool & Wolverine,3969,3113491,87787
2024-08-22,10,Uang Panai 2,3845,258378,4070
2024-08-21,1,Kang Mak (From Pee Mak),222170,1956628,31196
2024-08-21,2,Dosen Ghaib: Sudah Malam Atau Sudah Tahu,24869,301293,10469
2024-08-21,3,Alien: Romulus,10861,230874,11492
2024-08-21,4,It Ends With Us,10326,63983,2585
2024-08-21,5,Blink Twice,7077,7077,908
2024-08-21,6,Seventeen Tour Follow Again To Cinemas,5808,5808,146
2024-08-21,7,Deadpool & Wolverine,5062,3109522,87541
2024-08-21,8,Uang Panai 2,4672,254533,4000
2024-08-21,9,Rumah Dinas Bapak,3974,489814,17734
2024-08-21,10,Blue Lock The Movie -Episode Nagi-,3368,3368,206
2024-08-20,1,Kang Mak (From Pee Mak),241588,1734458,25988
2024-08-20,2,Dosen Ghaib: Sudah Malam Atau Sudah Tahu,22530,276424,9388
2024-08-20,3,Alien: Romulus,13500,220013,10756
2024-08-20,4,It Ends With Us,11931,53657,2109
2024-08-20,5,Deadpool & Wolverine,5988,3104460,87204
2024-08-20,6,Uang Panai 2,5024,249861,3874
2024-08-20,7,Rumah Dinas Bapak,4238,485840,17564
2024-08-20,8,A Legend,1673,390921,15213
2024-08-20,9,Drive,589,7188,843
2024-08-20,10,Detective Conan The Movie: The Million-Dollar Pentagram,401,69701,3832
2024-08-19,1,Kang Mak (From Pee Mak),256197,1492870,20686
2024-08-19,2,Dosen Ghaib: Sudah Malam Atau Sudah Tahu,29246,253894,8199
2024-08-19,3,Alien: Romulus,17527,206513,9806
2024-08-19,4,It Ends With Us,9115,41726,1602
2024-08-19,5,Deadpool & Wolverine,6186,3098472,86645
2024-08-19,6,Uang Panai 2,6047,244837,3748
2024-08-19,7,Rumah Dinas Bapak,4485,481602,17379
2024-08-19,8,A Legend,1899,389248,15098
2024-08-19,9,Drive,664,6599,733
2024-08-19,10,Detective Conan The Movie: The Million-Dollar Pentagram,628,69300,3767
2024-08-18,1,Kang Mak (From Pee Mak),357503,1236673,15496
2024-08-18,2,Dosen Ghaib: Sudah Malam Atau Sudah Tahu,43930,224648,6752
2024-08-18,3,Alien: Romulus,36633,188986,8519
2024-08-18,4,Deadpool & Wolverine,14500,3092286,85993
2024-08-18,5,It Ends With Us,10734,32611,1249
2024-08-18,6,Uang Panai 2,10117,238790,3605
2024-08-18,7,Rumah Dinas Bapak,7769,477117,17104
2024-08-18,8,A Legend,5740,387349,14962
2024-08-18,9,Ipar Adalah Maut,5422,4775135,80971
2024-08-18,10,Heartbreak Motel,3688,73739,5788
2024-08-17,1,Kang Mak (From Pee Mak),442940,879170,10634
2024-08-17,2,Dosen Ghaib: Sudah Malam Atau Sudah Tahu,75711,180718,5226
2024-08-17,3,Alien: Romulus,53717,152353,7227
2024-08-17,4,Deadpool & Wolverine,20356,3077786,85318
2024-08-17,5,It Ends With Us,14328,21877,903
2024-08-17,6,Uang Panai 2,12998,228673,3463
2024-08-17,7,Rumah Dinas Bapak,12536,469348,16856
2024-08-17,8,A Legend,8440,381609,14826
2024-08-17,9,Drive,3986,4375,472
2024-08-17,10,Detective Conan The Movie: The Million-Dollar Pentagram,2314,66806,3616
2024-08-16,1,Kang Mak (From Pee Mak),219742,436230,6205
2024-08-16,2,Dosen Ghaib: Sudah Malam Atau Sudah Tahu,38340,105007,3637
2024-08-16,3,Alien: Romulus,25181,98636,5918
2024-08-16,4,Deadpool & Wolverine,9259,3057430,84664
2024-08-16,5,Rumah Dinas Bapak,8652,456812,16588
2024-08-16,6,Uang Panai 2,8297,215675,3321
2024-08-16,7,It Ends With Us,7549,7549,491
2024-08-16,8,A Legend,3062,373169,14696
2024-08-16,9,Trap,680,86830,6700
2024-08-16,10,Detective Conan The Movie: The Million-Dollar Pentagram,589,64492,3548
2024-08-15,1,Kang Mak (From Pee Mak),216488,216488,1936
2024-08-15,2,Dosen Ghaib: Sudah Malam Atau Sudah Tahu,66667,66667,1716
2024-08-15,3,Alien: Romulus,26073,73455,4383
2024-08-15,4,Uang Panai 2,19391,207378,3149
2024-08-15,5,Rumah Dinas Bapak,13333,448160,16017
2024-08-15,6,Deadpool & Wolverine,9501,3048171,83978
2024-08-15,7,A Legend,2811,370107,14554
2024-08-15,8,Sakaratul Maut,2791,397155,16689
2024-08-15,9,Catatan Harian Menantu Sinting,2688,794044,27413
2024-08-15,10,Sekawan Limo,1743,2507153,53760
2024-08-14,1,Alien: Romulus,47382,47382,2411
2024-08-14,2,Rumah Dinas Bapak,34713,434827,14758
2024-08-14,3,Deadpool & Wolverine,17407,3038670,82941
2024-08-14,4,Uang Panai 2,16130,187987,2919
2024-08-14,5,Sakaratul Maut,9081,394364,16352
2024-08-14,6,A Legend,5487,367296,14301
2024-08-14,7,Sekawan Limo,3430,2505410,53632
2024-08-14,8,Trap,3422,85080,6457
2024-08-14,9,Detective Conan The Movie: The Million-Dollar Pentagram,2518,62850,3389
2024-08-14,10,Catatan Harian Menantu Sinting,2094,791356,27324
2024-08-13,1,Rumah Dinas Bapak,40658,400114,12689
2024-08-13,2,Uang Panai 2,20261,171857,2554
2024-08-13,3,Deadpool & Wolverine,19419,3021263,81082
2024-08-13,4,Sakaratul Maut,9878,385283,15607
2024-08-13,5,A Legend,8987,361809,13789
2024-08-13,6,Trap,6887,81658,5989
2024-08-13,7,Sekawan Limo,3991,2501980,53317
2024-08-13,8,Detective Conan The Movie: The Million-Dollar Pentagram,3475,60332,3093
2024-08-13,9,Borderlands,2768,39090,3987
2024-08-13,10,Catatan Harian Menantu Sinting,2588,789262,27119
2024-08-12,1,Rumah Dinas Bapak,42846,359456,10381
2024-08-12,2,Deadpool & Wolverine,24307,3001844,78521
2024-08-12,3,Uang Panai 2,22718,151596,2143
2024-08-12,4,Sakaratul Maut,17518,375405,14718
2024-08-12,5,A Legend,10532,352822,13046
2024-08-12,6,Trap,7425,74771,5197
2024-08-12,7,Sekawan Limo,5267,2497989,52960
2024-08-12,8,Detective Conan The Movie: The Million-Dollar Pentagram,3806,56857,2697
2024-08-12,9,Borderlands,3711,36322,3380
2024-08-12,10,Catatan Harian Menantu Sinting,2775,786674,26868
2024-08-11,1,Deadpool & Wolverine,96342,2977537,75893
2024-08-11,2,Rumah Dinas Bapak,85885,316610,8062
2024-08-11,3,Uang Panai 2,52013,128878,1720
2024-08-11,4,A Legend,28018,342290,12313
2024-08-11,5,Sakaratul Maut,21183,357887,13816
2024-08-11,6,Trap,18573,67346,4414
2024-08-11,7,Borderlands,10840,32611,2746
2024-08-11,8,Sekawan Limo,10048,2492722,52604
2024-08-11,9,Detective Conan The Movie: The Million-Dollar Pentagram,8024,53051,2282
2024-08-11,10,Catatan Harian Menantu Sinting,6854,783899,26620
2024-08-10,1,Deadpool & Wolverine,135860,2881195,73299
2024-08-10,2,Rumah Dinas Bapak,89557,230725,5865
2024-08-10,3,A Legend,27406,314272,11603
2024-08-10,4,Uang Panai 2,26819,76865,1317
2024-08-10,5,Sakaratul Maut,21717,336704,12947
2024-08-10,6,Trap,18114,48773,3625
2024-08-10,7,Detective Conan The Movie: The Million-Dollar Pentagram,16593,45027,1860
2024-08-10,8,Borderlands,13443,21771,2016
2024-08-10,9,Sekawan Limo,9115,2482674,52269
2024-08-10,10,Catatan Harian Menantu Sinting,7221,777045,26379
2024-08-09,1,Deadpool & Wolverine,66429,2745335,70763
2024-08-09,2,Rumah Dinas Bapak,66109,141168,3833
2024-08-09,3,Uang Panai 2,19899,50046,888
2024-08-09,4,Sakaratul Maut,14758,314987,12113
2024-08-09,5,A Legend,11612,286866,10908
2024-08-09,6,Trap,10166,30659,2922
2024-08-09,7,Detective Conan The Movie: The Million-Dollar Pentagram,8833,28434,1449
2024-08-09,8,Borderlands,8328,8328,1206
2024-08-09,9,Sekawan Limo,5551,2473559,51967
2024-08-09,10,Catatan Harian Menantu Sinting,3669,769824,26136
2024-08-08,1,Rumah Dinas Bapak,75059,75059,1779
2024-08-08,2,Deadpool & Wolverine,62348,2678906,68410
2024-08-08,3,Uang Panai 2,30147,30147,427
2024-08-08,4,Sakaratul Maut,13703,300229,11245
2024-08-08,5,A Legend,9919,275254,10409
2024-08-08,6,Trap,8217,20493,2126
2024-08-08,7,Detective Conan The Movie: The Million-Dollar Pentagram,7325,19601,1012
2024-08-08,8,Sekawan Limo,5495,2468008,51650
2024-08-08,9,Catatan Harian Menantu Sinting,4934,766155,25897
2024-08-08,10,Pilot,3593,11249,1041
2024-08-07,1,Deadpool & Wolverine,61123,2616558,65971
2024-08-07,2,Sakaratul Maut,21516,286526,10243
2024-08-07,3,A Legend,15490,265335,9729
2024-08-07,4,Trap,12276,12276,1181
2024-08-07,5,Detective Conan The Movie: The Million-Dollar Pentagram,12276,12276,534
2024-08-07,6,Sekawan Limo,9148,2462513,51281
2024-08-07,7,Catatan Harian Menantu Sinting,7731,761221,25590
2024-08-07,8,Pilot,4402,7656,643
2024-08-07,9,All Access to Rossa 25 Shining Years,2950,51165,2436
2024-08-07,10,Longlegs,2548,350228,15704
2024-08-06,1,Deadpool & Wolverine,80776,2555435,62949
2024-08-06,2,Sakaratul Maut,31696,265010,8930
2024-08-06,3,A Legend,15406,249845,8734
2024-08-06,4,Sekawan Limo,11752,2453365,50809
2024-08-06,5,Catatan Harian Menantu Sinting,11226,753490,25164
2024-08-06,6,All Access to Rossa 25 Shining Years,5208,48215,2243
2024-08-06,7,Twilight of the Warriors: Walled In,3950,189500,5198
2024-08-06,8,Longlegs,3419,347680,15489
2024-08-06,9,Heartbreak Motel,3182,60611,4959
2024-08-06,10,Tarot,3146,26585,6405
2024-08-05,1,Deadpool & Wolverine,94332,2474659,59259
2024-08-05,2,Sakaratul Maut,32542,233314,7380
2024-08-05,3,A Legend,20939,234439,7480
2024-08-05,4,Sekawan Limo,11385,2441613,50241
2024-08-05,5,Catatan Harian Menantu Sinting,9870,742264,24610
2024-08-05,6,All Access to Rossa 25 Shining Years,5590,43007,1945
2024-08-05,7,Heartbreak Motel,4357,57429,4425
2024-08-05,8,Tarot,3794,23439,5906
2024-08-05,9,Longlegs,3013,344261,15181
2024-08-05,10,Look Back,2210,23709,1097
2024-08-04,1,Deadpool & Wolverine,136357,2380327,55542
2024-08-04,2,A Legend,58250,213500,6194
2024-08-04,3,Sakaratul Maut,43653,200772,5823
2024-08-04,4,Sekawan Limo,20471,2430228,49682
2024-08-04,5,Catatan Harian Menantu Sinting,18532,732394,24071
2024-08-04,6,Longlegs,14390,341248,14931
2024-08-04,7,Ipar Adalah Maut,11652,4765309,80734
2024-08-04,8,Inside Out 2,11278,2029828,46089
2024-08-04,9,Heartbreak Motel,7840,53072,3858
2024-08-04,10,BLACKPINK World Tour [Born Pink] In Cinemas,7181,29856,644
2024-08-03,1,Deadpool & Wolverine,233565,2243970,51988
2024-08-03,2,Sakaratul Maut,64918,157119,4585
2024-08-03,3,A Legend,63200,155250,4940
2024-08-03,4,Sekawan Limo,22884,2409757,49185
2024-08-03,5,Catatan Harian Menantu Sinting,22273,713862,23559
2024-08-03,6,Heartbreak Motel,13942,45232,3181
2024-08-03,7,All Access to Rossa 25 Shining Years,9097,31918,1280
2024-08-03,8,BLACKPINK World Tour [Born Pink] In Cinemas,8668,22675,541
2024-08-03,9,Tarot,8324,12762,4873
2024-08-03,10,Look Back,6081,15891,758
2024-08-02,1,Deadpool & Wolverine,106273,2010405,48372
2024-08-02,2,Sakaratul Maut,48908,92201,3004
2024-08-02,3,A Legend,26916,92050,3696
2024-08-02,4,Catatan Harian Menantu Sinting,12238,691589,23066
2024-08-02,5,Sekawan Limo,11868,2386873,48683
2024-08-02,6,Heartbreak Motel,10249,31290,2344
2024-08-02,7,All Access to Rossa 25 Shining Years,7683,22821,892
2024-08-02,8,Tarot,4438,4438,4405
2024-08-02,9,Look Back,3317,9810,590
2024-08-02,10,Bangsal Isolasi,2960,131426,4546
2024-08-01,1,Deadpool & Wolverine,101248,1904132,44877
2024-08-01,2,Sakaratul Maut,43293,43293,1507
2024-08-01,3,Longlegs,30973,326858,14395
2024-08-01,4,A Legend,23253,65134,2614
2024-08-01,5,Heartbreak Motel,21041,21041,1222
2024-08-01,6,Sekawan Limo,15384,2375005,48188
2024-08-01,7,All Access to Rossa 25 Shining Years,15138,15138,453
2024-08-01,8,Catatan Harian Menantu Sinting,14427,679351,22561
2024-08-01,9,Bangsal Isolasi,3211,128466,4410
2024-08-01,10,Look Back,2504,6493,420
2024-09-19,1,Lembayung,100028,100028,1560
2024-09-19,2,Laura,42876,907876,25059
2024-09-19,3,Seni Memahami Kekasih,13184,328970,10033
2024-09-19,4,Kang Mak (From Pee Mak),12193,4799658,110328
2024-09-19,5,Transformers One,10428,368612,17322
2024-09-19,6,Dul Muluk Dul Malik,9321,16359,547
2024-09-19,7,Thaghut,8069,910727,29755
2024-09-19,8,Never Let Go,6573,15569,2341
2024-09-19,9,Malam Keramat,6021,203688,4366
2024-09-19,10,Kaka Boss,5153,813239,29345
2024-09-18,1,Laura,82962,865000,22719
2024-09-18,2,Seni Memahami Kekasih,17168,315786,9638
2024-09-18,3,Kang Mak (From Pee Mak),16649,4787465,109721
2024-09-18,4,Malam Keramat,16515,197667,4116
2024-09-18,5,Transformers One,14760,358184,16309
2024-09-18,6,Thaghut,13632,902658,29260
2024-09-18,7,JUNG KOOK: I AM STILL,10580,10580,127
2024-09-18,8,Never Let Go,8996,8996,1303
2024-09-18,9,Kaka Boss,6221,808086,28999
2024-09-18,10,Speak No Evil,4672,68371,3724
2024-09-17,1,Laura,98349,782038,19807
2024-09-17,2,Malam Keramat,21569,181152,3642
2024-09-17,3,Kang Mak (From Pee Mak),19155,4770816,108817
2024-09-17,4,Thaghut,18448,889026,28594
2024-09-17,5,Seni Memahami Kekasih,18168,298618,9141
2024-09-17,6,Transformers One,15444,343424,14805
2024-09-17,7,Kaka Boss,10126,801865,28533
2024-09-17,8,Speak No Evil,6455,63699,3154
2024-09-17,9,Beetlejuice Beetlejuice,612,81504,8719
2024-09-17,10,Neulbom: The Cursed,607,8799,895
2024-09-16,1,Laura,142301,683689,16470
2024-09-16,2,Transformers One,84553,327980,12622
2024-09-16,3,Kang Mak (From Pee Mak),48457,4751661,107713
2024-09-16,4,Malam Keramat,37548,159583,3033
2024-09-16,5,Thaghut,35249,870578,27835
2024-09-16,6,Seni Memahami Kekasih,33364,280450,8647
2024-09-16,7,Kaka Boss,29696,791739,27887
2024-09-16,8,Speak No Evil,15459,57244,2468
2024-09-16,9,Beetlejuice Beetlejuice,2639,80892,8633
2024-09-16,10,Neulbom: The Cursed,1646,8192,777
2024-09-15,1,Laura,128018,541388,13274
2024-09-15,2,Transformers One,88013,243427,10409
2024-09-15,3,Kang Mak (From Pee Mak),51586,4703204,106639
2024-09-15,4,Malam Keramat,50093,122035,2534
2024-09-15,5,Kaka Boss,32670,762043,27250
2024-09-15,6,Thaghut,32432,835329,27096
2024-09-15,7,Seni Memahami Kekasih,24002,247086,8182
2024-09-15,8,Speak No Evil,17310,41785,1872
2024-09-15,9,Buku Harianku,15686,91908,20
2024-09-15,10,Beetlejuice Beetlejuice,2981,78253,8550
2024-09-14,1,Laura,116828,413370,9806
2024-09-14,2,Transformers One,72412,155414,8275
2024-09-14,3,Kang Mak (From Pee Mak),47344,4651618,105663
2024-09-14,4,Kaka Boss,25466,729373,26643
2024-09-14,5,Thaghut,25131,802897,26391
2024-09-14,6,Malam Keramat,24817,71942,2001
2024-09-14,7,Seni Memahami Kekasih,19942,223084,7758
2024-09-14,8,Speak No Evil,15237,24475,1261
2024-09-14,9,Beetlejuice Beetlejuice,2656,75272,8469
2024-09-14,10,Dul Muluk Dul Malik,1874,4621,234
2024-09-13,1,Laura,149127,296542,6346
2024-09-13,2,Transformers One,25648,83002,6287
2024-09-13,3,Kang Mak (From Pee Mak),24065,4604274,104718
2024-09-13,4,Malam Keramat,22117,47125,1376
2024-09-13,5,Kaka Boss,21509,703907,26095
2024-09-13,6,Thaghut,17639,777766,25685
2024-09-13,7,Seni Memahami Kekasih,17463,203142,7331
2024-09-13,8,Speak No Evil,9238,9238,662
2024-09-13,9,Dul Muluk Dul Malik,1227,2747,173
2024-09-13,10,Neulbom: The Cursed,1205,3975,494
2024-09-12,1,Laura,147415,147415,2433
2024-09-12,2,Malam Keramat,25008,25008,686
2024-09-12,3,Kang Mak (From Pee Mak),23320,4580209,103769
2024-09-12,4,Transformers One,20435,57354,4516
2024-09-12,5,Thaghut,18817,760127,24952
2024-09-12,6,Kaka Boss,15490,682398,25516
2024-09-12,7,Seni Memahami Kekasih,15285,185679,6900
2024-09-12,8,Perjanjian Setan,5813,106345,7005
2024-09-12,9,Uang Panai 2,2129,298107,4897
2024-09-12,10,Dul Muluk Dul Malik,1520,1520,100
2024-09-11,1,Transformers One,36919,36919,2274
2024-09-11,2,Thaghut,33247,741310,23970
2024-09-11,3,Kang Mak (From Pee Mak),33099,4556889,102514
2024-09-11,4,Kaka Boss,20976,666908,24699
2024-09-11,5,Seni Memahami Kekasih,19567,170394,6375
2024-09-11,6,Perjanjian Setan,11430,100532,6793
2024-09-11,7,Azzamine,2987,85137,6133
2024-09-11,8,Beetlejuice Beetlejuice,2538,70019,8147
2024-09-11,9,Subservience,2390,37811,4950
2024-09-11,10,Neulbom: The Cursed,1296,1296,192
2024-09-10,1,Kang Mak (From Pee Mak),30988,4523790,100982
2024-09-10,2,Thaghut,28116,708063,22740
2024-09-10,3,Kaka Boss,22201,645932,23574
2024-09-10,4,Seni Memahami Kekasih,20074,150827,5704
2024-09-10,5,Perjanjian Setan,8751,89102,6250
2024-09-10,6,Beetlejuice Beetlejuice,4727,67481,7843
2024-09-10,7,Subservience,2666,35421,4597
2024-09-10,8,Dosen Ghaib: Sudah Malam Atau Sudah Tahu,1014,447300,15967
2024-09-10,9,Hounds of War,736,39135,3212
2024-09-10,10,Alien: Romulus,632,343793,17153
2024-09-09,1,Kang Mak (From Pee Mak),38572,4492802,98599
2024-09-09,2,Kaka Boss,32164,623731,21900
2024-09-09,3,Thaghut,29858,679947,21112
2024-09-09,4,Seni Memahami Kekasih,20364,130753,4777
2024-09-09,5,Perjanjian Setan,9009,80351,5315
2024-09-09,6,Beetlejuice Beetlejuice,5429,62754,6978
2024-09-09,7,Subservience,3147,32755,3989
2024-09-09,8,Dosen Ghaib: Sudah Malam Atau Sudah Tahu,972,446286,15908
2024-09-09,9,Alien: Romulus,831,343161,17055
2024-09-09,10,Hounds of War,594,38399,3079
2024-09-08,1,Kang Mak (From Pee Mak),91511,4454230,96583
2024-09-08,2,Kaka Boss,59062,591567,20438
2024-09-08,3,Thaghut,49334,650089,19643
2024-09-08,4,Seni Memahami Kekasih,25156,110389,3868
2024-09-08,5,Perjanjian Setan,20115,71342,4417
2024-09-08,6,Beetlejuice Beetlejuice,14953,57325,6087
2024-09-08,7,Buku Harianku,11889,76222,20
2024-09-08,8,Subservience,7446,29608,3401
2024-09-08,9,Uang Panai 2,5189,295978,4815
2024-09-08,10,Alien: Romulus,2557,342330,16961
2024-09-07,1,Kang Mak (From Pee Mak),97369,4362719,94202
2024-09-07,2,Kaka Boss,63831,532505,18805
2024-09-07,3,Thaghut,56245,600755,18014
2024-09-07,4,Seni Memahami Kekasih,27786,85233,2934
2024-09-07,5,Perjanjian Setan,21174,51227,3345
2024-09-07,6,Beetlejuice Beetlejuice,17963,42372,5136
2024-09-07,7,Subservience,9960,22162,2681
2024-09-07,8,Alien: Romulus,2628,339773,16865
2024-09-07,9,Hounds of War,2034,36226,2941
2024-09-07,10,Dosen Ghaib: Sudah Malam Atau Sudah Tahu,2026,443837,15785
2024-09-06,1,Kang Mak (From Pee Mak),58120,4265350,91809
2024-09-06,2,Thaghut,42583,544510,16371
2024-09-06,3,Kaka Boss,38572,468674,17208
2024-09-06,4,Seni Memahami Kekasih,17279,57447,1983
2024-09-06,5,Perjanjian Setan,14828,30053,2210
2024-09-06,6,Beetlejuice Beetlejuice,7650,24409,4217
2024-09-06,7,Subservience,4323,12202,1891
2024-09-06,8,Dosen Ghaib: Sudah Malam Atau Sudah Tahu,1455,441811,15720
2024-09-06,9,It Ends With Us,1228,132445,6310
2024-09-06,10,Alien: Romulus,1178,337145,16774
2024-09-05,1,Kang Mak (From Pee Mak),56172,4207230,89528
2024-09-05,2,Seni Memahami Kekasih,40168,40168,848
2024-09-05,3,Kaka Boss,39548,430102,15691
2024-09-05,4,Thaghut,37898,501927,14806
2024-09-05,5,Perjanjian Setan,15225,15225,1090
2024-09-05,6,Beetlejuice Beetlejuice,7218,16759,3331
2024-09-05,7,Subservience,3379,7879,1323
2024-09-05,8,Uang Panai 2,1786,290789,4730
2024-09-05,9,Dosen Ghaib: Sudah Malam Atau Sudah Tahu,1411,440356,15656
2024-09-05,10,Hounds of War,1018,33189,2787
2024-09-04,1,Kang Mak (From Pee Mak),64693,4151058,87285
2024-09-04,2,Kaka Boss,38582,390554,14180
2024-09-04,3,Thaghut,35763,464029,13239
2024-09-04,4,Beetlejuice Beetlejuice,9541,9541,2013
2024-09-04,5,Subservience,4500,4500,733
2024-09-04,6,Dosen Ghaib: Sudah Malam Atau Sudah Tahu,2196,438945,15576
2024-09-04,7,Hounds of War,1403,32171,2691
2024-09-04,8,Cinderella's Curse,1048,1048,50
2024-09-04,9,Alien: Romulus,1019,335119,16594
2024-09-04,10,Revolver,914,23667,1480
2024-09-03,1,Kang Mak (From Pee Mak),74465,4086365,84823
2024-09-03,2,Thaghut,60165,428266,11754
2024-09-03,3,Kaka Boss,41358,351972,12614
2024-09-03,4,Hounds of War,3981,30768,2577
2024-09-03,5,Dosen Ghaib: Sudah Malam Atau Sudah Tahu,3889,436749,15455
2024-09-03,6,Alien: Romulus,2896,334100,16486
2024-09-03,7,It Ends With Us,1775,129498,6108
2024-09-03,8,Revolver,1562,22753,1393
2024-09-03,9,Rumah Dinas Bapak,1505,515190,18647
2024-09-03,10,Uang Panai 2,1074,288154,4666
2024-09-02,1,Kang Mak (From Pee Mak),88825,4011900,81403
2024-09-02,2,Thaghut,59923,368101,9727
2024-09-02,3,Kaka Boss,47193,310614,10487
2024-09-02,4,Hounds of War,4766,26787,2130
2024-09-02,5,Arcadian,4601,34078,3658
2024-09-02,6,Dosen Ghaib: Sudah Malam Atau Sudah Tahu,3684,432860,15253
2024-09-02,7,Alien: Romulus,3663,331204,16079
2024-09-02,8,Revolver,1855,21191,1220
2024-09-02,9,It Ends With Us,1606,127723,5937
2024-09-02,10,Uang Panai 2,1091,287080,4630
2024-09-01,1,Kang Mak (From Pee Mak),179472,3923075,78045
2024-09-01,2,Thaghut,78092,308178,7842
2024-09-01,3,Kaka Boss,74559,263421,8446
2024-09-01,4,Buku Harianku,59624,64333,16
2024-09-01,5,Alien: Romulus,8767,327541,15678
2024-09-01,6,Azzamine,8274,81630,6024
2024-09-01,7,Hounds of War,7095,22021,1635
2024-09-01,8,Dosen Ghaib: Sudah Malam Atau Sudah Tahu,6590,429176,15061
2024-09-01,9,Arcadian,5241,29477,3364
2024-09-01,10,Kromoleo,4296,118205,5459
