id,total_ticket
1,31
2,25
3,14
4,1
5,3
6,5
7,5
8,79
9,67
10,53
11,9
12,11
13,17
14,18
15,0
16,0
17,0
18,0
19,0
20,0
21,0
22,7
23,5
24,2
25,0
26,0
27,1
28,1
29,2
30,1
31,0
32,0
33,0
34,0
35,1
36,25
37,16
38,12
39,0
40,3
41,8
42,9
43,22
44,13
45,8
46,0
47,1
48,3
49,3
50,1
51,0
52,0
53,0
54,0
55,0
56,1
57,15
58,10
59,7
60,0
61,1
62,3
63,3
64,17
65,14
66,7
67,1
68,2
69,2
70,3
71,10
72,6
73,3
74,0
75,1
76,1
77,1
78,108
79,91
80,69
81,20
82,23
83,32
84,30
85,15
86,11
87,8
88,0
89,0
90,1
91,2
92,66
93,51
94,39
95,11
96,14
97,36
98,34
99,28
100,20
101,11
102,2
103,5
104,11
105,11
106,16
107,11
108,6
109,1
110,3
111,4
112,4
113,22
114,16
115,9
116,1
117,3
118,5
119,6
120,14
121,11
122,5
123,0
124,1
125,1
126,2
127,0
128,0
129,0
130,0
131,0
132,0
133,0
134,1
135,1
136,1
137,0
138,0
139,0
140,1
141,156
142,125
143,93
144,23
145,30
146,44
147,42
148,46
149,35
150,27
151,3
152,7
153,12
154,13
155,18
156,13
157,7
158,0
159,2
160,3
161,4
162,92
163,74
164,58
165,21
166,23
167,37
168,34
169,37
170,28
171,19
172,2
173,6
174,9
175,11
176,17
177,9
178,3
179,0
180,2
181,2
182,3
183,20
184,15
185,12
186,0
187,1
188,2
189,3
190,51
191,46
192,39
193,3
194,6
195,11
196,12
197,27
198,20
199,12
200,1
201,3
202,5
203,7
204,326
205,281
206,140
207,120
208,91
209,36
210,30
211,227
212,216
213,121
214,114
215,99
216,21
217,14
218,14
219,13
220,6
221,5
222,1
223,0
224,0
225,26
226,24
227,11
228,10
229,4
230,0
231,0
232,420
233,372
234,156
235,137
236,110
237,54
238,55
239,36
240,32
241,16
242,14
243,6
244,0
245,0
246,70
247,61
248,28
249,24
250,16
251,0
252,0
253,50
254,46
255,22
256,21
257,13
258,1
259,1
260,7
261,6
262,3
263,3
264,1
265,0
266,0
267,41
268,39
269,23
270,22
271,9
272,0
273,0
274,29
275,25
276,8
277,7
278,3
279,0
280,0
281,17
282,15
283,7
284,7
285,3
286,0
287,0
288,33
289,31
290,14
291,13
292,5
293,0
294,0
295,2
296,2
297,0
298,0
299,0
300,0
301,0
302,17
303,15
304,8
305,7
306,4
307,0
308,0
309,34
310,29
311,12
312,10
313,6
314,0
315,0
316,74
317,65
318,21
319,16
320,8
321,0
322,0
323,51
324,47
325,22
326,19
327,11
328,0
329,0
330,168
331,156
332,55
333,49
334,39
335,10
336,10
337,10
338,9
339,6
340,6
341,2
342,0
343,0
344,900
345,782
346,356
347,334
348,279
349,172
350,171
351,77
352,70
353,34
354,29
355,21
356,0
357,0
358,250
359,218
360,95
361,87
362,73
363,26
364,23
365,2
366,2
367,1
368,1
369,0
370,0
371,0
372,49
373,41
374,20
375,19
376,11
377,0
378,0
379,54
380,49
381,26
382,23
383,13
384,1
385,0
386,118
387,107
388,40
389,34
390,24
391,0
392,0
393,139
394,136
395,61
396,55
397,44
398,6
399,5
400,35
401,29
402,14
403,13
404,7
405,0
406,0
407,4
408,4
409,2
410,2
411,0
412,0
413,0
414,134
415,119
416,54
417,47
418,38
419,5
420,4
421,3
422,2
423,0
424,0
425,0
426,0
427,0
428,11
429,10
430,7
431,6
432,2
433,0
434,0
435,37
436,30
437,10
438,9
439,6
440,0
441,0
442,322
443,284
444,135
445,120
446,95
447,48
448,36
449,68
450,62
451,29
452,24
453,15
454,1
455,0
456,1119
457,945
458,416
459,371
460,307
461,151
462,138
463,31
464,28
465,13
466,12
467,6
468,0
469,0
470,41
471,39
472,19
473,17
474,11
475,1
476,0
477,5
478,5
479,4
480,4
481,1
482,0
483,0
484,63
485,59
486,33
487,30
488,23
489,0
490,0
491,85
492,72
493,46
494,40
495,29
496,0
497,0
498,100
499,86
500,30
501,25
502,16
503,0
504,0
505,4
506,3
507,1
508,1
509,0
510,0
511,0
512,49
513,44
514,24
515,22
516,12
517,0
518,0
519,28
520,27
521,13
522,13
523,7
524,0
525,0
526,110
527,104
528,62
529,55
530,42
531,1
532,0
533,227
534,192
535,78
536,68
537,53
538,8
539,5
540,30
541,27
542,10
543,9
544,4
545,0
546,0
547,197
548,178
549,75
550,67
551,55
552,20
553,14
554,728
555,604
556,260
557,237
558,197
559,138
560,146
561,4
562,3
563,3
564,2
565,0
566,0
567,0
568,206
569,195
570,104
571,92
572,77
573,13
574,10
575,23
576,20
577,9
578,9
579,4
580,0
581,0
582,12
583,11
584,4
585,4
586,1
587,0
588,0
589,6
590,5
591,1
592,1
593,0
594,0
595,0
596,4
597,3
598,1
599,1
600,0
601,0
602,0
603,1
604,1
605,0
606,0
607,0
608,0
609,0
610,68
611,64
612,34
613,30
614,22
615,1
616,0
617,77
618,73
619,46
620,41
621,28
622,2
623,1
624,67
625,64
626,39
627,37
628,27
629,3
630,1
631,20
632,17
633,5
634,5
635,1
636,0
637,0
638,49
639,44
640,21
641,20
642,12
643,0
644,0
645,150
646,137
647,78
648,68
649,53
650,6
651,3
652,30
653,26
654,13
655,12
656,3
657,0
658,0
659,47
660,45
661,21
662,20
663,12
664,0
665,0
666,4
667,4
668,2
669,2
670,0
671,0
672,0
673,20
674,18
675,8
676,7
677,2
678,0
679,0
680,45
681,36
682,12
683,10
684,5
685,0
686,0
687,69
688,64
689,34
690,30
691,22
692,0
693,0
694,84
695,54
696,11
697,2
698,1
699,1
700,0
701,17
702,2
703,1
704,0
705,0
706,0
707,0
708,21
709,4
710,0
711,0
712,0
713,0
714,0
715,41
716,18
717,1
718,0
719,0
720,0
721,0
722,6
723,1
724,0
725,0
726,0
727,0
728,0
729,50
730,21
731,2
732,1
733,1
734,1
735,0
736,11
737,0
738,0
739,0
740,0
741,0
742,0
743,56
744,28
745,1
746,0
747,1
748,1
749,0
750,8
751,1
752,0
753,0
754,0
755,0
756,0
757,16
758,2
759,0
760,0
761,0
762,0
763,0
764,1
765,0
766,0
767,0
768,0
769,0
770,0
771,80
772,31
773,3
774,0
775,1
776,1
777,1
778,14
779,1
780,0
781,0
782,0
783,0
784,0
785,1
786,0
787,0
788,0
789,0
790,0
791,0
792,9
793,2
794,0
795,0
796,0
797,0
798,0
799,72
800,40
801,6
802,2
803,2
804,1
805,1
806,0
807,0
808,0
809,0
810,0
811,0
812,0
813,1
814,0
815,0
816,0
817,0
818,0
819,0
820,2
821,0
822,0
823,0
824,0
825,0
826,0
827,4
828,0
829,0
830,0
831,0
832,0
833,0
834,19
835,4
836,0
837,0
838,0
839,0
840,0
841,11
842,1
843,0
844,0
845,0
846,0
847,0
848,9
849,0
850,0
851,0
852,0
853,0
854,0
855,15
856,2
857,0
858,0
859,0
860,0
861,0
862,16
863,3
864,0
865,0
866,0
867,0
868,0
869,95
870,81
871,60
872,46
873,49
874,71
875,68
876,39
877,27
878,17
879,10
880,25
881,43
882,43
883,42
884,33
885,24
886,6
887,17
888,36
889,36
890,64
891,52
892,37
893,28
894,37
895,64
896,62
897,17
898,10
899,2
900,0
901,7
902,14
903,14
904,1
905,0
906,0
907,1
908,1
909,2
910,2
911,37
912,26
913,15
914,14
915,20
916,43
917,43
918,75
919,59
920,38
921,31
922,37
923,62
924,57
925,23
926,14
927,4
928,0
929,14
930,25
931,26
932,67
933,48
934,32
935,36
936,49
937,87
938,80
939,23
940,16
941,8
942,7
943,18
944,26
945,27
946,62
947,48
948,33
949,33
950,42
951,68
952,67
953,20
954,7
955,0
956,2
957,9
958,32
959,33
960,10
961,5
962,0
963,1
964,5
965,8
966,8
967,20
968,12
969,5
970,7
971,15
972,22
973,22
974,134
975,100
976,57
977,51
978,64
979,102
980,94
981,2
982,0
983,0
984,2
985,3
986,4
987,5
988,11
989,5
990,3
991,0
992,4
993,8
994,8
995,13
996,5
997,0
998,0
999,9
1000,17
1001,17
1002,10
1003,7
1004,2
1005,3
1006,4
1007,6
1008,6
1009,8
1010,3
1011,0
1012,1
1013,3
1014,5
1015,5
1016,16
1017,10
1018,4
1019,3
1020,8
1021,14
1022,15
1023,95
1024,76
1025,55
1026,59
1027,72
1028,111
1029,101
1030,8
1031,4
1032,0
1033,1
1034,4
1035,6
1036,6
1037,41
1038,29
1039,17
1040,11
1041,19
1042,38
1043,38
1044,9
1045,5
1046,1
1047,1
1048,2
1049,5
1050,5
1051,8
1052,3
1053,0
1054,0
1055,4
1056,6
1057,6
1058,0
1059,0
1060,0
1061,2
1062,2
1063,4
1064,4
1065,47
1066,37
1067,24
1068,16
1069,26
1070,43
1071,43
1072,22
1073,14
1074,6
1075,5
1076,14
1077,26
1078,27
1079,6
1080,1
1081,0
1082,1
1083,3
1084,5
1085,5
1086,63
1087,49
1088,35
1089,18
1090,24
1091,48
1092,45
1093,9
1094,4
1095,2
1096,0
1097,2
1098,2
1099,3
1100,58
1101,44
1102,30
1103,18
1104,27
1105,55
1106,55
1107,5085
1108,3043
1109,2883
1110,3497
1111,3486
1112,3729
1113,5166
1114,8018
1115,5610
1116,5461
1117,6411
1118,6265
1119,6386
1120,8242
1121,1341
1122,689
1123,659
1124,800
1125,790
1126,832
1127,1266
1128,497
1129,351
1130,328
1131,351
1132,341
1133,379
1134,526
1135,4469
1136,2415
1137,2232
1138,2642
1139,2573
1140,2664
1141,4007
1142,176
1143,154
1144,153
1145,190
1146,190
1147,189
1148,220
1149,1338
1150,578
1151,577
1152,628
1153,652
1154,715
1155,1195
1156,13602
1157,7063
1158,6493
1159,7824
1160,7677
1161,8632
1162,13497
1163,1574
1164,1153
1165,1072
1166,1143
1167,1122
1168,1130
1169,1482
1170,1058
1171,700
1172,670
1173,685
1174,666
1175,711
1176,1008
1177,1713
1178,679
1179,657
1180,825
1181,822
1182,932
1183,1641
1184,2060
1185,1439
1186,1364
1187,1484
1188,1470
1189,1507
1190,1965
1191,1731
1192,1111
1193,1029
1194,1213
1195,1191
1196,1226
1197,1626
1198,867
1199,937
1200,875
1201,906
1202,869
1203,888
1204,960
1205,2601
1206,1931
1207,1888
1208,2231
1209,2210
1210,2270
1211,2783
1212,691
1213,289
1214,281
1215,302
1216,303
1217,337
1218,585
1219,406
1220,245
1221,230
1222,270
1223,257
1224,265
1225,375
1226,2952
1227,2049
1228,1886
1229,2159
1230,2100
1231,2135
1232,2778
1233,447
1234,234
1235,223
1236,258
1237,251
1238,272
1239,396
1240,2874
1241,1969
1242,1844
1243,2192
1244,2147
1245,2191
1246,2873
1247,890
1248,493
1249,474
1250,487
1251,481
1252,514
1253,779
1254,2202
1255,1174
1256,1136
1257,1421
1258,1435
1259,1541
1260,2262
1261,3747
1262,2377
1263,2266
1264,2605
1265,2566
1266,2601
1267,3403
1268,723
1269,411
1270,381
1271,418
1272,413
1273,438
1274,675
1275,5345
1276,3110
1277,3053
1278,3972
1279,4034
1280,4312
1281,5896
1282,738
1283,423
1284,408
1285,469
1286,468
1287,510
1288,703
1289,4241
1290,2535
1291,2273
1292,2829
1293,2708
1294,2887
1295,4228
1296,1660
1297,908
1298,836
1299,989
1300,994
1301,1045
1302,1539
1303,552
1304,374
1305,362
1306,424
1307,424
1308,438
1309,567
1310,727
1311,455
1312,432
1313,470
1314,451
1315,483
1316,685
1317,3008
1318,1580
1319,1488
1320,1755
1321,1765
1322,1860
1323,2727
1324,3008
1325,1740
1326,1638
1327,1859
1328,1917
1329,1982
1330,2886
1331,1016
1332,708
1333,697
1334,817
1335,793
1336,832
1337,1087
1338,167
1339,89
1340,84
1341,100
1342,100
1343,107
1344,156
1345,713
1346,539
1347,489
1348,507
1349,491
1350,499
1351,669
1352,8578
1353,3536
1354,3449
1355,4486
1356,4534
1357,5194
1358,8643
1359,1413
1360,1059
1361,983
1362,1135
1363,1118
1364,1147
1365,1419
1366,21052
1367,10939
1368,11055
1369,13610
1370,13257
1371,14691
1372,21814
1373,2525
1374,2175
1375,2071
1376,2410
1377,2342
1378,2320
1379,2758
1380,7593
1381,4463
1382,4278
1383,5212
1384,5217
1385,5662
1386,7832
1387,789
1388,613
1389,586
1390,625
1391,621
1392,659
1393,847
1394,2602
1395,1868
1396,1834
1397,2189
1398,2142
1399,2183
1400,2779
1401,1372
1402,929
1403,865
1404,975
1405,962
1406,991
1407,1330
1408,3352
1409,1536
1410,1476
1411,1911
1412,1897
1413,2098
1414,3251
1415,949
1416,516
1417,472
1418,524
1419,522
1420,541
1421,838
1422,219
1423,113
1424,102
1425,110
1426,104
1427,114
1428,187
1429,7893
1430,4288
1431,4173
1432,4665
1433,4572
1434,5018
1435,7101
1436,601
1437,619
1438,565
1439,610
1440,591
1441,587
1442,649
1443,793
1444,511
1445,487
1446,515
1447,507
1448,537
1449,726
1450,223
1451,173
1452,171
1453,208
1454,207
1455,208
1456,256
1457,8139
1458,4771
1459,4460
1460,5609
1461,5604
1462,6031
1463,8400
1464,2644
1465,1952
1466,1871
1467,2183
1468,2140
1469,2233
1470,2868
1471,2780
1472,787
1473,756
1474,1026
1475,1020
1476,1210
1477,2478
1478,691
1479,603
1480,537
1481,555
1482,545
1483,553
1484,686
1485,50
1486,31
1487,31
1488,48
1489,45
1490,47
1491,54
1492,980
1493,530
1494,528
1495,611
1496,603
1497,623
1498,923
1499,3024
1500,1863
1501,1774
1502,2128
1503,2108
1504,2244
1505,3078
1506,1047
1507,636
1508,629
1509,732
1510,714
1511,771
1512,1136
1513,896
1514,492
1515,460
1516,523
1517,543
1518,579
1519,826
1520,7544
1521,4637
1522,4292
1523,5218
1524,5194
1525,5655
1526,7752
1527,4606
1528,2602
1529,2415
1530,2865
1531,2838
1532,2965
1533,4324
1534,1590
1535,984
1536,918
1537,1049
1538,1073
1539,1119
1540,1513
1541,2044
1542,1001
1543,983
1544,1214
1545,1174
1546,1281
1547,1940
1548,30252
1549,17253
1550,16889
1551,20545
1552,20133
1553,21875
1554,30833
1555,1592
1556,1098
1557,1006
1558,1165
1559,1144
1560,1197
1561,1610
1562,2845
1563,1901
1564,1833
1565,2038
1566,2024
1567,2175
1568,2973
1569,2810
1570,2325
1571,2202
1572,2447
1573,2377
1574,2401
1575,2939
1576,1694
1577,878
1578,848
1579,942
1580,918
1581,955
1582,1453
1583,2309
1584,1322
1585,1238
1586,1445
1587,1416
1588,1449
1589,2088
1590,2845
1591,1698
1592,1625
1593,1866
1594,1855
1595,1955
1596,2648
1597,1931
1598,1401
1599,1369
1600,1553
1601,1558
1602,1654
1603,2138
1604,1900
1605,1039
1606,1012
1607,1122
1608,1120
1609,1165
1610,1738
1611,545
1612,394
1613,375
1614,403
1615,415
1616,448
1617,584
1618,2496
1619,2964
1620,2819
1621,2923
1622,2859
1623,2901
1624,2889
1625,691
1626,260
1627,255
1628,320
1629,322
1630,363
1631,626
1632,2037
1633,1230
1634,1176
1635,1437
1636,1456
1637,1506
1638,2008
1639,2555
1640,1753
1641,1708
1642,1963
1643,1925
1644,2014
1645,2680
1646,1946
1647,1386
1648,1324
1649,1499
1650,1436
1651,1432
1652,1837
1653,837
1654,494
1655,448
1656,519
1657,510
1658,539
1659,773
1660,2025
1661,1660
1662,1607
1663,1860
1664,1852
1665,1902
1666,2325
1667,7850
1668,4183
1669,3974
1670,4836
1671,4800
1672,5246
1673,7872
1674,1113
1675,643
1676,616
1677,718
1678,717
1679,775
1680,1097
1681,1824
1682,1384
1683,1355
1684,1553
1685,1507
1686,1519
1687,1861
1688,1230
1689,703
1690,679
1691,748
1692,734
1693,785
1694,1128
1695,10517
1696,4700
1697,4492
1698,5649
1699,5614
1700,6391
1701,10408
1702,10165
1703,5144
1704,5117
1705,6592
1706,6485
1707,7192
1708,10997
1709,1215
1710,696
1711,657
1712,778
1713,760
1714,798
1715,1203
1716,1415
1717,1017
1718,989
1719,1111
1720,1074
1721,1096
1722,1395
1723,2095
1724,1302
1725,1181
1726,1280
1727,1268
1728,1409
1729,2113
1730,1159
1731,1010
1732,946
1733,1006
1734,964
1735,1003
1736,1137
1737,7742
1738,5245
1739,4979
1740,6001
1741,5934
1742,6150
1743,8037
1744,594
1745,281
1746,282
1747,325
1748,327
1749,357
1750,560
1751,2454
1752,1422
1753,1385
1754,1676
1755,1685
1756,1783
1757,2417
1758,2234
1759,1437
1760,1389
1761,1673
1762,1677
1763,1743
1764,2288
1765,767
1766,508
1767,463
1768,529
1769,518
1770,534
1771,721
1772,736
1773,488
1774,456
1775,495
1776,492
1777,505
1778,677
1779,516
1780,245
1781,246
1782,278
1783,275
1784,309
1785,469
1786,1136
1787,511
1788,493
1789,545
1790,553
1791,616
1792,961
1793,5001
1794,3512
1795,3350
1796,4066
1797,3970
1798,4078
1799,5152
1800,91
1801,69
1802,67
1803,79
1804,75
1805,71
1806,91
1807,4057
1808,3247
1809,3023
1810,3399
1811,3362
1812,3535
1813,4291
1814,140
1815,103
1816,100
1817,110
1818,109
1819,109
1820,139
1821,2285
1822,1889
1823,1777
1824,1936
1825,1882
1826,1868
1827,2199
1828,4822
1829,2159
1830,2070
1831,2605
1832,2580
1833,2932
1834,4667
1835,3916
1836,2486
1837,2380
1838,2870
1839,2877
1840,3052
1841,3943
1842,4302
1843,3307
1844,3187
1845,3701
1846,3677
1847,3771
1848,4555
1849,1766
1850,1840
1851,1705
1852,1763
1853,1694
1854,1653
1855,1835
1856,5160
1857,3023
1858,2891
1859,3691
1860,3724
1861,3996
1862,5512
1863,1788
1864,975
1865,962
1866,1113
1867,1130
1868,1186
1869,1685
1870,1422
1871,1088
1872,1003
1873,1135
1874,1133
1875,1164
1876,1511
1877,511
1878,212
1879,204
1880,250
1881,246
1882,278
1883,468
1884,2040
1885,1922
1886,1878
1887,2091
1888,2078
1889,2116
1890,2326
1891,1635
1892,1443
1893,1361
1894,1511
1895,1465
1896,1444
1897,1759
1898,1577
1899,1151
1900,1089
1901,1238
1902,1210
1903,1247
1904,1608
1905,6575
1906,3610
1907,3359
1908,4191
1909,4182
1910,4536
1911,6607
1912,1993
1913,1267
1914,1252
1915,1525
1916,1508
1917,1580
1918,2073
1919,1481
1920,1100
1921,1014
1922,1149
1923,1139
1924,1168
1925,1486
1926,1170
1927,598
1928,587
1929,651
1930,645
1931,694
1932,1056
1933,14
1934,12
1935,12
1936,16
1937,7
1938,3
1939,3
1940,3
1941,3
1942,3
1943,0
1944,0
1945,0
1946,0
1947,1
1948,0
1949,0
1950,0
1951,0
1952,0
1953,0
1954,2
1955,2
1956,2
1957,1
1958,1
1959,0
1960,0
1961,0
1962,1
1963,1
1964,0
1965,0
1966,0
1967,0
1968,0
1969,0
1970,0
1971,0
1972,0
1973,0
1974,0
1975,4
1976,5
1977,5
1978,2
1979,1
1980,0
1981,0
1982,0
1983,0
1984,0
1985,0
1986,0
1987,0
1988,0
1989,3
1990,3
1991,3
1992,1
1993,1
1994,0
1995,0
1996,44
1997,34
1998,26
1999,17
2000,7
2001,0
2002,6
2003,0
2004,0
2005,0
2006,0
2007,0
2008,0
2009,0
2010,2
2011,3
2012,3
2013,1
2014,1
2015,0
2016,0
2017,0
2018,0
2019,0
2020,0
2021,0
2022,0
2023,0
2024,0
2025,1
2026,1
2027,0
2028,0
2029,0
2030,0
2031,11
2032,8
2033,7
2034,2
2035,1
2036,1
2037,1
2038,0
2039,1
2040,1
2041,0
2042,0
2043,0
2044,0
2045,0
2046,1
2047,1
2048,1
2049,1
2050,0
2051,0
2052,8
2053,5
2054,4
2055,0
2056,0
2057,0
2058,0
2059,3
2060,4
2061,3
2062,0
2063,0
2064,0
2065,0
2066,1
2067,2
2068,2
2069,1
2070,1
2071,1
2072,1
2073,1
2074,0
2075,0
2076,0
2077,0
2078,0
2079,0
2080,7
2081,4
2082,4
2083,1
2084,1
2085,0
2086,0
2087,14
2088,14
2089,14
2090,4
2091,3
2092,3
2093,3
2094,2
2095,4
2096,4
2097,2
2098,1
2099,1
2100,0
2101,1
2102,1
2103,1
2104,0
2105,0
2106,0
2107,0
2108,24
2109,15
2110,12
2111,0
2112,0
2113,0
2114,0
2115,0
2116,1
2117,1
2118,0
2119,0
2120,0
2121,0
2122,1
2123,1
2124,0
2125,0
2126,0
2127,0
2128,0
2129,4
2130,3
2131,2
2132,1
2133,0
2134,0
2135,0
2136,1
2137,2
2138,2
2139,0
2140,0
2141,0
2142,0
2143,12
2144,6
2145,5
2146,0
2147,0
2148,0
2149,0
2150,5
2151,2
2152,2
2153,0
2154,0
2155,0
2156,0
2157,4
2158,5
2159,5
2160,2
2161,1
2162,0
2163,0
2164,2
2165,2
2166,2
2167,0
2168,0
2169,0
2170,0
2171,16
2172,8
2173,7
2174,8
2175,3
2176,1
2177,1
2178,2
2179,2
2180,2
2181,1
2182,0
2183,0
2184,0
2185,1
2186,2
2187,2
2188,1
2189,1
2190,1
2191,0
2192,0
2193,1
2194,1
2195,0
2196,0
2197,0
2198,0
2199,7
2200,6
2201,6
2202,2
2203,0
2204,0
2205,0
2206,5
2207,5
2208,5
2209,0
2210,0
2211,0
2212,0
2213,4
2214,6
2215,6
2216,1
2217,1
2218,2
2219,2
2220,1
2221,2
2222,2
2223,0
2224,0
2225,0
2226,0
2227,3
2228,4
2229,4
2230,1
2231,0
2232,0
2233,0
2234,1
2235,2
2236,2
2237,0
2238,0
2239,0
2240,0
2241,2
2242,2
2243,2
2244,1
2245,0
2246,0
2247,0
2248,12
2249,5
2250,5
2251,0
2252,0
2253,0
2254,0
2255,2
2256,1
2257,1
2258,0
2259,0
2260,0
2261,0
2262,1
2263,2
2264,2
2265,0
2266,0
2267,0
2268,0
2269,0
2270,0
2271,0
2272,0
2273,0
2274,0
2275,0
2276,6
2277,4
2278,3
2279,0
2280,0
2281,0
2282,0
2283,1
2284,2
2285,2
2286,0
2287,0
2288,0
2289,0
2290,5
2291,2
2292,1
2293,0
2294,0
2295,0
2296,0
2297,0
2298,1
2299,1
2300,1
2301,0
2302,0
2303,0
2304,2
2305,3
2306,3
2307,0
2308,0
2309,0
2310,0
2311,41
2312,17
2313,14
2314,3
2315,0
2316,0
2317,0
2318,2
2319,3
2320,2
2321,1
2322,0
2323,0
2324,0
2325,2
2326,2
2327,2
2328,0
2329,0
2330,0
2331,0
2332,7
2333,2
2334,2
2335,0
2336,0
2337,0
2338,0
2339,2
2340,3
2341,3
2342,0
2343,0
2344,0
2345,0
2346,21
2347,14
2348,13
2349,11
2350,5
2351,0
2352,0
2353,5
2354,4
2355,4
2356,0
2357,0
2358,0
2359,0
2360,259
2361,112
2362,95
2363,78
2364,58
2365,74
2366,112
2367,158
2368,102
2369,98
2370,87
2371,65
2372,61
2373,73
2374,46
2375,17
2376,13
2377,9
2378,3
2379,9
2380,20
2381,128
2382,49
2383,41
2384,32
2385,20
2386,29
2387,53
2388,32
2389,11
2390,8
2391,7
2392,0
2393,4
2394,10
2395,572
2396,217
2397,187
2398,159
2399,131
2400,189
2401,320
2402,57
2403,25
2404,21
2405,16
2406,10
2407,14
2408,28
2409,115
2410,40
2411,38
2412,28
2413,21
2414,34
2415,71
2416,49
2417,28
2418,26
2419,13
2420,5
2421,10
2422,16
2423,84
2424,43
2425,37
2426,29
2427,20
2428,25
2429,44
2430,137
2431,75
2432,68
2433,62
2434,54
2435,56
2436,74
2437,21
2438,9
2439,7
2440,6
2441,0
2442,1
2443,5
2444,23
2445,13
2446,12
2447,8
2448,4
2449,4
2450,7
2451,304
2452,177
2453,158
2454,149
2455,119
2456,136
2457,169
2458,20
2459,9
2460,7
2461,5
2462,0
2463,2
2464,7
2465,144
2466,81
2467,78
2468,72
2469,63
2470,74
2471,102
2472,117
2473,77
2474,72
2475,61
2476,50
2477,50
2478,67
2479,20
2480,15
2481,15
2482,9
2483,3
2484,4
2485,9
2486,115
2487,60
2488,56
2489,50
2490,39
2491,45
2492,66
2493,45
2494,20
2495,17
2496,12
2497,4
2498,9
2499,18
2500,131
2501,56
2502,47
2503,37
2504,24
2505,39
2506,61
2507,15
2508,9
2509,8
2510,6
2511,2
2512,2
2513,3
2514,108
2515,70
2516,65
2517,58
2518,49
2519,53
2520,72
2521,3
2522,1
2523,0
2524,0
2525,0
2526,0
2527,0
2528,102
2529,48
2530,45
2531,39
2532,25
2533,37
2534,64
2535,136
2536,61
2537,53
2538,49
2539,34
2540,49
2541,77
2542,146
2543,95
2544,88
2545,78
2546,60
2547,67
2548,84
2549,66
2550,33
2551,27
2552,22
2553,16
2554,18
2555,35
2556,338
2557,132
2558,122
2559,103
2560,78
2561,111
2562,184
2563,62
2564,33
2565,30
2566,23
2567,16
2568,22
2569,35
2570,637
2571,408
2572,411
2573,384
2574,293
2575,428
2576,558
2577,111
2578,102
2579,104
2580,92
2581,76
2582,76
2583,103
2584,185
2585,93
2586,90
2587,78
2588,58
2589,80
2590,117
2591,81
2592,53
2593,51
2594,46
2595,37
2596,38
2597,56
2598,72
2599,42
2600,40
2601,25
2602,13
2603,18
2604,29
2605,76
2606,30
2607,29
2608,21
2609,14
2610,22
2611,43
2612,75
2613,32
2614,27
2615,20
2616,12
2617,20
2618,37
2619,256
2620,112
2621,102
2622,88
2623,65
2624,88
2625,122
2626,12
2627,7
2628,7
2629,4
2630,2
2631,2
2632,4
2633,306
2634,156
2635,149
2636,132
2637,107
2638,144
2639,195
2640,148
2641,87
2642,80
2643,79
2644,59
2645,64
2646,84
2647,52
2648,20
2649,17
2650,13
2651,7
2652,10
2653,22
2654,136
2655,71
2656,65
2657,58
2658,48
2659,54
2660,80
2661,145
2662,111
2663,108
2664,107
2665,89
2666,107
2667,130
2668,207
2669,101
2670,92
2671,81
2672,62
2673,74
2674,100
2675,195
2676,88
2677,78
2678,69
2679,54
2680,70
2681,103
2682,83
2683,51
2684,45
2685,38
2686,23
2687,30
2688,49
2689,152
2690,57
2691,53
2692,44
2693,31
2694,42
2695,75
2696,746
2697,500
2698,485
2699,424
2700,335
2701,430
2702,573
2703,115
2704,62
2705,59
2706,48
2707,36
2708,45
2709,67
2710,389
2711,229
2712,213
2713,197
2714,169
2715,228
2716,286
2717,119
2718,64
2719,57
2720,50
2721,41
2722,43
2723,62
2724,36
2725,17
2726,14
2727,10
2728,5
2729,8
2730,15
2731,140
2732,76
2733,68
2734,62
2735,54
2736,54
2737,71
2738,61
2739,38
2740,34
2741,24
2742,15
2743,17
2744,26
2745,2
2746,1
2747,1
2748,0
2749,0
2750,0
2751,0
2752,116
2753,133
2754,133
2755,120
2756,98
2757,95
2758,109
2759,12
2760,5
2761,4
2762,2
2763,1
2764,1
2765,4
2766,91
2767,38
2768,32
2769,29
2770,12
2771,24
2772,42
2773,54
2774,31
2775,28
2776,20
2777,15
2778,18
2779,29
2780,238
2781,169
2782,162
2783,151
2784,126
2785,144
2786,151
2787,7
2788,3
2789,2
2790,1
2791,0
2792,0
2793,2
2794,141
2795,91
2796,85
2797,74
2798,61
2799,61
2800,75
2801,260
2802,110
2803,99
2804,84
2805,62
2806,80
2807,121
2808,116
2809,73
2810,66
2811,62
2812,40
2813,48
2814,60
2815,104
2816,51
2817,45
2818,41
2819,22
2820,31
2821,52
2822,223
2823,88
2824,84
2825,69
2826,49
2827,68
2828,107
2829,261
2830,122
2831,114
2832,98
2833,73
2834,97
2835,123
2836,71
2837,33
2838,32
2839,20
2840,7
2841,13
2842,29
2843,140
2844,82
2845,77
2846,65
2847,53
2848,60
2849,70
2850,47
2851,26
2852,23
2853,18
2854,4
2855,15
2856,29
2857,59
2858,41
2859,40
2860,37
2861,14
2862,16
2863,21
2864,348
2865,226
2866,210
2867,180
2868,145
2869,186
2870,253
2871,65
2872,26
2873,23
2874,17
2875,11
2876,19
2877,34
2878,166
2879,80
2880,72
2881,62
2882,52
2883,58
2884,90
2885,77
2886,36
2887,31
2888,30
2889,19
2890,22
2891,44
2892,74
2893,35
2894,32
2895,24
2896,16
2897,21
2898,41
2899,15
2900,6
2901,4
2902,2
2903,1
2904,1
2905,3
2906,164
2907,94
2908,86
2909,78
2910,69
2911,78
2912,95
2913,26
2914,26
2915,26
2916,17
2917,13
2918,13
2919,16
2920,9
2921,8
2922,7
2923,3
2924,1
2925,0
2926,0
2927,167
2928,61
2929,53
2930,42
2931,28
2932,44
2933,72
2934,110
2935,54
2936,46
2937,40
2938,33
2939,42
2940,58
2941,156
2942,114
2943,108
2944,95
2945,76
2946,77
2947,86
2948,11
2949,11
2950,10
2951,5
2952,1
2953,2
2954,4
2955,200
2956,96
2957,88
2958,78
2959,65
2960,78
2961,119
2962,38
2963,16
2964,13
2965,9
2966,5
2967,8
2968,15
2969,82
2970,52
2971,47
2972,45
2973,24
2974,27
2975,51
2976,23
2977,9
2978,7
2979,6
2980,2
2981,3
2982,8
2983,13
2984,7
2985,6
2986,4
2987,2
2988,2
2989,4
2990,108
2991,79
2992,70
2993,58
2994,44
2995,50
2996,63
2997,387
2998,176
2999,157
3000,137
3001,115
3002,138
3003,217
3004,18
3005,15
3006,15
3007,10
3008,5
3009,5
3010,8
3011,75
3012,59
3013,55
3014,49
3015,39
3016,38
3017,56
3018,96
3019,39
3020,33
3021,30
3022,21
3023,26
3024,44
3025,61
3026,37
3027,31
3028,21
3029,12
3030,26
3031,42
3032,5
3033,4
3034,3
3035,0
3036,1
3037,2
3038,9
3039,90
3040,60
3041,46
3042,34
3043,18
3044,28
3045,45
3046,0
3047,0
3048,0
3049,0
3050,0
3051,0
3052,0
3053,0
3054,0
3055,0
3056,0
3057,0
3058,1
3059,0
3060,54
3061,23
3062,17
3063,8
3064,8
3065,21
3066,43
3067,46
3068,15
3069,8
3070,6
3071,1
3072,16
3073,42
3074,44
3075,24
3076,18
3077,9
3078,3
3079,15
3080,28
3081,40
3082,20
3083,15
3084,9
3085,3
3086,15
3087,31
3088,17
3089,6
3090,4
3091,0
3092,0
3093,4
3094,6
3095,263
3096,137
3097,117
3098,94
3099,106
3100,149
3101,188
3102,0
3103,1
3104,1
3105,0
3106,1
3107,1
3108,2
3109,0
3110,0
3111,0
3112,0
3113,0
3114,0
3115,1
3116,25
3117,10
3118,8
3119,3
3120,0
3121,5
3122,8
3123,0
3124,0
3125,0
3126,0
3127,0
3128,0
3129,0
3130,1
3131,0
3132,0
3133,0
3134,0
3135,0
3136,0
3137,0
3138,0
3139,0
3140,0
3141,0
3142,0
3143,0
3144,0
3145,0
3146,0
3147,0
3148,0
3149,0
3150,0
3151,0
3152,0
3153,0
3154,0
3155,0
3156,1
3157,0
3158,5
3159,0
3160,0
3161,0
3162,0
3163,0
3164,2
3165,56
3166,30
3167,26
3168,3
3169,14
3170,56
3171,106
3172,7
3173,3
3174,2
3175,0
3176,0
3177,0
3178,0
3179,46
3180,24
3181,19
3182,13
3183,1
3184,7
3185,14
3186,0
3187,0
3188,0
3189,0
3190,0
3191,0
3192,0
3193,6
3194,5
3195,4
3196,2
3197,2
3198,3
3199,6
3200,42
3201,24
3202,22
3203,18
3204,16
3205,30
3206,50
3207,0
3208,0
3209,0
3210,0
3211,0
3212,7
3213,18
3214,0
3215,0
3216,0
3217,0
3218,0
3219,0
3220,0
3221,80
3222,42
3223,34
3224,24
3225,10
3226,24
3227,37
3228,0
3229,0
3230,0
3231,0
3232,0
3233,1
3234,0
3235,0
3236,0
3237,0
3238,0
3239,0
3240,0
3241,0
3242,83
3243,37
3244,30
3245,21
3246,11
3247,33
3248,57
3249,83
3250,89
3251,53
3252,18
3253,11
3254,23
3255,35
3256,104
3257,121
3258,70
3259,25
3260,11
3261,26
3262,40
3263,35
3264,34
3265,16
3266,2
3267,0
3268,7
3269,12
3270,315
3271,316
3272,189
3273,72
3274,34
3275,55
3276,82
3277,85
3278,95
3279,60
3280,20
3281,9
3282,24
3283,43
3284,62
3285,59
3286,37
3287,4
3288,2
3289,15
3290,27
3291,248
3292,279
3293,172
3294,64
3295,38
3296,60
3297,77
3298,70
3299,85
3300,52
3301,11
3302,6
3303,17
3304,33
3305,57
3306,58
3307,32
3308,8
3309,3
3310,13
3311,23
3312,724
3313,853
3314,587
3315,265
3316,213
3317,266
3318,333
3319,117
3320,135
3321,91
3322,33
3323,18
3324,31
3325,44
3326,84
3327,94
3328,57
3329,12
3330,8
3331,22
3332,37
3333,180
3334,210
3335,129
3336,57
3337,33
3338,50
3339,75
3340,83
3341,101
3342,68
3343,18
3344,12
3345,24
3346,46
3347,2
3348,2
3349,0
3350,0
3351,0
3352,0
3353,0
3354,84
3355,93
3356,55
3357,13
3358,7
3359,20
3360,39
3361,102
3362,104
3363,73
3364,21
3365,13
3366,26
3367,41
3368,392
3369,436
3370,289
3371,112
3372,83
3373,119
3374,149
3375,79
3376,95
3377,61
3378,13
3379,7
3380,18
3381,37
3382,1323
3383,1466
3384,1037
3385,414
3386,327
3387,443
3388,612
3389,17
3390,17
3391,9
3392,0
3393,0
3394,2
3395,5
3396,5
3397,5
3398,2
3399,0
3400,0
3401,0
3402,1
3403,293
3404,279
3405,190
3406,67
3407,49
3408,68
3409,101
3410,23
3411,21
3412,10
3413,1
3414,0
3415,2
3416,5
3417,45
3418,45
3419,25
3420,0
3421,0
3422,9
3423,20
3424,106
3425,117
3426,74
3427,29
3428,18
3429,34
3430,48
3431,348
3432,386
3433,213
3434,107
3435,60
3436,87
3437,108
3438,101
3439,103
3440,65
3441,16
3442,9
3443,23
3444,33
3445,58
3446,54
3447,33
3448,6
3449,3
3450,12
3451,21
3452,253
3453,253
3454,151
3455,52
3456,31
3457,48
3458,70
3459,208
3460,205
3461,130
3462,57
3463,41
3464,56
3465,73
3466,212
3467,217
3468,122
3469,35
3470,15
3471,30
3472,50
3473,44
3474,44
3475,24
3476,1
3477,0
3478,9
3479,16
3480,3
3481,3
3482,0
3483,0
3484,0
3485,1
3486,1
3487,129
3488,127
3489,87
3490,28
3491,18
3492,31
3493,44
3494,11
3495,10
3496,3
3497,0
3498,0
3499,1
3500,2
3501,128
3502,116
3503,75
3504,23
3505,14
3506,27
3507,36
3508,119
3509,137
3510,89
3511,37
3512,21
3513,35
3514,51
3515,21
3516,21
3517,10
3518,0
3519,0
3520,2
3521,6
3522,252
3523,294
3524,196
3525,81
3526,52
3527,69
3528,83
3529,71
3530,80
3531,54
3532,17
3533,10
3534,23
3535,38
3536,52
3537,49
3538,28
3539,2
3540,0
3541,11
3542,20
3543,12
3544,10
3545,3
3546,0
3547,0
3548,1
3549,2
3550,43
3551,49
3552,22
3553,1
3554,0
3555,13
3556,21
3557,295
3558,290
3559,194
3560,88
3561,67
3562,88
3563,121
3564,12
3565,10
3566,5
3567,0
3568,0
3569,1
3570,4
3571,208
3572,232
3573,137
3574,57
3575,36
3576,54
3577,72
3578,65
3579,67
3580,43
3581,11
3582,5
3583,16
3584,28
3585,119
3586,129
3587,71
3588,19
3589,8
3590,25
3591,43
3592,96
3593,102
3594,64
3595,16
3596,10
3597,22
3598,38
3599,2643
3600,2138
3601,1865
3602,1658
3603,1315
3604,1351
3605,1602
3606,2945
3607,2741
3608,2461
3609,2205
3610,1707
3611,1641
3612,1720
3613,603
3614,386
3615,326
3616,281
3617,196
3618,179
3619,249
3620,176
3621,146
3622,122
3623,93
3624,66
3625,43
3626,49
3627,1339
3628,887
3629,761
3630,636
3631,450
3632,428
3633,590
3634,234
3635,126
3636,111
3637,90
3638,60
3639,50
3640,79
3641,4022
3642,2714
3643,2325
3644,2097
3645,1657
3646,1818
3647,2484
3648,350
3649,341
3650,295
3651,255
3652,209
3653,195
3654,202
3655,357
3656,307
3657,271
3658,230
3659,175
3660,156
3661,177
3662,620
3663,328
3664,279
3665,242
3666,201
3667,207
3668,349
3669,1219
3670,1112
3671,930
3672,780
3673,596
3674,554
3675,614
3676,639
3677,548
3678,466
3679,397
3680,305
3681,283
3682,296
3683,244
3684,303
3685,263
3686,228
3687,172
3688,155
3689,136
3690,1272
3691,1185
3692,1071
3693,978
3694,836
3695,788
3696,821
3697,406
3698,228
3699,195
3700,167
3701,114
3702,100
3703,146
3704,475
3705,440
3706,363
3707,319
3708,213
3709,187
3710,212
3711,1333
3712,1109
3713,972
3714,865
3715,650
3716,615
3717,703
3718,334
3719,235
3720,199
3721,175
3722,137
3723,128
3724,150
3725,515
3726,485
3727,429
3728,376
3729,278
3730,266
3731,300
3732,311
3733,249
3734,220
3735,195
3736,157
3737,150
3738,181
3739,226
3740,153
3741,128
3742,103
3743,76
3744,68
3745,79
3746,628
3747,454
3748,396
3749,359
3750,272
3751,287
3752,392
3753,1145
3754,1031
3755,903
3756,782
3757,612
3758,552
3759,573
3760,557
3761,409
3762,346
3763,304
3764,232
3765,219
3766,259
3767,3062
3768,2413
3769,2155
3770,1981
3771,1630
3772,1659
3773,1892
3774,411
3775,273
3776,239
3777,216
3778,170
3779,165
3780,200
3781,659
3782,468
3783,390
3784,340
3785,268
3786,253
3787,346
3788,511
3789,374
3790,328
3791,304
3792,242
3793,230
3794,309
3795,353
3796,346
3797,309
3798,288
3799,238
3800,217
3801,242
3802,297
3803,218
3804,188
3805,166
3806,108
3807,94
3808,110
3809,1371
3810,875
3811,734
3812,637
3813,495
3814,496
3815,652
3816,873
3817,720
3818,630
3819,558
3820,429
3821,419
3822,495
3823,242
3824,226
3825,204
3826,182
3827,135
3828,115
3829,125
3830,310
3831,319
3832,265
3833,226
3834,157
3835,139
3836,152
3837,1941
3838,1104
3839,967
3840,899
3841,820
3842,909
3843,1248
3844,357
3845,346
3846,300
3847,273
3848,234
3849,220
3850,227
3851,4505
3852,3145
3853,2879
3854,2659
3855,2204
3856,2207
3857,2618
3858,598
3859,680
3860,602
3861,527
3862,417
3863,379
3864,367
3865,1391
3866,997
3867,884
3868,819
3869,659
3870,678
3871,864
3872,297
3873,258
3874,235
3875,219
3876,177
3877,147
3878,162
3879,617
3880,562
3881,508
3882,466
3883,384
3884,352
3885,375
3886,682
3887,637
3888,554
3889,477
3890,376
3891,364
3892,395
3893,600
3894,341
3895,291
3896,251
3897,215
3898,225
3899,335
3900,247
3901,177
3902,166
3903,147
3904,116
3905,87
3906,107
3907,222
3908,180
3909,149
3910,125
3911,90
3912,79
3913,91
3914,1642
3915,1127
3916,1006
3917,899
3918,715
3919,753
3920,946
3921,156
3922,209
3923,183
3924,155
3925,120
3926,107
3927,92
3928,487
3929,419
3930,358
3931,310
3932,244
3933,217
3934,238
3935,1924
3936,1507
3937,1304
3938,1221
3939,978
3940,989
3941,1187
3942,894
3943,807
3944,716
3945,644
3946,524
3947,501
3948,539
3949,1415
3950,573
3951,487
3952,436
3953,342
3954,395
3955,800
3956,231
3957,189
3958,181
3959,165
3960,138
3961,110
3962,118
3963,805
3964,483
3965,431
3966,415
3967,332
3968,363
3969,468
3970,1005
3971,810
3972,716
3973,651
3974,515
3975,524
3976,637
3977,197
3978,167
3979,148
3980,130
3981,94
3982,81
3983,104
3984,856
3985,691
3986,570
3987,517
3988,397
3989,389
3990,407
3991,2181
3992,1580
3993,1341
3994,1215
3995,964
3996,989
3997,1287
3998,1394
3999,1035
4000,898
4001,816
4002,668
4003,674
4004,852
4005,691
4006,578
4007,489
4008,423
4009,335
4010,328
4011,366
4012,1700
4013,1040
4014,922
4015,841
4016,643
4017,679
4018,951
4019,6084
4020,4333
4021,3865
4022,3486
4023,2860
4024,2821
4025,3359
4026,401
4027,345
4028,296
4029,264
4030,217
4031,200
4032,230
4033,723
4034,741
4035,640
4036,589
4037,430
4038,391
4039,403
4040,450
4041,315
4042,299
4043,275
4044,216
4045,184
4046,228
4047,888
4048,604
4049,535
4050,471
4051,375
4052,373
4053,494
4054,823
4055,601
4056,540
4057,486
4058,406
4059,402
4060,486
4061,362
4062,363
4063,324
4064,297
4065,247
4066,239
4067,248
4068,404
4069,297
4070,261
4071,224
4072,175
4073,165
4074,204
4075,641
4076,775
4077,693
4078,614
4079,507
4080,439
4081,389
4082,255
4083,134
4084,113
4085,104
4086,88
4087,96
4088,139
4089,427
4090,303
4091,258
4092,222
4093,167
4094,150
4095,175
4096,967
4097,897
4098,800
4099,702
4100,552
4101,535
4102,599
4103,1390
4104,1261
4105,1103
4106,970
4107,761
4108,663
4109,694
4110,607
4111,522
4112,437
4113,387
4114,316
4115,311
4116,374
4117,473
4118,482
4119,434
4120,389
4121,316
4122,304
4123,317
4124,2070
4125,1469
4126,1289
4127,1180
4128,944
4129,992
4130,1279
4131,230
4132,179
4133,158
4134,141
4135,110
4136,105
4137,128
4138,323
4139,317
4140,289
4141,255
4142,199
4143,176
4144,169
4145,441
4146,293
4147,264
4148,225
4149,177
4150,164
4151,195
4152,2321
4153,1349
4154,1150
4155,1034
4156,901
4157,957
4158,1338
4159,1410
4160,918
4161,811
4162,746
4163,628
4164,646
4165,828
4166,975
4167,786
4168,686
4169,625
4170,476
4171,433
4172,557
4173,617
4174,584
4175,533
4176,469
4177,371
4178,347
4179,367
4180,335
4181,263
4182,210
4183,187
4184,151
4185,130
4186,159
4187,2940
4188,2907
4189,2501
4190,2228
4191,1594
4192,1467
4193,1340
4194,2849
4195,2449
4196,2157
4197,1932
4198,1471
4199,1442
4200,1605
4201,127
4202,90
4203,83
4204,68
4205,58
4206,46
4207,58
4208,1995
4209,1434
4210,1283
4211,1210
4212,1080
4213,1098
4214,1317
4215,604
4216,467
4217,440
4218,420
4219,360
4220,330
4221,376
4222,587
4223,493
4224,403
4225,368
4226,266
4227,257
4228,323
4229,390
4230,323
4231,272
4232,237
4233,172
4234,154
4235,169
4236,394
4237,263
4238,226
4239,201
4240,161
4241,155
4242,205
4243,176
4244,101
4245,86
4246,72
4247,59
4248,56
4249,73
4250,818
4251,692
4252,618
4253,566
4254,468
4255,469
4256,540
4257,792
4258,760
4259,665
4260,617
4261,530
4262,504
4263,522
4264,700
4265,781
4266,681
4267,577
4268,437
4269,374
4270,325
4271,1469
4272,864
4273,737
4274,650
4275,529
4276,581
4277,856
4278,713
4279,582
4280,517
4281,481
4282,402
4283,399
4284,437
4285,2087
4286,2049
4287,1850
4288,1680
4289,1424
4290,1361
4291,1391
4292,598
4293,746
4294,644
4295,533
4296,394
4297,340
4298,286
4299,1255
4300,974
4301,867
4302,819
4303,678
4304,690
4305,857
4306,455
4307,294
4308,267
4309,253
4310,216
4311,209
4312,269
4313,934
4314,934
4315,779
4316,687
4317,512
4318,489
4319,500
4320,354
4321,198
4322,172
4323,154
4324,118
4325,118
4326,171
4327,476
4328,567
4329,514
4330,462
4331,404
4332,387
4333,366
4334,347
4335,381
4336,337
4337,300
4338,232
4339,204
4340,208
4341,585
4342,477
4343,416
4344,375
4345,277
4346,268
4347,328
4348,392
4349,367
4350,326
4351,291
4352,238
4353,233
4354,262
4355,2635
4356,1840
4357,1610
4358,1479
4359,1131
4360,1147
4361,1559
4362,455
4363,381
4364,333
4365,293
4366,228
4367,205
4368,230
4369,217
4370,199
4371,175
4372,157
4373,128
4374,117
4375,121
4376,1493
4377,1129
4378,1016
4379,971
4380,724
4381,718
4382,855
4383,434
4384,395
4385,335
4386,296
4387,265
4388,336
4389,248
4390,207
4391,196
4392,164
4393,151
4394,74
4395,69
4396,61
4397,355
4398,326
4399,231
4400,215
4401,153
4402,178
4403,146
4404,137
4405,128
4406,88
4407,82
4408,40
4409,43
4410,28
4411,59
4412,56
4413,45
4414,41
4415,4
4416,3
4417,0
4418,205
4419,200
4420,164
4421,146
4422,99
4423,97
4424,91
4425,246
4426,238
4427,202
4428,179
4429,107
4430,143
4431,94
4432,165
4433,156
4434,131
4435,120
4436,78
4437,74
4438,69
4439,107
4440,100
4441,81
4442,73
4443,22
4444,20
4445,16
4446,60
4447,54
4448,47
4449,42
4450,3
4451,2
4452,1
4453,590
4454,517
4455,376
4456,363
4457,274
4458,309
4459,257
4460,181
4461,164
4462,165
4463,148
4464,74
4465,68
4466,58
4467,479
4468,421
4469,318
4470,297
4471,271
4472,387
4473,252
4474,133
4475,126
4476,113
4477,102
4478,19
4479,17
4480,11
4481,102
4482,93
4483,91
4484,79
4485,33
4486,26
4487,22
4488,309
4489,290
4490,193
4491,173
4492,135
4493,162
4494,121
4495,1
4496,1
4497,1
4498,1
4499,1
4500,0
4501,0
4502,270
4503,248
4504,207
4505,189
4506,143
4507,162
4508,128
4509,128
4510,122
4511,67
4512,63
4513,31
4514,36
4515,26
4516,92
4517,87
4518,66
4519,61
4520,12
4521,9
4522,8
4523,27
4524,23
4525,14
4526,14
4527,1
4528,1
4529,1
4530,1035
4531,886
4532,652
4533,617
4534,501
4535,731
4536,457
4537,72
4538,65
4539,50
4540,45
4541,12
4542,12
4543,11
4544,101
4545,94
4546,65
4547,60
4548,32
4549,33
4550,28
4551,88
4552,81
4553,70
4554,65
4555,12
4556,11
4557,10
4558,92
4559,84
4560,71
4561,65
4562,13
4563,11
4564,10
4565,156
4566,139
4567,128
4568,114
4569,67
4570,59
4571,52
4572,265
4573,235
4574,174
4575,160
4576,107
4577,120
4578,97
4579,771
4580,670
4581,475
4582,456
4583,436
4584,629
4585,421
4586,233
4587,220
4588,177
4589,165
4590,100
4591,99
4592,87
4593,217
4594,208
4595,190
4596,173
4597,94
4598,106
4599,77
4600,211
4601,204
4602,194
4603,175
4604,134
4605,140
4606,116
4607,211
4608,197
4609,147
4610,133
4611,71
4612,89
4613,59
4614,138
4615,129
4616,111
4617,105
4618,37
4619,33
4620,31
4621,71
4622,66
4623,54
4624,49
4625,2
4626,0
4627,0
4628,30
4629,12
4630,11
4631,4
4632,0
4633,6
4634,10
4635,2
4636,1
4637,0
4638,0
4639,0
4640,0
4641,1
4642,434
4643,168
4644,143
4645,103
4646,66
4647,94
4648,128
4649,298
4650,117
4651,99
4652,79
4653,36
4654,62
4655,93
4656,6
4657,2
4658,1
4659,0
4660,0
4661,1
4662,3
4663,63
4664,21
4665,16
4666,8
4667,1
4668,13
4669,27
4670,1
4671,0
4672,0
4673,0
4674,0
4675,0
4676,0
4677,221
4678,116
4679,101
4680,84
4681,57
4682,65
4683,82
4684,13
4685,3
4686,3
4687,0
4688,0
4689,1
4690,2
4691,5
4692,2
4693,2
4694,0
4695,0
4696,0
4697,0
4698,5
4699,1
4700,1
4701,0
4702,0
4703,0
4704,1
4705,56
4706,19
4707,14
4708,5
4709,0
4710,6
4711,17
4712,104
4713,39
4714,33
4715,23
4716,12
4717,24
4718,45
4719,617
4720,342
4721,292
4722,254
4723,195
4724,234
4725,270
4726,52
4727,21
4728,18
4729,11
4730,2
4731,12
4732,21
4733,56
4734,25
4735,19
4736,7
4737,0
4738,13
4739,25
4740,166
4741,75
4742,63
4743,48
4744,31
4745,44
4746,60
4747,6
4748,3
4749,3
4750,1
4751,0
4752,2
4753,3
4754,4
4755,2
4756,1
4757,0
4758,0
4759,1
4760,1
4761,38
4762,17
4763,14
4764,4
4765,0
4766,9
4767,15
4768,10
4769,5
4770,4
4771,1
4772,0
4773,2
4774,3
4775,141
4776,50
4777,43
4778,27
4779,14
4780,30
4781,51
4782,2
4783,1
4784,1
4785,0
4786,0
4787,1
4788,1
4789,561
4790,235
4791,211
4792,166
4793,110
4794,143
4795,184
4796,12
4797,4
4798,3
4799,1
4800,0
4801,1
4802,2
4803,5
4804,2
4805,2
4806,1
4807,0
4808,0
4809,1
4810,8
4811,3
4812,2
4813,1
4814,0
4815,1
4816,1
4817,364
4818,133
4819,114
4820,95
4821,70
4822,105
4823,144
4824,779
4825,336
4826,300
4827,258
4828,225
4829,283
4830,351
4831,0
4832,1
4833,1
4834,1
4835,0
4836,1
4837,1
4838,181
4839,76
4840,66
4841,53
4842,31
4843,45
4844,57
4845,42
4846,10
4847,7
4848,3
4849,2
4850,9
4851,16
4852,58
4853,23
4854,18
4855,12
4856,5
4857,13
4858,24
4859,95
4860,43
4861,38
4862,25
4863,15
4864,29
4865,45
4866,11
4867,6
4868,5
4869,2
4870,0
4871,1
4872,1
4873,35
4874,14
4875,11
4876,2
4877,0
4878,6
4879,11
4880,702
4881,293
4882,251
4883,172
4884,89
4885,143
4886,183
4887,50
4888,33
4889,28
4890,16
4891,4
4892,17
4893,29
4894,107
4895,44
4896,37
4897,19
4898,10
4899,22
4900,43
4901,13
4902,7
4903,6
4904,3
4905,0
4906,1
4907,3
4908,419
4909,186
4910,151
4911,103
4912,87
4913,118
4914,154
4915,92
4916,38
4917,31
4918,13
4919,5
4920,20
4921,41
4922,19
4923,11
4924,9
4925,4
4926,1
4927,3
4928,5
4929,1
4930,0
4931,0
4932,0
4933,0
4934,0
4935,1
4936,50
4937,39
4938,35
4939,25
4940,6
4941,23
4942,38
4943,30
4944,11
4945,10
4946,4
4947,1
4948,6
4949,10
4950,362
4951,152
4952,131
4953,107
4954,81
4955,115
4956,148
4957,223
4958,97
4959,88
4960,61
4961,29
4962,49
4963,58
4964,2
4965,0
4966,0
4967,0
4968,0
4969,0
4970,1
4971,84
4972,44
4973,39
4974,26
4975,11
4976,24
4977,37
4978,27
4979,9
4980,6
4981,0
4982,0
4983,6
4984,12
4985,5
4986,2
4987,2
4988,0
4989,0
4990,0
4991,0
4992,169
4993,84
4994,72
4995,48
4996,15
4997,30
4998,43
4999,77
5000,27
5001,21
5002,12
5003,3
5004,16
5005,32
5006,5
5007,1
5008,1
5009,0
5010,0
5011,1
5012,2
5013,0
5014,0
5015,0
5016,0
5017,0
5018,0
5019,0
5020,393
5021,228
5022,204
5023,187
5024,161
5025,189
5026,210
5027,28
5028,15
5029,13
5030,5
5031,0
5032,5
5033,9
5034,120
5035,37
5036,30
5037,17
5038,8
5039,21
5040,38
5041,3
5042,1
5043,0
5044,0
5045,0
5046,0
5047,1
5048,12
5049,4
5050,3
5051,2
5052,1
5053,3
5054,5
5055,10
5056,4
5057,3
5058,0
5059,0
5060,2
5061,4
5062,110
5063,42
5064,35
5065,24
5066,11
5067,25
5068,42
5069,167
5070,73
5071,64
5072,47
5073,34
5074,46
5075,64
5076,11
5077,4
5078,3
5079,0
5080,0
5081,2
5082,3
5083,12
5084,3
5085,2
5086,1
5087,0
5088,1
5089,2
5090,19
5091,9
5092,7
5093,2
5094,0
5095,1
5096,3
5097,13
5098,6
5099,5
5100,1
5101,0
5102,1
5103,3
5104,0
5105,0
5106,0
5107,0
5108,0
5109,0
5110,0
5111,55
5112,27
5113,24
5114,10
5115,1
5116,13
5117,23
5118,125
5119,53
5120,45
5121,32
5122,11
5123,24
5124,40
5125,51
5126,20
5127,16
5128,6
5129,0
5130,16
5131,28
5132,66
5133,34
5134,32
5135,19
5136,9
5137,26
5138,42
5139,192
5140,80
5141,64
5142,23
5143,6
5144,24
5145,46
5146,88
5147,31
5148,25
5149,8
5150,4
5151,13
5152,23
5153,26
5154,10
5155,8
5156,1
5157,0
5158,5
5159,8
5160,0
5161,0
5162,0
5163,0
5164,0
5165,0
5166,0
5167,16
5168,8
5169,7
5170,0
5171,0
5172,1
5173,3
5174,2
5175,0
5176,0
5177,0
5178,0
5179,0
5180,0
5181,29
5182,13
5183,11
5184,1
5185,0
5186,4
5187,8
5188,55
5189,25
5190,21
5191,7
5192,2
5193,15
5194,26
5195,11
5196,4
5197,3
5198,0
5199,0
5200,1
5201,2
5202,10
5203,4
5204,3
5205,0
5206,0
5207,1
5208,1
5209,7
5210,3
5211,2
5212,0
5213,0
5214,1
5215,2
5216,12
5217,4
5218,3
5219,0
5220,0
5221,1
5222,2
5223,4
5224,1
5225,1
5226,0
5227,0
5228,0
5229,1
5230,89
5231,40
5232,35
5233,18
5234,9
5235,20
5236,32
5237,0
5238,0
5239,0
5240,0
5241,0
5242,0
5243,0
5244,0
5245,0
5246,0
5247,0
5248,0
5249,0
5250,0
5251,14
5252,6
5253,5
5254,1
5255,0
5256,1
5257,2
5258,9
5259,3
5260,2
5261,0
5262,0
5263,0
5264,1
5265,0
5266,0
5267,0
5268,0
5269,0
5270,0
5271,1
5272,15
5273,6
5274,5
5275,0
5276,0
5277,1
5278,3
5279,5
5280,2
5281,1
5282,0
5283,0
5284,0
5285,1
5286,150
5287,64
5288,55
5289,22
5290,6
5291,17
5292,25
5293,6
5294,3
5295,2
5296,0
5297,0
5298,1
5299,2
5300,5
5301,2
5302,1
5303,0
5304,0
5305,0
5306,1
5307,44
5308,21
5309,19
5310,3
5311,0
5312,12
5313,22
5314,37
5315,14
5316,12
5317,5
5318,2
5319,9
5320,14
5321,81
5322,42
5323,38
5324,21
5325,10
5326,26
5327,44
5328,3
5329,1
5330,1
5331,0
5332,0
5333,0
5334,0
5335,17
5336,5
5337,3
5338,0
5339,0
5340,1
5341,3
5342,10
5343,3
5344,2
5345,0
5346,0
5347,1
5348,3
5349,43
5350,18
5351,15
5352,3
5353,0
5354,10
5355,17
5356,4
5357,2
5358,2
5359,0
5360,0
5361,1
5362,3
5363,2
5364,0
5365,0
5366,0
5367,0
5368,0
5369,1
5370,22
5371,8
5372,6
5373,0
5374,0
5375,7
5376,11
5377,17
5378,6
5379,4
5380,0
5381,0
5382,1
5383,4
5384,57
5385,22
5386,17
5387,7
5388,3
5389,11
5390,20
5391,15
5392,4
5393,3
5394,0
5395,0
5396,3
5397,5
5398,4757
5399,3933
5400,2672
5401,2278
5402,1806
5403,3634
5404,3506
5405,7681
5406,6129
5407,4812
5408,4178
5409,3191
5410,5491
5411,5246
5412,1869
5413,1676
5414,1021
5415,882
5416,686
5417,1204
5418,1147
5419,781
5420,607
5421,544
5422,482
5423,355
5424,501
5425,474
5426,2975
5427,2720
5428,1491
5429,1264
5430,868
5431,2013
5432,1949
5433,137
5434,119
5435,104
5436,94
5437,73
5438,94
5439,92
5440,1246
5441,1117
5442,643
5443,577
5444,443
5445,802
5446,779
5447,10240
5448,8743
5449,4621
5450,4018
5451,3300
5452,7767
5453,7542
5454,999
5455,812
5456,788
5457,665
5458,493
5459,736
5460,697
5461,1375
5462,1150
5463,879
5464,756
5465,574
5466,929
5467,886
5468,1860
5469,1645
5470,750
5471,686
5472,519
5473,1388
5474,1318
5475,1650
5476,1405
5477,1177
5478,1016
5479,822
5480,1342
5481,1282
5482,1216
5483,1084
5484,848
5485,706
5486,482
5487,902
5488,862
5489,741
5490,537
5491,727
5492,624
5493,487
5494,481
5495,453
5496,1668
5497,1381
5498,1135
5499,1023
5500,844
5501,1354
5502,1308
5503,284
5504,260
5505,149
5506,134
5507,79
5508,173
5509,157
5510,234
5511,202
5512,151
5513,124
5514,84
5515,142
5516,136
5517,1805
5518,1652
5519,1136
5520,973
5521,641
5522,1305
5523,1253
5524,632
5525,541
5526,442
5527,379
5528,303
5529,420
5530,398
5531,3917
5532,3196
5533,2819
5534,2437
5535,1820
5536,2969
5537,2855
5538,523
5539,456
5540,322
5541,279
5542,226
5543,389
5544,379
5545,1284
5546,1099
5547,706
5548,611
5549,453
5550,745
5551,716
5552,2280
5553,1981
5554,1177
5555,1027
5556,870
5557,1755
5558,1685
5559,2737
5560,2440
5561,2019
5562,1721
5563,1114
5564,2044
5565,1972
5566,575
5567,506
5568,401
5569,360
5570,272
5571,416
5572,397
5573,4466
5574,3715
5575,2562
5576,2267
5577,1891
5578,3467
5579,3322
5580,977
5581,854
5582,566
5583,501
5584,413
5585,712
5586,680
5587,3438
5588,2865
5589,1881
5590,1619
5591,1168
5592,2230
5593,2142
5594,1135
5595,1045
5596,586
5597,506
5598,341
5599,825
5600,800
5601,932
5602,770
5603,655
5604,569
5605,453
5606,767
5607,693
5608,588
5609,473
5610,370
5611,315
5612,185
5613,304
5614,291
5615,2480
5616,2257
5617,1287
5618,1107
5619,880
5620,1765
5621,1711
5622,1818
5623,1547
5624,1046
5625,936
5626,676
5627,1260
5628,1205
5629,1651
5630,1338
5631,1041
5632,914
5633,678
5634,1027
5635,988
5636,180
5637,164
5638,100
5639,88
5640,75
5641,129
5642,126
5643,578
5644,480
5645,451
5646,371
5647,269
5648,376
5649,361
5650,5572
5651,4806
5652,2451
5653,2227
5654,1964
5655,4498
5656,4348
5657,1966
5658,1645
5659,1441
5660,1214
5661,960
5662,1510
5663,1464
5664,14093
5665,11190
5666,6261
5667,5733
5668,4837
5669,10146
5670,9740
5671,2400
5672,1852
5673,1966
5674,1715
5675,1210
5676,1716
5677,1642
5678,6345
5679,5198
5680,2877
5681,2544
5682,2078
5683,4717
5684,4568
5685,1265
5686,1014
5687,909
5688,772
5689,607
5690,980
5691,879
5692,3204
5693,2621
5694,2187
5695,1932
5696,1404
5697,2219
5698,2156
5699,1571
5700,1314
5701,1038
5702,892
5703,686
5704,1146
5705,1107
5706,3015
5707,2743
5708,1336
5709,1147
5710,879
5711,2105
5712,2041
5713,981
5714,816
5715,603
5716,521
5717,361
5718,584
5719,551
5720,390
5721,310
5722,271
5723,220
5724,151
5725,239
5726,231
5727,4301
5728,4104
5729,2256
5730,1998
5731,1490
5732,3403
5733,3287
5734,547
5735,390
5736,499
5737,411
5738,302
5739,353
5740,336
5741,579
5742,505
5743,391
5744,349
5745,268
5746,421
5747,404
5748,248
5749,205
5750,203
5751,178
5752,158
5753,193
5754,183
5755,4694
5756,3779
5757,2583
5758,2249
5759,1954
5760,3737
5761,3551
5762,1640
5763,1385
5764,1135
5765,983
5766,739
5767,1209
5768,1173
5769,1826
5770,1719
5771,585
5772,542
5773,429
5774,1318
5775,1265
5776,685
5777,526
5778,550
5779,446
5780,333
5781,411
5782,378
5783,84
5784,74
5785,58
5786,51
5787,42
5788,57
5789,56
5790,584
5791,553
5792,281
5793,257
5794,203
5795,449
5796,433
5797,3116
5798,2555
5799,1809
5800,1598
5801,1258
5802,2243
5803,2182
5804,1450
5805,1156
5806,795
5807,703
5808,503
5809,983
5810,950
5811,461
5812,409
5813,283
5814,241
5815,179
5816,320
5817,308
5818,6281
5819,5283
5820,3248
5821,2791
5822,2310
5823,4647
5824,4503
5825,3516
5826,3175
5827,1924
5828,1673
5829,1408
5830,2782
5831,2680
5832,1396
5833,1201
5834,914
5835,789
5836,649
5837,1021
5838,982
5839,2351
5840,2129
5841,1109
5842,992
5843,790
5844,1823
5845,1779
5846,21625
5847,17026
5848,10534
5849,9538
5850,8028
5851,15438
5852,14818
5853,1938
5854,1651
5855,1180
5856,970
5857,700
5858,1442
5859,1392
5860,2993
5861,2494
5862,1802
5863,1516
5864,1153
5865,2255
5866,2165
5867,960
5868,751
5869,735
5870,621
5871,458
5872,722
5873,683
5874,815
5875,758
5876,425
5877,381
5878,282
5879,556
5880,530
5881,2652
5882,2460
5883,1369
5884,1184
5885,852
5886,1875
5887,1822
5888,2656
5889,2444
5890,1521
5891,1310
5892,939
5893,2023
5894,1949
5895,1757
5896,1374
5897,1266
5898,1104
5899,931
5900,1409
5901,1360
5902,1000
5903,889
5904,580
5905,511
5906,352
5907,680
5908,651
5909,737
5910,637
5911,466
5912,401
5913,319
5914,514
5915,494
5916,2528
5917,1958
5918,2398
5919,2094
5920,1541
5921,1654
5922,1594
5923,801
5924,732
5925,333
5926,291
5927,226
5928,551
5929,536
5930,935
5931,814
5932,565
5933,495
5934,354
5935,562
5936,535
5937,2341
5938,1905
5939,1646
5940,1463
5941,1170
5942,1813
5943,1730
5944,2135
5945,1812
5946,1544
5947,1335
5948,844
5949,1333
5950,1280
5951,919
5952,784
5953,640
5954,551
5955,456
5956,739
5957,708
5958,3078
5959,2455
5960,2161
5961,1933
5962,1546
5963,2505
5964,2415
5965,5267
5966,4499
5967,2584
5968,2315
5969,2022
5970,4033
5971,3889
5972,403
5973,361
5974,241
5975,211
5976,175
5977,309
5978,288
5979,1890
5980,1452
5981,1203
5982,1056
5983,683
5984,1039
5985,970
5986,444
5987,399
5988,241
5989,210
5990,100
5991,238
5992,230
5993,5955
5994,5059
5995,2758
5996,2422
5997,2029
5998,4766
5999,4558
6000,8991
6001,7318
6002,3798
6003,3439
6004,3006
6005,6767
6006,6535
6007,990
6008,873
6009,603
6010,532
6011,389
6012,701
6013,675
6014,1919
6015,1650
6016,1281
6017,1112
6018,750
6019,1334
6020,1304
6021,1024
6022,816
6023,624
6024,527
6025,379
6026,667
6027,633
6028,1167
6029,971
6030,1024
6031,867
6032,628
6033,724
6034,691
6035,6668
6036,5458
6037,4103
6038,3625
6039,3023
6040,5213
6041,4980
6042,1193
6043,1038
6044,592
6045,536
6046,388
6047,899
6048,839
6049,2304
6050,2038
6051,1134
6052,1009
6053,812
6054,1755
6055,1695
6056,2330
6057,1974
6058,1260
6059,1122
6060,868
6061,1676
6062,1634
6063,942
6064,822
6065,571
6066,476
6067,345
6068,689
6069,659
6070,520
6071,461
6072,334
6073,289
6074,221
6075,355
6076,335
6077,1016
6078,911
6079,582
6080,520
6081,439
6082,732
6083,704
6084,885
6085,780
6086,424
6087,381
6088,318
6089,558
6090,535
6091,3807
6092,3219
6093,2367
6094,2068
6095,1559
6096,2919
6097,2800
6098,112
6099,90
6100,96
6101,81
6102,57
6103,71
6104,68
6105,3575
6106,2951
6107,2554
6108,2215
6109,1642
6110,2579
6111,2494
6112,146
6113,123
6114,116
6115,102
6116,81
6117,105
6118,102
6119,1983
6120,1634
6121,1712
6122,1461
6123,1077
6124,1347
6125,1274
6126,3650
6127,3222
6128,1737
6129,1545
6130,1266
6131,2822
6132,2715
6133,3227
6134,2734
6135,1934
6136,1742
6137,1359
6138,2329
6139,2248
6140,3309
6141,2572
6142,2332
6143,2070
6144,1704
6145,2630
6146,2523
6147,2005
6148,1414
6149,1897
6150,1643
6151,1168
6152,1282
6153,1193
6154,3325
6155,2781
6156,1824
6157,1616
6158,1409
6159,2651
6160,2555
6161,594
6162,576
6163,325
6164,295
6165,220
6166,447
6167,410
6168,2237
6169,1830
6170,1636
6171,1349
6172,1154
6173,1720
6174,1653
6175,340
6176,324
6177,190
6178,174
6179,139
6180,249
6181,234
6182,1740
6183,1278
6184,1477
6185,1308
6186,1064
6187,1438
6188,1374
6189,1700
6190,1318
6191,1339
6192,1158
6193,841
6194,1314
6195,1254
6196,419
6197,394
6198,260
6199,229
6200,170
6201,293
6202,284
6203,1658
6204,1388
6205,1135
6206,991
6207,740
6208,1183
6209,1137
6210,4904
6211,4376
6212,2676
6213,2323
6214,1943
6215,3850
6216,3684
6217,1541
6218,1268
6219,988
6220,863
6221,625
6222,1026
6223,979
6224,1717
6225,1506
6226,1230
6227,1070
6228,837
6229,1221
6230,1166
6231,1075
6232,967
6233,532
6234,470
6235,328
6236,768
6237,737
6238,916
6239,778
6240,415
6241,376
6242,146
6243,260
6244,248
6245,562
6246,500
6247,313
6248,288
6249,181
6250,257
6251,242
6252,693
6253,602
6254,313
6255,287
6256,159
6257,294
6258,279
6259,1042
6260,868
6261,394
6262,371
6263,161
6264,266
6265,250
6266,455
6267,394
6268,173
6269,160
6270,59
6271,95
6272,89
6273,1108
6274,1057
6275,497
6276,454
6277,252
6278,585
6279,544
6280,545
6281,473
6282,247
6283,225
6284,96
6285,153
6286,145
6287,306
6288,276
6289,132
6290,118
6291,41
6292,53
6293,50
6294,1516
6295,1233
6296,601
6297,561
6298,242
6299,435
6300,403
6301,491
6302,461
6303,239
6304,214
6305,95
6306,175
6307,162
6308,527
6309,458
6310,296
6311,266
6312,173
6313,276
6314,261
6315,629
6316,553
6317,239
6318,221
6319,102
6320,232
6321,219
6322,530
6323,467
6324,212
6325,193
6326,80
6327,136
6328,127
6329,1170
6330,985
6331,426
6332,399
6333,231
6334,562
6335,521
6336,908
6337,791
6338,413
6339,381
6340,137
6341,278
6342,259
6343,373
6344,335
6345,187
6346,170
6347,66
6348,86
6349,84
6350,509
6351,444
6352,220
6353,203
6354,99
6355,214
6356,200
6357,398
6358,386
6359,179
6360,167
6361,100
6362,182
6363,170
6364,540
6365,492
6366,248
6367,217
6368,86
6369,134
6370,129
6371,1348
6372,1103
6373,709
6374,614
6375,734
6376,1021
6377,992
6378,1256
6379,1059
6380,559
6381,507
6382,566
6383,717
6384,696
6385,1122
6386,1033
6387,645
6388,563
6389,612
6390,912
6391,881
6392,1431
6393,1213
6394,658
6395,573
6396,625
6397,964
6398,948
6399,976
6400,848
6401,610
6402,550
6403,628
6404,788
6405,762
6406,1363
6407,1116
6408,588
6409,532
6410,600
6411,967
6412,939
6413,1465
6414,1201
6415,751
6416,661
6417,785
6418,1161
6419,1121
6420,1618
6421,1497
6422,548
6423,499
6424,610
6425,1075
6426,1045
6427,2781
6428,2294
6429,1298
6430,1148
6431,1249
6432,1947
6433,1863
6434,3606
6435,2867
6436,1688
6437,1543
6438,1723
6439,2580
6440,2489
6441,1373
6442,1157
6443,604
6444,538
6445,606
6446,957
6447,933
6448,1717
6449,1434
6450,792
6451,698
6452,797
6453,1269
6454,1231
6455,1172
6456,968
6457,519
6458,475
6459,579
6460,848
6461,819
6462,1714
6463,1438
6464,918
6465,826
6466,903
6467,1326
6468,1297
6469,883
6470,757
6471,615
6472,546
6473,572
6474,720
6475,704
6476,1479
6477,1214
6478,937
6479,837
6480,899
6481,1206
6482,1177
6483,4
6484,2
6485,2
6486,0
6487,0
6488,0
6489,0
6490,18
6491,17
6492,17
6493,8
6494,2
6495,3
6496,3
6497,106
6498,51
6499,44
6500,41
6501,25
6502,7
6503,21
6504,21
6505,21
6506,20
6507,5
6508,1
6509,1
6510,0
6511,3
6512,4
6513,5
6514,2
6515,2
6516,0
6517,0
6518,21
6519,15
6520,13
6521,0
6522,0
6523,0
6524,0
6525,10
6526,12
6527,12
6528,4
6529,3
6530,1
6531,1
6532,0
6533,3
6534,3
6535,0
6536,0
6537,1
6538,0
6539,56
6540,30
6541,23
6542,11
6543,4
6544,0
6545,1
6546,7
6547,5
6548,4
6549,0
6550,0
6551,0
6552,0
6553,36
6554,30
6555,29
6556,11
6557,5
6558,10
6559,11
6560,67
6561,34
6562,30
6563,10
6564,4
6565,6
6566,5
6567,7
6568,8
6569,7
6570,1
6571,0
6572,0
6573,0
6574,9
6575,6
6576,5
6577,0
6578,0
6579,0
6580,0
6581,4
6582,7
6583,6
6584,2
6585,2
6586,1
6587,0
6588,6
6589,6
6590,6
6591,3
6592,3
6593,2
6594,2
6595,125
6596,62
6597,50
6598,27
6599,14
6600,3
6601,4
6602,1
6603,4
6604,4
6605,1
6606,1
6607,0
6608,0
6609,15
6610,4
6611,3
6612,0
6613,0
6614,0
6615,0
6616,50
6617,22
6618,17
6619,6
6620,2
6621,2
6622,3
6623,5
6624,4
6625,4
6626,0
6627,0
6628,0
6629,0
6630,0
6631,2
6632,2
6633,0
6634,0
6635,0
6636,0
6637,4
6638,5
6639,4
6640,1
6641,1
6642,0
6643,0
6644,101
6645,40
6646,31
6647,7
6648,3
6649,0
6650,2
6651,117
6652,82
6653,72
6654,53
6655,30
6656,2
6657,5
6658,87
6659,48
6660,39
6661,17
6662,10
6663,0
6664,0
6665,79
6666,43
6667,36
6668,14
6669,9
6670,2
6671,1
6672,3
6673,2
6674,1
6675,0
6676,0
6677,0
6678,0
6679,70
6680,40
6681,36
6682,13
6683,5
6684,5
6685,5
6686,11
6687,11
6688,10
6689,1
6690,1
6691,0
6692,0
6693,1
6694,3
6695,3
6696,0
6697,2
6698,1
6699,0
6700,4
6701,8
6702,8
6703,3
6704,2
6705,1
6706,1
6707,26
6708,24
6709,23
6710,10
6711,4
6712,1
6713,1
6714,37
6715,24
6716,22
6717,11
6718,6
6719,8
6720,8
6721,80
6722,42
6723,36
6724,17
6725,13
6726,10
6727,10
6728,2
6729,4
6730,4
6731,0
6732,2
6733,3
6734,3
6735,1
6736,1
6737,1
6738,0
6739,0
6740,0
6741,0
6742,19
6743,8
6744,5
6745,0
6746,0
6747,1
6748,0
6749,8
6750,4
6751,3
6752,0
6753,0
6754,0
6755,0
6756,34
6757,23
6758,21
6759,5
6760,0
6761,0
6762,1
6763,2
6764,1
6765,1
6766,0
6767,0
6768,0
6769,0
6770,100
6771,50
6772,42
6773,17
6774,9
6775,0
6776,0
6777,0
6778,2
6779,2
6780,1
6781,1
6782,0
6783,0
6784,0
6785,1
6786,1
6787,0
6788,0
6789,0
6790,0
6791,8
6792,6
6793,5
6794,0
6795,0
6796,0
6797,0
6798,75
6799,32
6800,25
6801,13
6802,8
6803,0
6804,0
6805,23
6806,8
6807,6
6808,0
6809,0
6810,0
6811,0
6812,9
6813,4
6814,3
6815,0
6816,0
6817,0
6818,0
6819,0
6820,0
6821,0
6822,0
6823,0
6824,0
6825,0
6826,3
6827,0
6828,0
6829,0
6830,0
6831,0
6832,0
6833,6
6834,1
6835,0
6836,0
6837,0
6838,0
6839,0
6840,10
6841,6
6842,5
6843,0
6844,0
6845,0
6846,0
6847,19
6848,6
6849,4
6850,0
6851,0
6852,0
6853,0
6854,0
6855,0
6856,0
6857,0
6858,0
6859,0
6860,0
6861,0
6862,0
6863,0
6864,0
6865,0
6866,0
6867,0
6868,4
6869,1
6870,1
6871,0
6872,0
6873,0
6874,0
6875,7
6876,2
6877,1
6878,0
6879,0
6880,0
6881,0
6882,45
6883,24
6884,20
6885,10
6886,1
6887,1
6888,1
6889,10
6890,3
6891,2
6892,0
6893,0
6894,0
6895,0
6896,7
6897,3
6898,3
6899,0
6900,0
6901,0
6902,0
6903,25
6904,8
6905,5
6906,0
6907,0
6908,0
6909,0
6910,1
6911,0
6912,0
6913,0
6914,0
6915,0
6916,0
6917,0
6918,0
6919,0
6920,0
6921,0
6922,0
6923,0
6924,0
6925,0
6926,0
6927,0
6928,0
6929,0
6930,0
6931,0
6932,0
6933,0
6934,0
6935,0
6936,0
6937,0
6938,7
6939,2
6940,1
6941,0
6942,0
6943,0
6944,0
6945,34
6946,17
6947,14
6948,1
6949,1
6950,0
6951,0
6952,28
6953,11
6954,8
6955,0
6956,1
6957,0
6958,0
6959,37
6960,17
6961,13
6962,5
6963,1
6964,1
6965,1
6966,7
6967,1
6968,0
6969,0
6970,0
6971,0
6972,0
6973,0
6974,0
6975,0
6976,0
6977,0
6978,0
6979,0
6980,10
6981,3
6982,2
6983,0
6984,0
6985,0
6986,0
6987,9
6988,3
6989,2
6990,0
6991,0
6992,0
6993,0
6994,21
6995,12
6996,10
6997,5
6998,1
6999,0
7000,0
7001,5
7002,0
7003,0
7004,0
7005,0
7006,0
7007,0
7008,6
7009,1
7010,1
7011,0
7012,0
7013,0
7014,0
7015,17
7016,7
7017,6
7018,1
7019,0
7020,0
7021,0
7022,10
7023,4
7024,2
7025,0
7026,0
7027,0
7028,0
7029,42
7030,25
7031,19
7032,12
7033,2
7034,0
7035,0
7036,0
7037,0
7038,0
7039,0
7040,0
7041,0
7042,0
7043,30
7044,13
7045,10
7046,3
7047,1
7048,0
7049,0
7050,13
7051,7
7052,6
7053,3
7054,0
7055,0
7056,0
7057,19
7058,5
7059,3
7060,0
7061,0
7062,0
7063,0
7064,62
7065,25
7066,18
7067,10
7068,0
7069,0
7070,0
7071,0
7072,0
7073,0
7074,0
7075,0
7076,0
7077,0
7078,8
7079,2
7080,2
7081,0
7082,0
7083,0
7084,0
7085,146
7086,73
7087,61
7088,38
7089,0
7090,2
7091,1
7092,33
7093,18
7094,12
7095,3
7096,2
7097,0
7098,0
7099,21
7100,12
7101,8
7102,1
7103,1
7104,0
7105,0
7106,18
7107,8
7108,6
7109,1
7110,0
7111,0
7112,0
7113,0
7114,1
7115,1
7116,0
7117,0
7118,0
7119,0
7120,11
7121,2
7122,1
7123,0
7124,1
7125,0
7126,0
7127,4
7128,1
7129,1
7130,0
7131,0
7132,0
7133,0
7134,27
7135,14
7136,13
7137,4
7138,0
7139,0
7140,0
7141,16
7142,7
7143,6
7144,1
7145,0
7146,0
7147,0
7148,2
7149,1
7150,0
7151,0
7152,0
7153,0
7154,0
7155,3
7156,0
7157,0
7158,0
7159,0
7160,0
7161,0
7162,5
7163,0
7164,0
7165,0
7166,0
7167,0
7168,0
7169,29
7170,14
7171,10
7172,2
7173,0
7174,0
7175,0
7176,18
7177,4
7178,2
7179,0
7180,0
7181,0
7182,0
7183,7
7184,3
7185,2
7186,0
7187,0
7188,0
7189,0
7190,51
7191,29
7192,24
7193,15
7194,0
7195,0
7196,0
7197,97
7198,54
7199,42
7200,27
7201,5
7202,1
7203,1
7204,51
7205,31
7206,24
7207,13
7208,0
7209,0
7210,0
7211,85
7212,55
7213,46
7214,29
7215,0
7216,1
7217,1
7218,19
7219,12
7220,10
7221,3
7222,1
7223,0
7224,0
7225,0
7226,0
7227,0
7228,0
7229,0
7230,0
7231,0
7232,0
7233,0
7234,0
7235,0
7236,0
7237,0
7238,0
7239,1
7240,1
7241,1
7242,0
7243,0
7244,0
7245,0
7246,13
7247,7
7248,5
7249,0
7250,2
7251,0
7252,0
7253,30
7254,13
7255,10
7256,2
7257,1
7258,0
7259,0
7260,42
7261,21
7262,17
7263,9
7264,2
7265,0
7266,0
7267,9
7268,3
7269,3
7270,0
7271,0
7272,0
7273,0
7274,0
7275,0
7276,0
7277,0
7278,0
7279,0
7280,0
7281,2
7282,0
7283,0
7284,0
7285,0
7286,0
7287,0
7288,20
7289,7
7290,5
7291,0
7292,1
7293,0
7294,0
7295,11
7296,3
7297,1
7298,0
7299,0
7300,0
7301,0
7302,1
7303,0
7304,0
7305,0
7306,0
7307,0
7308,0
7309,18
7310,11
7311,11
7312,4
7313,0
7314,0
7315,0
7316,23
7317,9
7318,6
7319,0
7320,0
7321,0
7322,0
7323,50
7324,27
7325,19
7326,7
7327,0
7328,0
7329,0
7330,34
7331,19
7332,14
7333,7
7334,1
7335,0
7336,0
7337,0
7338,0
7339,0
7340,0
7341,0
7342,0
7343,0
7344,14
7345,10
7346,9
7347,2
7348,0
7349,0
7350,0
7351,10
7352,2
7353,1
7354,0
7355,1
7356,0
7357,0
7358,170
7359,155
7360,87
7361,82
7362,64
7363,4
7364,1
7365,439
7366,405
7367,248
7368,234
7369,196
7370,111
7371,99
7372,2
7373,2
7374,1
7375,1
7376,0
7377,0
7378,0
7379,3
7380,3
7381,2
7382,2
7383,0
7384,0
7385,0
7386,1
7387,0
7388,1
7389,1
7390,0
7391,0
7392,0
7393,36
7394,33
7395,7
7396,6
7397,2
7398,0
7399,0
7400,346
7401,324
7402,133
7403,125
7404,100
7405,8
7406,4
7407,43
7408,41
7409,20
7410,19
7411,8
7412,1
7413,1
7414,12
7415,11
7416,4
7417,4
7418,2
7419,0
7420,0
7421,21
7422,20
7423,7
7424,7
7425,3
7426,0
7427,0
7428,55
7429,53
7430,23
7431,21
7432,10
7433,0
7434,0
7435,62
7436,60
7437,26
7438,25
7439,16
7440,1
7441,0
7442,6
7443,4
7444,4
7445,4
7446,0
7447,0
7448,0
7449,49
7450,46
7451,26
7452,25
7453,14
7454,0
7455,0
7456,75
7457,70
7458,44
7459,40
7460,25
7461,0
7462,0
7463,5
7464,4
7465,3
7466,3
7467,0
7468,0
7469,0
7470,47
7471,43
7472,17
7473,16
7474,9
7475,0
7476,0
7477,95
7478,93
7479,50
7480,46
7481,34
7482,0
7483,0
7484,50
7485,46
7486,28
7487,27
7488,15
7489,1
7490,1
7491,8
7492,7
7493,5
7494,4
7495,1
7496,0
7497,0
7498,110
7499,101
7500,42
7501,38
7502,27
7503,0
7504,0
7505,47
7506,44
7507,17
7508,16
7509,11
7510,0
7511,0
7512,7
7513,6
7514,4
7515,4
7516,2
7517,0
7518,0
7519,6
7520,5
7521,4
7522,3
7523,1
7524,0
7525,0
7526,19
7527,16
7528,13
7529,13
7530,5
7531,0
7532,0
7533,2
7534,2
7535,2
7536,2
7537,0
7538,0
7539,0
7540,150
7541,141
7542,52
7543,50
7544,38
7545,5
7546,3
7547,534
7548,480
7549,228
7550,221
7551,174
7552,37
7553,30
7554,34
7555,29
7556,21
7557,20
7558,8
7559,1
7560,1
7561,185
7562,172
7563,68
7564,66
7565,53
7566,2
7567,0
7568,2
7569,2
7570,3
7571,2
7572,0
7573,0
7574,0
7575,18
7576,15
7577,10
7578,10
7579,2
7580,0
7581,0
7582,18
7583,16
7584,13
7585,12
7586,3
7587,0
7588,0
7589,42
7590,38
7591,12
7592,11
7593,3
7594,0
7595,0
7596,8
7597,7
7598,3
7599,3
7600,1
7601,0
7602,0
7603,148
7604,147
7605,60
7606,58
7607,49
7608,3
7609,0
7610,106
7611,97
7612,45
7613,41
7614,30
7615,1
7616,1
7617,14
7618,13
7619,8
7620,7
7621,3
7622,0
7623,0
7624,28
7625,28
7626,6
7627,6
7628,4
7629,0
7630,0
7631,3
7632,1
7633,2
7634,2
7635,0
7636,0
7637,0
7638,24
7639,21
7640,13
7641,13
7642,6
7643,0
7644,0
7645,320
7646,308
7647,139
7648,131
7649,107
7650,29
7651,21
7652,11
7653,10
7654,7
7655,7
7656,1
7657,0
7658,0
7659,5
7660,5
7661,6
7662,5
7663,2
7664,0
7665,0
7666,12
7667,11
7668,7
7669,6
7670,3
7671,0
7672,0
7673,1190
7674,1042
7675,498
7676,450
7677,339
7678,99
7679,76
7680,20
7681,18
7682,10
7683,10
7684,4
7685,0
7686,0
7687,48
7688,44
7689,18
7690,17
7691,8
7692,0
7693,0
7694,28
7695,24
7696,12
7697,11
7698,5
7699,0
7700,0
7701,8
7702,7
7703,2
7704,2
7705,1
7706,0
7707,0
7708,132
7709,127
7710,48
7711,45
7712,29
7713,2
7714,1
7715,38
7716,37
7717,24
7718,23
7719,11
7720,1
7721,0
7722,58
7723,52
7724,29
7725,27
7726,15
7727,0
7728,0
7729,60
7730,56
7731,27
7732,26
7733,15
7734,0
7735,0
7736,71
7737,62
7738,40
7739,36
7740,23
7741,0
7742,0
7743,4
7744,4
7745,2
7746,2
7747,1
7748,0
7749,0
7750,6
7751,5
7752,4
7753,4
7754,0
7755,1
7756,0
7757,10
7758,9
7759,6
7760,6
7761,2
7762,0
7763,0
7764,22
7765,20
7766,10
7767,10
7768,6
7769,0
7770,0
7771,54
7772,48
7773,26
7774,25
7775,15
7776,0
7777,0
7778,169
7779,161
7780,59
7781,56
7782,43
7783,2
7784,0
7785,6
7786,6
7787,3
7788,3
7789,2
7790,0
7791,0
7792,175
7793,165
7794,66
7795,64
7796,51
7797,5
7798,2
7799,492
7800,441
7801,201
7802,196
7803,158
7804,84
7805,72
7806,2
7807,2
7808,1
7809,1
7810,0
7811,0
7812,0
7813,4
7814,3
7815,4
7816,4
7817,1
7818,0
7819,0
7820,9
7821,8
7822,5
7823,5
7824,2
7825,0
7826,0
7827,119
7828,113
7829,53
7830,51
7831,39
7832,0
7833,0
7834,23
7835,20
7836,13
7837,13
7838,4
7839,0
7840,0
7841,28
7842,25
7843,13
7844,13
7845,5
7846,0
7847,0
7848,16
7849,15
7850,8
7851,8
7852,4
7853,0
7854,0
7855,7
7856,6
7857,2
7858,2
7859,1
7860,0
7861,0
7862,2
7863,2
7864,1
7865,1
7866,0
7867,0
7868,0
7869,23
7870,21
7871,6
7872,5
7873,2
7874,0
7875,0
7876,5
7877,4
7878,4
7879,4
7880,1
7881,1
7882,1
7883,2
7884,2
7885,1
7886,1
7887,0
7888,0
7889,0
7890,59
7891,51
7892,42
7893,37
7894,26
7895,0
7896,0
7897,5
7898,4
7899,2
7900,2
7901,0
7902,0
7903,0
7904,63
7905,58
7906,47
7907,45
7908,31
7909,4
7910,2
7911,47
7912,43
7913,14
7914,13
7915,5
7916,0
7917,0
7918,3
7919,2
7920,2
7921,2
7922,0
7923,0
7924,0
7925,47
7926,41
7927,17
7928,15
7929,9
7930,1
7931,1
7932,48
7933,39
7934,24
7935,21
7936,7
7937,0
7938,0
7939,44
7940,41
7941,24
7942,24
7943,15
7944,0
7945,0
7946,17
7947,16
7948,6
7949,6
7950,3
7951,0
7952,0
7953,5
7954,5
7955,4
7956,4
7957,1
7958,0
7959,0
7960,4
7961,4
7962,1
7963,1
7964,0
7965,0
7966,0
7967,2
7968,1
7969,3
7970,3
7971,0
7972,1
7973,1
7974,54
7975,50
7976,23
7977,21
7978,12
7979,0
7980,0
7981,149
7982,146
7983,58
7984,54
7985,41
7986,0
7987,0
7988,3
7989,2
7990,1
7991,1
7992,0
7993,0
7994,0
7995,62
7996,60
7997,29
7998,28
7999,15
8000,0
8001,0
8002,462
8003,679
8004,636
8005,331
8006,292
8007,242
8008,200
8009,389
8010,535
8011,505
8012,272
8013,244
8014,207
8015,169
8016,378
8017,492
8018,478
8019,233
8020,197
8021,171
8022,161
8023,54
8024,65
8025,61
8026,40
8027,35
8028,25
8029,23
8030,97
8031,124
8032,115
8033,41
8034,34
8035,21
8036,18
8037,444
8038,694
8039,648
8040,275
8041,237
8042,199
8043,171
8044,45
8045,57
8046,55
8047,31
8048,28
8049,14
8050,9
8051,55
8052,75
8053,71
8054,34
8055,28
8056,22
8057,17
8058,68
8059,105
8060,101
8061,48
8062,45
8063,35
8064,26
8065,74
8066,100
8067,98
8068,54
8069,48
8070,35
8071,26
8072,317
8073,404
8074,393
8075,196
8076,166
8077,131
8078,118
8079,57
8080,65
8081,63
8082,42
8083,38
8084,30
8085,26
8086,6
8087,8
8088,8
8089,6
8090,5
8091,3
8092,2
8093,6
8094,8
8095,7
8096,4
8097,3
8098,1
8099,0
8100,95
8101,138
8102,138
8103,75
8104,66
8105,53
8106,39
8107,229
8108,296
8109,279
8110,160
8111,139
8112,108
8113,95
8114,44
8115,67
8116,64
8117,33
8118,31
8119,20
8120,15
8121,435
8122,522
8123,510
8124,293
8125,250
8126,213
8127,194
8128,168
8129,248
8130,243
8131,119
8132,108
8133,93
8134,72
8135,155
8136,241
8137,228
8138,114
8139,97
8140,78
8141,58
8142,16
8143,22
8144,22
8145,13
8146,13
8147,7
8148,4
8149,10
8150,13
8151,13
8152,8
8153,7
8154,5
8155,3
8156,38
8157,47
8158,45
8159,21
8160,18
8161,10
8162,9
8163,30
8164,47
8165,46
8166,20
8167,19
8168,13
8169,7
8170,257
8171,338
8172,325
8173,161
8174,139
8175,105
8176,92
8177,38
8178,51
8179,48
8180,24
8181,21
8182,14
8183,9
8184,14
8185,18
8186,18
8187,9
8188,9
8189,6
8190,4
8191,4
8192,6
8193,6
8194,4
8195,4
8196,1
8197,0
8198,77
8199,133
8200,127
8201,51
8202,46
8203,36
8204,27
8205,73
8206,99
8207,96
8208,55
8209,48
8210,37
8211,25
8212,952
8213,1491
8214,1336
8215,571
8216,507
8217,419
8218,343
8219,139
8220,169
8221,161
8222,114
8223,103
8224,86
8225,66
8226,446
8227,645
8228,582
8229,260
8230,230
8231,191
8232,172
8233,14
8234,16
8235,15
8236,10
8237,9
8238,6
8239,4
8240,14
8241,19
8242,18
8243,10
8244,10
8245,6
8246,3
8247,143
8248,178
8249,171
8250,105
8251,89
8252,66
8253,54
8254,588
8255,811
8256,805
8257,357
8258,308
8259,244
8260,214
8261,29
8262,34
8263,31
8264,23
8265,22
8266,15
8267,10
8268,38
8269,45
8270,42
8271,25
8272,22
8273,17
8274,15
8275,38
8276,63
8277,60
8278,29
8279,27
8280,20
8281,14
8282,19
8283,32
8284,31
8285,19
8286,18
8287,10
8288,7
8289,23
8290,38
8291,38
8292,14
8293,13
8294,10
8295,7
8296,43
8297,61
8298,58
8299,27
8300,23
8301,16
8302,11
8303,25
8304,33
8305,31
8306,15
8307,13
8308,10
8309,6
8310,367
8311,503
8312,464
8313,214
8314,184
8315,146
8316,129
8317,64
8318,95
8319,91
8320,41
8321,34
8322,26
8323,19
8324,72
8325,88
8326,83
8327,48
8328,42
8329,34
8330,29
8331,128
8332,171
8333,164
8334,80
8335,72
8336,54
8337,43
8338,2391
8339,3376
8340,3043
8341,1403
8342,1226
8343,997
8344,843
8345,100
8346,141
8347,135
8348,71
8349,63
8350,54
8351,44
8352,121
8353,178
8354,170
8355,86
8356,77
8357,64
8358,51
8359,35
8360,43
8361,40
8362,25
8363,22
8364,13
8365,8
8366,400
8367,577
8368,563
8369,253
8370,218
8371,177
8372,147
8373,133
8374,159
8375,150
8376,80
8377,70
8378,57
8379,47
8380,58
8381,70
8382,65
8383,47
8384,44
8385,28
8386,15
8387,713
8388,715
8389,652
8390,488
8391,421
8392,335
8393,311
8394,101
8395,121
8396,112
8397,69
8398,60
8399,48
8400,41
8401,12
8402,14
8403,14
8404,10
8405,10
8406,4
8407,3
8408,11
8409,12
8410,12
8411,7
8412,6
8413,2
8414,0
8415,110
8416,144
8417,138
8418,91
8419,83
8420,68
8421,53
8422,9
8423,13
8424,13
8425,6
8426,5
8427,3
8428,2
8429,23
8430,28
8431,27
8432,17
8433,16
8434,7
8435,3
8436,291
8437,458
8438,422
8439,162
8440,139
8441,113
8442,97
8443,956
8444,1407
8445,1261
8446,537
8447,474
8448,401
8449,355
8450,11
8451,14
8452,14
8453,8
8454,7
8455,4
8456,2
8457,72
8458,111
8459,110
8460,61
8461,57
8462,35
8463,19
8464,319
8465,475
8466,450
8467,212
8468,182
8469,151
8470,123
8471,107
8472,160
8473,153
8474,70
8475,65
8476,57
8477,47
8478,114
8479,147
8480,140
8481,67
8482,58
8483,47
8484,43
8485,56
8486,88
8487,85
8488,42
8489,39
8490,30
8491,18
8492,344
8493,478
8494,456
8495,216
8496,180
8497,142
8498,120
8499,49
8500,55
8501,52
8502,32
8503,27
8504,19
8505,17
8506,170
8507,224
8508,219
8509,136
8510,119
8511,101
8512,85
8513,171
8514,202
8515,190
8516,118
8517,100
8518,81
8519,67
8520,20
8521,32
8522,31
8523,14
8524,13
8525,7
8526,4
8527,285
8528,384
8529,365
8530,210
8531,186
8532,156
8533,127
8534,91
8535,92
8536,81
8537,68
8538,59
8539,41
8540,25
8541,91
8542,149
8543,142
8544,66
8545,59
8546,50
8547,39
8548,18
8549,24
8550,23
8551,9
8552,8
8553,4
8554,3
8555,7
8556,7
8557,7
8558,4
8559,4
8560,3
8561,2
8562,177
8563,257
8564,247
8565,115
8566,100
8567,84
8568,71
8569,156
8570,189
8571,179
8572,85
8573,73
8574,57
8575,48
8576,136
8577,175
8578,173
8579,109
8580,95
8581,77
8582,63
8583,144
8584,207
8585,188
8586,96
8587,88
8588,45
8589,47
8590,74
8591,122
8592,112
8593,50
8594,48
8595,30
8596,29
8597,374
8598,468
8599,443
8600,201
8601,170
8602,106
8603,91
8604,87
8605,155
8606,144
8607,54
8608,50
8609,25
8610,21
8611,92
8612,132
8613,124
8614,56
8615,51
8616,25
8617,21
8618,102
8619,183
8620,161
8621,62
8622,57
8623,26
8624,24
8625,35
8626,50
8627,46
8628,26
8629,25
8630,21
8631,34
8632,39
8633,67
8634,64
8635,24
8636,23
8637,10
8638,15
8639,207
8640,341
8641,304
8642,120
8643,104
8644,51
8645,39
8646,142
8647,226
8648,200
8649,84
8650,75
8651,38
8652,28
8653,74
8654,128
8655,118
8656,44
8657,41
8658,19
8659,19
8660,51
8661,83
8662,77
8663,32
8664,30
8665,17
8666,16
8667,32
8668,48
8669,43
8670,22
8671,21
8672,23
8673,28
8674,62
8675,97
8676,90
8677,42
8678,39
8679,18
8680,20
8681,72
8682,102
8683,95
8684,49
8685,44
8686,18
8687,20
8688,39
8689,53
8690,48
8691,27
8692,25
8693,13
8694,28
8695,20
8696,20
8697,13
8698,13
8699,0
8700,0
8701,0
8702,192
8703,183
8704,74
8705,72
8706,42
8707,4
8708,4
8709,106
8710,101
8711,34
8712,33
8713,15
8714,0
8715,0
8716,29
8717,28
8718,12
8719,11
8720,1
8721,0
8722,0
8723,5
8724,5
8725,3
8726,3
8727,0
8728,0
8729,0
8730,14
8731,13
8732,7
8733,7
8734,0
8735,0
8736,0
8737,33
8738,32
8739,15
8740,15
8741,1
8742,0
8743,0
8744,5
8745,5
8746,2
8747,2
8748,0
8749,0
8750,0
8751,68
8752,64
8753,35
8754,36
8755,2
8756,1
8757,2
8758,54
8759,52
8760,22
8761,22
8762,2
8763,0
8764,0
8765,29
8766,28
8767,15
8768,14
8769,0
8770,0
8771,0
8772,12
8773,12
8774,5
8775,6
8776,0
8777,0
8778,0
8779,23
8780,23
8781,12
8782,12
8783,0
8784,0
8785,0
8786,20
8787,19
8788,8
8789,8
8790,0
8791,0
8792,0
8793,10
8794,10
8795,3
8796,3
8797,0
8798,0
8799,0
8800,2
8801,2
8802,1
8803,1
8804,0
8805,0
8806,0
8807,189
8808,175
8809,60
8810,54
8811,20
8812,0
8813,0
8814,3
8815,3
8816,2
8817,2
8818,0
8819,0
8820,0
8821,52
8822,49
8823,15
8824,14
8825,3
8826,0
8827,0
8828,3
8829,3
8830,2
8831,2
8832,0
8833,0
8834,0
8835,10
8836,9
8837,6
8838,6
8839,0
8840,0
8841,0
8842,150
8843,140
8844,53
8845,53
8846,26
8847,3
8848,3
8849,3
8850,3
8851,1
8852,1
8853,0
8854,0
8855,0
8856,36
8857,35
8858,11
8859,11
8860,1
8861,0
8862,0
8863,8
8864,7
8865,4
8866,4
8867,0
8868,0
8869,0
8870,4
8871,4
8872,2
8873,1
8874,0
8875,0
8876,0
8877,70
8878,67
8879,35
8880,33
8881,10
8882,0
8883,0
8884,5
8885,5
8886,3
8887,3
8888,0
8889,0
8890,0
8891,3
8892,3
8893,1
8894,1
8895,0
8896,0
8897,0
8898,85
8899,39
8900,34
8901,16
8902,6
8903,0
8904,0
8905,76
8906,37
8907,34
8908,28
8909,10
8910,0
8911,0
8912,27
8913,7
8914,4
8915,0
8916,0
8917,0
8918,0
8919,129
8920,46
8921,39
8922,19
8923,9
8924,3
8925,4
8926,10
8927,1
8928,1
8929,0
8930,0
8931,1
8932,2
8933,84
8934,33
8935,30
8936,15
8937,7
8938,5
8939,6
8940,3
8941,1
8942,1
8943,1
8944,2
8945,2
8946,3
8947,30
8948,10
8949,7
8950,2
8951,0
8952,2
8953,2
8954,75
8955,19
8956,15
8957,7
8958,4
8959,0
8960,4
8961,16
8962,9
8963,8
8964,0
8965,3
8966,2
8967,1
8968,65
8969,25
8970,21
8971,10
8972,3
8973,0
8974,0
8975,82
8976,40
8977,36
8978,23
8979,8
8980,3
8981,3
8982,20
8983,8
8984,7
8985,2
8986,1
8987,1
8988,2
8989,180
8990,93
8991,82
8992,65
8993,44
8994,36
8995,38
8996,6
8997,2
8998,2
8999,1
9000,1
9001,1
9002,2
9003,144
9004,72
9005,65
9006,46
9007,31
9008,25
9009,27
9010,76
9011,28
9012,24
9013,14
9014,8
9015,3
9016,6
9017,13
9018,5
9019,4
9020,3
9021,3
9022,4
9023,7
9024,0
9025,0
9026,0
9027,0
9028,2
9029,2
9030,2
9031,101
9032,46
9033,43
9034,28
9035,16
9036,4
9037,4
9038,17
9039,7
9040,6
9041,0
9042,0
9043,6
9044,8
9045,140
9046,58
9047,50
9048,32
9049,25
9050,20
9051,27
9052,82
9053,41
9054,38
9055,26
9056,13
9057,7
9058,8
9059,49
9060,13
9061,11
9062,0
9063,0
9064,0
9065,1
9066,148
9067,61
9068,53
9069,29
9070,21
9071,16
9072,24
9073,16
9074,7
9075,6
9076,0
9077,0
9078,0
9079,0
9080,131
9081,47
9082,41
9083,24
9084,13
9085,5
9086,7
9087,515
9088,210
9089,186
9090,124
9091,98
9092,72
9093,85
9094,85
9095,58
9096,52
9097,35
9098,17
9099,12
9100,9
9101,76
9102,28
9103,25
9104,15
9105,12
9106,2
9107,3
9108,61
9109,28
9110,22
9111,10
9112,3
9113,1
9114,0
9115,13
9116,3
9117,3
9118,0
9119,2
9120,5
9121,10
9122,4
9123,1
9124,1
9125,0
9126,1
9127,1
9128,3
9129,212
9130,86
9131,79
9132,51
9133,27
9134,22
9135,21
9136,16
9137,13
9138,13
9139,7
9140,0
9141,2
9142,1
9143,2
9144,1
9145,1
9146,0
9147,1
9148,1
9149,1
9150,134
9151,55
9152,48
9153,34
9154,17
9155,14
9156,15
9157,6
9158,2
9159,2
9160,1
9161,2
9162,2
9163,4
9164,27
9165,9
9166,7
9167,5
9168,1
9169,1
9170,1
9171,50
9172,19
9173,17
9174,7
9175,3
9176,1
9177,2
9178,136
9179,59
9180,56
9181,36
9182,24
9183,11
9184,13
9185,8
9186,2
9187,2
9188,0
9189,5
9190,6
9191,12
9192,117
9193,40
9194,34
9195,16
9196,7
9197,5
9198,12
9199,159
9200,70
9201,66
9202,57
9203,21
9204,10
9205,10
9206,72
9207,35
9208,30
9209,15
9210,11
9211,4
9212,3
9213,110
9214,53
9215,47
9216,33
9217,22
9218,16
9219,15
9220,135
9221,77
9222,67
9223,43
9224,25
9225,15
9226,16
9227,51
9228,23
9229,20
9230,10
9231,1
9232,1
9233,1
9234,96
9235,51
9236,45
9237,31
9238,20
9239,11
9240,10
9241,19
9242,4
9243,2
9244,0
9245,2
9246,3
9247,7
9248,98
9249,78
9250,69
9251,48
9252,24
9253,16
9254,9
9255,89
9256,25
9257,19
9258,9
9259,3
9260,1
9261,5
9262,7
9263,0
9264,0
9265,0
9266,0
9267,1
9268,1
9269,169
9270,76
9271,68
9272,49
9273,30
9274,22
9275,22
9276,2
9277,0
9278,0
9279,0
9280,1
9281,1
9282,1
9283,191
9284,107
9285,94
9286,75
9287,46
9288,34
9289,34
9290,109
9291,40
9292,35
9293,21
9294,13
9295,5
9296,6
9297,26
9298,9
9299,7
9300,2
9301,0
9302,1
9303,2
9304,129
9305,51
9306,46
9307,29
9308,14
9309,8
9310,8
9311,107
9312,42
9313,37
9314,34
9315,13
9316,4
9317,4
9318,24
9319,10
9320,8
9321,5
9322,1
9323,1
9324,1
9325,116
9326,64
9327,61
9328,40
9329,25
9330,15
9331,15
9332,42
9333,14
9334,11
9335,0
9336,0
9337,0
9338,0
9339,37
9340,11
9341,10
9342,0
9343,0
9344,1
9345,2
9346,15
9347,6
9348,6
9349,0
9350,1
9351,2
9352,3
9353,57
9354,19
9355,15
9356,7
9357,1
9358,0
9359,0
9360,108
9361,36
9362,30
9363,18
9364,9
9365,4
9366,8
9367,0
9368,0
9369,0
9370,0
9371,2
9372,3
9373,3
9374,35
9375,17
9376,15
9377,9
9378,1
9379,2
9380,2
9381,31
9382,9
9383,7
9384,0
9385,0
9386,0
9387,0
9388,92
9389,47
9390,41
9391,32
9392,10
9393,3
9394,3
9395,128
9396,84
9397,76
9398,56
9399,33
9400,17
9401,14
9402,101
9403,36
9404,30
9405,13
9406,8
9407,0
9408,0
9409,57
9410,26
9411,21
9412,14
9413,2
9414,1
9415,1
9416,29
9417,9
9418,8
9419,1
9420,2
9421,1
9422,1
9423,74
9424,28
9425,25
9426,14
9427,5
9428,0
9429,0
9430,25
9431,8
9432,6
9433,0
9434,0
9435,4
9436,4
9437,26
9438,6
9439,5
9440,1
9441,0
9442,0
9443,2
9444,186
9445,78
9446,68
9447,47
9448,25
9449,16
9450,20
9451,20
9452,5
9453,4
9454,0
9455,0
9456,2
9457,2
9458,20
9459,13
9460,12
9461,1
9462,1
9463,1
9464,1
9465,89
9466,46
9467,41
9468,33
9469,10
9470,6
9471,6
9472,195
9473,186
9474,165
9475,150
9476,131
9477,161
9478,115
9479,719
9480,661
9481,670
9482,600
9483,552
9484,655
9485,463
9486,163
9487,156
9488,140
9489,133
9490,90
9491,95
9492,76
9493,765
9494,741
9495,647
9496,587
9497,473
9498,621
9499,417
9500,1158
9501,1079
9502,919
9503,857
9504,810
9505,1105
9506,716
9507,97
9508,92
9509,81
9510,70
9511,43
9512,67
9513,29
9514,68
9515,65
9516,71
9517,64
9518,40
9519,48
9520,29
9521,160
9522,154
9523,158
9524,148
9525,124
9526,137
9527,98
9528,193
9529,188
9530,167
9531,154
9532,128
9533,165
9534,102
9535,45
9536,40
9537,34
9538,31
9539,15
9540,24
9541,12
9542,209
9543,200
9544,210
9545,189
9546,153
9547,172
9548,121
9549,373
9550,357
9551,327
9552,298
9553,285
9554,344
9555,239
9556,667
9557,664
9558,705
9559,608
9560,507
9561,618
9562,406
9563,230
9564,216
9565,203
9566,182
9567,166
9568,190
9569,142
9570,763
9571,685
9572,668
9573,616
9574,594
9575,757
9576,511
9577,214
9578,203
9579,176
9580,160
9581,130
9582,198
9583,104
9584,398
9585,386
9586,357
9587,325
9588,287
9589,353
9590,245
9591,257
9592,240
9593,259
9594,233
9595,222
9596,248
9597,183
9598,235
9599,226
9600,186
9601,172
9602,148
9603,202
9604,125
9605,692
9606,650
9607,603
9608,556
9609,506
9610,595
9611,427
9612,266
9613,243
9614,236
9615,222
9616,198
9617,204
9618,165
9619,946
9620,872
9621,736
9622,695
9623,700
9624,953
9625,629
9626,302
9627,280
9628,299
9629,260
9630,234
9631,266
9632,198
9633,1906
9634,1649
9635,1433
9636,1404
9637,1305
9638,1715
9639,1172
9640,559
9641,492
9642,627
9643,556
9644,495
9645,523
9646,395
9647,697
9648,606
9649,536
9650,505
9651,492
9652,693
9653,433
9654,410
9655,384
9656,405
9657,369
9658,323
9659,360
9660,262
9661,265
9662,240
9663,252
9664,222
9665,188
9666,212
9667,150
9668,422
9669,400
9670,307
9671,277
9672,243
9673,364
9674,211
9675,241
9676,223
9677,190
9678,172
9679,142
9680,163
9681,123
9682,58
9683,52
9684,54
9685,49
9686,31
9687,32
9688,25
9689,747
9690,757
9691,664
9692,607
9693,521
9694,709
9695,430
9696,60
9697,50
9698,61
9699,54
9700,38
9701,35
9702,30
9703,844
9704,761
9705,758
9706,688
9707,709
9708,864
9709,600
9710,244
9711,233
9712,225
9713,207
9714,169
9715,181
9716,145
9717,175
9718,174
9719,101
9720,99
9721,91
9722,132
9723,84
9724,395
9725,362
9726,376
9727,344
9728,310
9729,357
9730,256
9731,207
9732,180
9733,176
9734,167
9735,139
9736,175
9737,121
9738,897
9739,816
9740,757
9741,688
9742,644
9743,852
9744,556
9745,210
9746,205
9747,175
9748,161
9749,138
9750,191
9751,115
9752,419
9753,405
9754,337
9755,315
9756,287
9757,414
9758,254
9759,1389
9760,1191
9761,1070
9762,1022
9763,897
9764,1191
9765,777
9766,269
9767,255
9768,228
9769,203
9770,183
9771,228
9772,162
9773,679
9774,593
9775,614
9776,533
9777,447
9778,576
9779,378
9780,620
9781,567
9782,654
9783,575
9784,509
9785,554
9786,411
9787,732
9788,727
9789,673
9790,602
9791,534
9792,643
9793,446
9794,280
9795,273
9796,244
9797,229
9798,199
9799,234
9800,165
9801,419
9802,350
9803,522
9804,446
9805,362
9806,356
9807,253
9808,274
9809,264
9810,202
9811,192
9812,181
9813,228
9814,167
9815,231
9816,219
9817,205
9818,189
9819,161
9820,177
9821,124
9822,217
9823,198
9824,210
9825,192
9826,175
9827,208
9828,137
9829,422
9830,408
9831,418
9832,378
9833,301
9834,307
9835,243
9836,249
9837,231
9838,227
9839,211
9840,185
9841,218
9842,163
9843,589
9844,558
9845,485
9846,449
9847,431
9848,546
9849,368
9850,430
9851,371
9852,385
9853,353
9854,299
9855,313
9856,242
9857,974
9858,890
9859,767
9860,703
9861,669
9862,940
9863,589
9864,585
9865,510
9866,425
9867,411
9868,394
9869,528
9870,348
9871,193
9872,183
9873,171
9874,152
9875,130
9876,165
9877,105
9878,363
9879,342
9880,319
9881,296
9882,275
9883,309
9884,237
9885,237
9886,198
9887,218
9888,191
9889,167
9890,200
9891,135
9892,194
9893,189
9894,223
9895,198
9896,145
9897,135
9898,111
9899,607
9900,555
9901,543
9902,499
9903,450
9904,578
9905,366
9906,190
9907,177
9908,133
9909,129
9910,118
9911,155
9912,107
9913,411
9914,378
9915,355
9916,334
9917,313
9918,363
9919,267
9920,125
9921,118
9922,111
9923,96
9924,74
9925,100
9926,51
9927,118
9928,112
9929,103
9930,96
9931,70
9932,78
9933,55
9934,534
9935,517
9936,520
9937,473
9938,451
9939,516
9940,370
9941,340
9942,323
9943,327
9944,294
9945,272
9946,300
9947,234
9948,319
9949,304
9950,368
9951,321
9952,273
9953,274
9954,205
9955,159
9956,155
9957,128
9958,120
9959,76
9960,104
9961,66
9962,744
9963,671
9964,646
9965,598
9966,577
9967,666
9968,497
9969,593
9970,522
9971,599
9972,540
9973,498
9974,579
9975,409
9976,331
9977,277
9978,368
9979,320
9980,266
9981,251
9982,206
9983,250
9984,240
9985,228
9986,217
9987,209
9988,244
9989,175
9990,227
9991,215
9992,230
9993,199
9994,167
9995,180
9996,135
9997,105
9998,101
9999,80
10000,73
10001,55
10002,64
10003,43
10004,212
10005,181
10006,217
10007,195
10008,183
10009,220
10010,142
10011,295
10012,269
10013,315
10014,281
10015,236
10016,264
10017,198
10018,793
10019,749
10020,683
10021,618
10022,605
10023,768
10024,512
10025,218
10026,210
10027,182
10028,163
10029,138
10030,205
10031,102
10032,437
10033,420
10034,366
10035,341
10036,306
10037,363
10038,251
10039,311
10040,288
10041,115
10042,109
10043,79
10044,58
10045,77
10046,642
10047,581
10048,261
10049,237
10050,203
10051,168
10052,203
10053,13
10054,12
10055,6
10056,6
10057,1
10058,0
10059,2
10060,18
10061,18
10062,7
10063,7
10064,1
10065,0
10066,1
10067,721
10068,661
10069,205
10070,182
10071,152
10072,113
10073,155
10074,15
10075,15
10076,10
10077,9
10078,3
10079,1
10080,1
10081,44
10082,43
10083,17
10084,16
10085,9
10086,2
10087,6
10088,44
10089,42
10090,14
10091,13
10092,7
10093,1
10094,4
10095,103
10096,101
10097,48
10098,46
10099,21
10100,5
10101,24
10102,139
10103,135
10104,57
10105,53
10106,36
10107,25
10108,45
10109,31
10110,29
10111,16
10112,15
10113,3
10114,1
10115,4
10116,108
10117,101
10118,47
10119,43
10120,33
10121,12
10122,32
10123,48
10124,47
10125,23
10126,22
10127,10
10128,2
10129,7
10130,149
10131,138
10132,52
10133,47
10134,31
10135,17
10136,38
10137,66
10138,64
10139,23
10140,22
10141,10
10142,2
10143,10
10144,44
10145,43
10146,19
10147,19
10148,9
10149,3
10150,6
10151,163
10152,156
10153,64
10154,58
10155,44
10156,27
10157,43
10158,162
10159,158
10160,60
10161,58
10162,43
10163,21
10164,42
10165,26
10166,24
10167,8
10168,7
10169,2
10170,0
10171,2
10172,153
10173,142
10174,48
10175,42
10176,27
10177,11
10178,34
10179,45
10180,45
10181,20
10182,20
10183,10
10184,1
10185,3
10186,13
10187,13
10188,7
10189,7
10190,3
10191,0
10192,2
10193,9
10194,8
10195,4
10196,3
10197,1
10198,0
10199,0
10200,42
10201,41
10202,16
10203,16
10204,5
10205,1
10206,6
10207,80
10208,78
10209,33
10210,31
10211,16
10212,3
10213,17
10214,32
10215,30
10216,13
10217,12
10218,6
10219,1
10220,3
10221,274
10222,254
10223,77
10224,71
10225,56
10226,44
10227,62
10228,19
10229,20
10230,13
10231,13
10232,6
10233,2
10234,2
10235,1260
10236,1115
10237,386
10238,342
10239,272
10240,231
10241,290
10242,154
10243,138
10244,67
10245,60
10246,44
10247,18
10248,35
10249,546
10250,491
10251,166
10252,151
10253,125
10254,101
10255,129
10256,44
10257,43
10258,21
10259,20
10260,9
10261,2
10262,7
10263,95
10264,88
10265,39
10266,35
10267,22
10268,12
10269,28
10270,188
10271,178
10272,50
10273,44
10274,32
10275,18
10276,43
10277,70
10278,67
10279,23
10280,20
10281,7
10282,1
10283,13
10284,591
10285,585
10286,191
10287,187
10288,147
10289,115
10290,158
10291,22
10292,20
10293,12
10294,11
10295,5
10296,0
10297,2
10298,23
10299,21
10300,9
10301,9
10302,5
10303,1
10304,2
10305,207
10306,191
10307,64
10308,55
10309,42
10310,31
10311,46
10312,46
10313,45
10314,20
10315,19
10316,9
10317,2
10318,6
10319,85
10320,83
10321,24
10322,22
10323,15
10324,5
10325,14
10326,40
10327,37
10328,14
10329,13
10330,3
10331,1
10332,8
10333,35
10334,34
10335,15
10336,14
10337,6
10338,1
10339,3
10340,15
10341,14
10342,6
10343,6
10344,3
10345,0
10346,1
10347,394
10348,364
10349,137
10350,126
10351,99
10352,72
10353,89
10354,150
10355,143
10356,44
10357,37
10358,26
10359,15
10360,35
10361,85
10362,84
10363,32
10364,30
10365,16
10366,3
10367,16
10368,2174
10369,1922
10370,742
10371,648
10372,491
10373,381
10374,525
10375,105
10376,101
10377,40
10378,37
10379,22
10380,11
10381,30
10382,101
10383,99
10384,38
10385,36
10386,18
10387,6
10388,20
10389,166
10390,162
10391,55
10392,51
10393,25
10394,15
10395,40
10396,86
10397,85
10398,37
10399,35
10400,17
10401,5
10402,20
10403,68
10404,64
10405,34
10406,32
10407,15
10408,2
10409,15
10410,139
10411,128
10412,56
10413,50
10414,37
10415,17
10416,35
10417,167
10418,149
10419,89
10420,82
10421,50
10422,26
10423,45
10424,11
10425,11
10426,4
10427,4
10428,2
10429,0
10430,1
10431,32
10432,32
10433,16
10434,16
10435,6
10436,1
10437,2
10438,83
10439,76
10440,36
10441,32
10442,22
10443,6
10444,23
10445,45
10446,44
10447,23
10448,23
10449,9
10450,2
10451,7
10452,11
10453,10
10454,4
10455,3
10456,1
10457,0
10458,1
10459,187
10460,176
10461,80
10462,73
10463,56
10464,37
10465,55
10466,251
10467,233
10468,72
10469,68
10470,49
10471,34
10472,48
10473,6
10474,6
10475,4
10476,3
10477,1
10478,0
10479,0
10480,319
10481,292
10482,93
10483,84
10484,62
10485,37
10486,52
10487,1096
10488,995
10489,339
10490,298
10491,245
10492,229
10493,301
10494,9
10495,9
10496,5
10497,4
10498,2
10499,0
10500,1
10501,134
10502,129
10503,47
10504,45
10505,28
10506,13
10507,36
10508,6
10509,6
10510,3
10511,3
10512,1
10513,0
10514,1
10515,331
10516,311
10517,117
10518,110
10519,85
10520,51
10521,69
10522,192
10523,182
10524,55
10525,48
10526,37
10527,31
10528,50
10529,61
10530,59
10531,26
10532,25
10533,9
10534,1
10535,8
10536,10
10537,10
10538,4
10539,4
10540,2
10541,0
10542,1
10543,12
10544,12
10545,6
10546,6
10547,3
10548,0
10549,2
10550,122
10551,118
10552,49
10553,47
10554,22
10555,2
10556,27
10557,187
10558,175
10559,83
10560,77
10561,55
10562,32
10563,44
10564,210
10565,200
10566,112
10567,104
10568,77
10569,57
10570,71
10571,89
10572,85
10573,26
10574,24
10575,12
10576,1
10577,14
10578,66
10579,63
10580,26
10581,24
10582,13
10583,2
10584,13
10585,180
10586,165
10587,68
10588,60
10589,44
10590,28
10591,42
10592,84
10593,74
10594,33
10595,31
10596,11
10597,2
10598,22
10599,125
10600,120
10601,49
10602,47
10603,29
10604,12
10605,31
10606,34
10607,34
10608,13
10609,13
10610,6
10611,2
10612,4
10613,40
10614,39
10615,20
10616,19
10617,8
10618,1
10619,4
10620,95
10621,88
10622,47
10623,45
10624,30
10625,18
10626,37
10627,94
10628,91
10629,41
10630,40
10631,21
10632,3
10633,21
10634,85
10635,83
10636,39
10637,37
10638,22
10639,4
10640,18
10641,139
10642,134
10643,46
10644,44
10645,27
10646,13
10647,37
10648,9
10649,9
10650,4
10651,4
10652,1
10653,0
10654,1
10655,28
10656,28
10657,14
10658,14
10659,6
10660,1
10661,3
10662,1656
10663,1503
10664,1639
10665,1271
10666,1228
10667,1412
10668,1372
10669,1332
10670,1171
10671,1324
10672,1005
10673,946
10674,1153
10675,1159
10676,582
10677,558
10678,574
10679,452
10680,402
10681,320
10682,309
10683,81
10684,72
10685,75
10686,61
10687,51
10688,12
10689,14
10690,864
10691,837
10692,855
10693,678
10694,634
10695,515
10696,497
10697,303
10698,284
10699,295
10700,234
10701,215
10702,107
10703,102
10704,2796
10705,2557
10706,2653
10707,2142
10708,2091
10709,2268
10710,2200
10711,108
10712,99
10713,111
10714,85
10715,72
10716,25
10717,30
10718,169
10719,156
10720,175
10721,138
10722,129
10723,51
10724,59
10725,373
10726,355
10727,348
10728,298
10729,289
10730,227
10731,226
10732,302
10733,282
10734,328
10735,246
10736,251
10737,253
10738,250
10739,356
10740,358
10741,382
10742,287
10743,264
10744,299
10745,309
10746,158
10747,154
10748,145
10749,133
10750,114
10751,46
10752,40
10753,716
10754,634
10755,712
10756,548
10757,524
10758,519
10759,521
10760,280
10761,267
10762,274
10763,218
10764,183
10765,162
10766,165
10767,120
10768,116
10769,117
10770,105
10771,87
10772,38
10773,47
10774,693
10775,698
10776,722
10777,561
10778,533
10779,627
10780,636
10781,350
10782,321
10783,359
10784,265
10785,231
10786,271
10787,278
10788,498
10789,453
10790,519
10791,401
10792,378
10793,410
10794,407
10795,157
10796,144
10797,160
10798,124
10799,112
10800,57
10801,67
10802,124
10803,117
10804,114
10805,101
10806,89
10807,27
10808,26
10809,586
10810,544
10811,568
10812,468
10813,451
10814,411
10815,409
10816,633
10817,636
10818,689
10819,533
10820,500
10821,592
10822,590
10823,300
10824,284
10825,327
10826,248
10827,235
10828,230
10829,229
10830,1158
10831,1075
10832,1178
10833,945
10834,932
10835,1062
10836,1057
10837,390
10838,365
10839,404
10840,316
10841,284
10842,219
10843,206
10844,691
10845,625
10846,692
10847,543
10848,485
10849,422
10850,395
10851,297
10852,298
10853,306
10854,255
10855,238
10856,188
10857,190
10858,205
10859,190
10860,202
10861,171
10862,158
10863,115
10864,119
10865,278
10866,241
10867,276
10868,201
10869,158
10870,137
10871,142
10872,854
10873,830
10874,876
10875,694
10876,643
10877,605
10878,623
10879,471
10880,437
10881,463
10882,358
10883,332
10884,279
10885,261
10886,173
10887,155
10888,176
10889,143
10890,126
10891,76
10892,85
10893,141
10894,131
10895,150
10896,115
10897,93
10898,55
10899,61
10900,1228
10901,1124
10902,1161
10903,1000
10904,982
10905,1025
10906,981
10907,240
10908,234
10909,264
10910,211
10911,209
10912,186
10913,190
10914,4630
10915,3995
10916,4191
10917,3408
10918,3283
10919,3719
10920,3490
10921,504
10922,435
10923,556
10924,416
10925,386
10926,526
10927,541
10928,901
10929,803
10930,836
10931,696
10932,667
10933,681
10934,668
10935,253
10936,221
10937,251
10938,200
10939,188
10940,157
10941,162
10942,390
10943,355
10944,412
10945,326
10946,314
10947,319
10948,322
10949,371
10950,341
10951,389
10952,299
10953,275
10954,267
10955,267
10956,674
10957,642
10958,636
10959,531
10960,502
10961,418
10962,411
10963,246
10964,229
10965,275
10966,202
10967,170
10968,146
10969,145
10970,51
10971,48
10972,49
10973,44
10974,34
10975,13
10976,15
10977,1547
10978,1596
10979,1546
10980,1263
10981,1204
10982,1185
10983,1140
10984,219
10985,211
10986,200
10987,180
10988,150
10989,73
10990,67
10991,386
10992,349
10993,382
10994,298
10995,272
10996,175
10997,176
10998,1093
10999,984
11000,1074
11001,858
11002,832
11003,924
11004,884
11005,350
11006,336
11007,379
11008,303
11009,272
11010,272
11011,268
11012,347
11013,344
11014,294
11015,272
11016,263
11017,182
11018,183
11019,166
11020,140
11021,169
11022,119
11023,97
11024,43
11025,45
11026,5
11027,4
11028,4
11029,4
11030,3
11031,0
11032,0
11033,391
11034,384
11035,384
11036,327
11037,320
11038,293
11039,292
11040,562
11041,518
11042,572
11043,460
11044,416
11045,411
11046,404
11047,304
11048,262
11049,304
11050,248
11051,225
11052,171
11053,183
11054,387
11055,350
11056,374
11057,298
11058,259
11059,246
11060,248
11061,1562
11062,1432
11063,1520
11064,1195
11065,1160
11066,1253
11067,1188
11068,954
11069,931
11070,997
11071,793
11072,747
11073,773
11074,766
11075,380
11076,349
11077,411
11078,297
11079,302
11080,381
11081,394
11082,728
11083,699
11084,725
11085,602
11086,566
11087,469
11088,453
11089,4746
11090,4033
11091,4340
11092,3496
11093,3309
11094,3889
11095,3622
11096,471
11097,445
11098,497
11099,400
11100,363
11101,382
11102,387
11103,413
11104,379
11105,399
11106,330
11107,309
11108,298
11109,301
11110,143
11111,133
11112,159
11113,121
11114,107
11115,73
11116,83
11117,281
11118,276
11119,272
11120,221
11121,195
11122,123
11123,118
11124,532
11125,521
11126,539
11127,430
11128,419
11129,394
11130,378
11131,214
11132,220
11133,221
11134,181
11135,175
11136,124
11137,132
11138,411
11139,343
11140,407
11141,315
11142,300
11143,317
11144,308
11145,405
11146,380
11147,398
11148,312
11149,275
11150,191
11151,193
11152,577
11153,478
11154,635
11155,447
11156,394
11157,485
11158,557
11159,162
11160,154
11161,151
11162,133
11163,120
11164,36
11165,38
11166,159
11167,151
11168,162
11169,128
11170,114
11171,41
11172,50
11173,526
11174,445
11175,523
11176,395
11177,368
11178,404
11179,408
11180,546
11181,507
11182,575
11183,433
11184,386
11185,464
11186,460
11187,88
11188,85
11189,78
11190,70
11191,61
11192,17
11193,16
11194,1322
11195,1167
11196,1435
11197,1117
11198,1077
11199,1161
11200,1188
11201,1218
11202,1124
11203,1178
11204,960
11205,918
11206,867
11207,834
11208,164
11209,154
11210,163
11211,131
11212,120
11213,59
11214,67
11215,202
11216,174
11217,196
11218,153
11219,131
11220,67
11221,63
11222,235
11223,231
11224,238
11225,185
11226,156
11227,122
11228,134
11229,1635
11230,1489
11231,1552
11232,1288
11233,1233
11234,1249
11235,1187
11236,1763
11237,1542
11238,1630
11239,1343
11240,1269
11241,1428
11242,1366
11243,248
11244,238
11245,265
11246,212
11247,211
11248,157
11249,161
11250,552
11251,512
11252,592
11253,464
11254,425
11255,454
11256,472
11257,280
11258,247
11259,284
11260,218
11261,188
11262,107
11263,107
11264,331
11265,311
11266,382
11267,261
11268,237
11269,376
11270,400
11271,2358
11272,2169
11273,2455
11274,1863
11275,1806
11276,2205
11277,2206
11278,326
11279,312
11280,325
11281,274
11282,263
11283,273
11284,270
11285,441
11286,427
11287,435
11288,368
11289,360
11290,338
11291,336
11292,399
11293,370
11294,404
11295,340
11296,323
11297,271
11298,274
11299,456
11300,434
11301,475
11302,380
11303,357
11304,311
11305,326
11306,214
11307,203
11308,221
11309,168
11310,143
11311,114
11312,126
11313,385
11314,369
11315,388
11316,315
11317,285
11318,264
11319,273
11320,76
11321,72
11322,68
11323,62
11324,49
11325,4
11326,7
11327,654
11328,617
11329,680
11330,549
11331,524
11332,625
11333,616
11334,662
11335,625
11336,611
11337,519
11338,469
11339,326
11340,326
11341,319
11342,296
11343,281
11344,240
11345,212
11346,151
11347,149
11348,1230
11349,1144
11350,1173
11351,974
11352,928
11353,895
11354,869
11355,320
11356,300
11357,316
11358,264
11359,259
11360,235
11361,238
11362,898
11363,783
11364,927
11365,714
11366,674
11367,817
11368,817
11369,429
11370,336
11371,459
11372,316
11373,254
11374,245
11375,250
11376,867
11377,777
11378,861
11379,694
11380,689
11381,722
11382,701
11383,255
11384,257
11385,250
11386,212
11387,198
11388,151
11389,144
11390,405
11391,363
11392,409
11393,311
11394,285
11395,266
11396,271
11397,835
11398,765
11399,914
11400,697
11401,648
11402,655
11403,639
11404,153
11405,150
11406,145
11407,122
11408,110
11409,62
11410,69
11411,315
11412,265
11413,329
11414,255
11415,251
11416,292
11417,294
11418,272
11419,245
11420,284
11421,223
11422,212
11423,164
11424,174
11425,202
11426,187
11427,210
11428,164
11429,148
11430,102
11431,111
11432,262
11433,247
11434,276
11435,220
11436,206
11437,192
11438,197
11439,1539
11440,1475
11441,1526
11442,1216
11443,1186
11444,1205
11445,1164
11446,224
11447,212
11448,237
11449,187
11450,175
11451,135
11452,148
11453,69
11454,68
11455,69
11456,62
11457,49
11458,17
11459,18
11460,470
11461,455
11462,486
11463,396
11464,392
11465,410
11466,404
11467,237
11468,211
11469,212
11470,172
11471,180
11472,134
11473,127
11474,252
11475,224
11476,213
11477,179
11478,187
11479,145
11480,143
11481,402
11482,388
11483,389
11484,312
11485,322
11486,269
11487,254
11488,574
11489,502
11490,502
11491,406
11492,437
11493,321
11494,308
11495,414
11496,376
11497,398
11498,313
11499,345
11500,313
11501,305
11502,416
11503,363
11504,344
11505,288
11506,305
11507,227
11508,217
11509,463
11510,399
11511,416
11512,331
11513,370
11514,350
11515,331
11516,553
11517,519
11518,456
11519,399
11520,415
11521,293
11522,278
11523,819
11524,711
11525,716
11526,578
11527,613
11528,504
11529,468
11530,422
11531,355
11532,354
11533,290
11534,302
11535,265
11536,258
11537,530
11538,466
11539,458
11540,381
11541,402
11542,317
11543,299
11544,652
11545,561
11546,564
11547,467
11548,500
11549,420
11550,400
11551,44
11552,39
11553,37
11554,36
11555,33
11556,26
11557,30
11558,545
11559,478
11560,501
11561,400
11562,440
11563,395
11564,392
11565,341
11566,305
11567,284
11568,236
11569,235
11570,137
11571,130
11572,279
11573,237
11574,256
11575,193
11576,214
11577,173
11578,168
11579,367
11580,222
11581,204
11582,119
11583,73
11584,76
11585,73
11586,103
11587,42
11588,34
11589,11
11590,0
11591,0
11592,0
11593,246
11594,105
11595,92
11596,46
11597,0
11598,0
11599,0
11600,342
11601,138
11602,122
11603,64
11604,16
11605,18
11606,16
11607,130
11608,84
11609,79
11610,30
11611,14
11612,14
11613,14
11614,78
11615,46
11616,42
11617,10
11618,1
11619,0
11620,0
11621,73
11622,45
11623,42
11624,6
11625,1
11626,0
11627,0
11628,150
11629,107
11630,100
11631,67
11632,7
11633,4
11634,0
11635,119
11636,39
11637,32
11638,15
11639,0
11640,0
11641,0
11642,54
11643,27
11644,23
11645,7
11646,0
11647,0
11648,0
11649,608
11650,341
11651,303
11652,214
11653,144
11654,138
11655,135
11656,11
11657,2
11658,2
11659,0
11660,0
11661,0
11662,0
11663,89
11664,35
11665,29
11666,13
11667,0
11668,0
11669,0
11670,237
11671,122
11672,110
11673,59
11674,13
11675,12
11676,8
11677,104
11678,62
11679,54
11680,19
11681,0
11682,0
11683,0
11684,250
11685,123
11686,105
11687,67
11688,19
11689,15
11690,12
11691,54
11692,28
11693,24
11694,5
11695,1
11696,1
11697,0
11698,90
11699,29
11700,22
11701,7
11702,0
11703,0
11704,0
11705,200
11706,92
11707,82
11708,48
11709,10
11710,9
11711,7
11712,88
11713,43
11714,36
11715,13
11716,0
11717,0
11718,0
11719,87
11720,41
11721,32
11722,15
11723,0
11724,0
11725,0
11726,74
11727,28
11728,24
11729,12
11730,0
11731,0
11732,0
11733,883
11734,400
11735,370
11736,228
11737,43
11738,48
11739,50
11740,237
11741,182
11742,167
11743,99
11744,39
11745,31
11746,22
11747,217
11748,128
11749,114
11750,53
11751,0
11752,0
11753,0
11754,0
11755,1
11756,0
11757,0
11758,1
11759,1
11760,0
11761,405
11762,178
11763,163
11764,97
11765,21
11766,22
11767,21
11768,57
11769,39
11770,32
11771,8
11772,0
11773,0
11774,0
11775,232
11776,119
11777,111
11778,60
11779,0
11780,0
11781,0
11782,59
11783,25
11784,22
11785,4
11786,0
11787,0
11788,0
11789,193
11790,97
11791,85
11792,43
11793,4
11794,2
11795,0
11796,105
11797,66
11798,60
11799,23
11800,0
11801,0
11802,0
11803,176
11804,80
11805,72
11806,36
11807,4
11808,3
11809,1
11810,59
11811,23
11812,19
11813,2
11814,0
11815,0
11816,0
11817,182
11818,66
11819,57
11820,21
11821,0
11822,0
11823,0
11824,515
11825,237
11826,212
11827,92
11828,24
11829,26
11830,25
11831,82
11832,32
11833,27
11834,2
11835,0
11836,0
11837,0
11838,132
11839,113
11840,105
11841,73
11842,18
11843,15
11844,20
11845,371
11846,279
11847,240
11848,178
11849,101
11850,89
11851,95
11852,69
11853,31
11854,26
11855,6
11856,0
11857,0
11858,0
11859,88
11860,57
11861,53
11862,21
11863,0
11864,0
11865,0
11866,53
11867,19
11868,16
11869,3
11870,0
11871,0
11872,0
11873,163
11874,69
11875,61
11876,34
11877,5
11878,4
11879,4
11880,245
11881,127
11882,120
11883,70
11884,21
11885,21
11886,21
11887,179
11888,91
11889,80
11890,28
11891,0
11892,0
11893,0
11894,111
11895,39
11896,30
11897,11
11898,1
11899,0
11900,0
11901,142
11902,85
11903,77
11904,34
11905,3
11906,3
11907,2
11908,74
11909,69
11910,63
11911,20
11912,2
11913,1
11914,0
11915,135
11916,48
11917,41
11918,20
11919,0
11920,0
11921,0
11922,131
11923,67
11924,58
11925,21
11926,0
11927,0
11928,0
11929,35
11930,19
11931,17
11932,3
11933,1
11934,1
11935,0
11936,151
11937,68
11938,61
11939,26
11940,2
11941,1
11942,0
11943,76
11944,34
11945,30
11946,11
11947,1
11948,1
11949,1
11950,217
11951,154
11952,139
11953,104
11954,47
11955,40
11956,38
11957,364
11958,170
11959,150
11960,75
11961,15
11962,15
11963,16
11964,55
11965,50
11966,20
11967,19
11968,7
11969,1
11970,1
11971,180
11972,160
11973,90
11974,84
11975,40
11976,20
11977,7
11978,21
11979,18
11980,6
11981,6
11982,0
11983,0
11984,0
11985,30
11986,27
11987,9
11988,8
11989,1
11990,0
11991,0
11992,12
11993,10
11994,5
11995,5
11996,0
11997,0
11998,0
11999,261
12000,236
12001,94
12002,86
12003,50
12004,17
12005,4
12006,10
12007,10
12008,4
12009,4
12010,0
12011,0
12012,0
12013,2
12014,2
12015,1
12016,1
12017,0
12018,0
12019,0
12020,24
12021,22
12022,9
12023,9
12024,0
12025,0
12026,0
12027,52
12028,40
12029,21
12030,18
12031,2
12032,0
12033,0
12034,8
12035,7
12036,3
12037,3
12038,0
12039,0
12040,0
12041,148
12042,145
12043,82
12044,75
12045,49
12046,21
12047,10
12048,49
12049,45
12050,25
12051,24
12052,2
12053,1
12054,1
12055,59
12056,52
12057,18
12058,14
12059,3
12060,0
12061,0
12062,116
12063,109
12064,59
12065,52
12066,32
12067,17
12068,8
12069,102
12070,95
12071,46
12072,42
12073,20
12074,3
12075,1
12076,14
12077,12
12078,5
12079,5
12080,1
12081,0
12082,0
12083,111
12084,96
12085,50
12086,46
12087,15
12088,3
12089,1
12090,58
12091,53
12092,24
12093,23
12094,4
12095,1
12096,1
12097,1
12098,1
12099,2
12100,2
12101,0
12102,0
12103,0
12104,11
12105,10
12106,4
12107,4
12108,1
12109,0
12110,0
12111,5
12112,5
12113,3
12114,2
12115,0
12116,0
12117,0
12118,297
12119,256
12120,123
12121,116
12122,59
12123,21
12124,3
12125,118
12126,97
12127,66
12128,57
12129,27
12130,12
12131,1
12132,134
12133,120
12134,47
12135,42
12136,21
12137,8
12138,3
12139,1
12140,1
12141,1
12142,1
12143,0
12144,0
12145,0
12146,67
12147,61
12148,29
12149,27
12150,6
12151,2
12152,1
12153,3
12154,2
12155,1
12156,1
12157,0
12158,0
12159,0
12160,151
12161,139
12162,48
12163,42
12164,23
12165,10
12166,5
12167,3
12168,3
12169,1
12170,1
12171,0
12172,0
12173,0
12174,178
12175,171
12176,73
12177,68
12178,43
12179,16
12180,5
12181,16
12182,13
12183,8
12184,7
12185,0
12186,0
12187,0
12188,0
12189,0
12190,0
12191,0
12192,0
12193,0
12194,0
12195,74
12196,69
12197,27
12198,25
12199,10
12200,0
12201,0
12202,39
12203,36
12204,16
12205,16
12206,2
12207,0
12208,0
12209,63
12210,61
12211,12
12212,11
12213,3
12214,1
12215,1
12216,13
12217,8
12218,6
12219,5
12220,0
12221,0
12222,0
12223,19
12224,17
12225,7
12226,7
12227,1
12228,0
12229,0
12230,6
12231,5
12232,2
12233,2
12234,0
12235,0
12236,0
12237,183
12238,171
12239,75
12240,70
12241,41
12242,20
12243,8
12244,10
12245,9
12246,5
12247,5
12248,0
12249,0
12250,0
12251,4
12252,4
12253,2
12254,2
12255,1
12256,0
12257,0
12258,619
12259,524
12260,253
12261,228
12262,110
12263,46
12264,19
12265,80
12266,71
12267,36
12268,32
12269,15
12270,2
12271,1
12272,240
12273,230
12274,102
12275,91
12276,55
12277,31
12278,17
12279,151
12280,147
12281,69
12282,61
12283,38
12284,19
12285,9
12286,23
12287,20
12288,13
12289,13
12290,1
12291,0
12292,0
12293,36
12294,32
12295,9
12296,7
12297,0
12298,0
12299,0
12300,16
12301,14
12302,6
12303,6
12304,0
12305,0
12306,0
12307,49
12308,43
12309,23
12310,22
12311,5
12312,1
12313,2
12314,75
12315,68
12316,34
12317,31
12318,10
12319,2
12320,1
12321,7
12322,6
12323,2
12324,1
12325,0
12326,0
12327,0
12328,69
12329,59
12330,34
12331,31
12332,11
12333,2
12334,1
12335,5
12336,5
12337,2
12338,2
12339,1
12340,0
12341,0
12342,131
12343,121
12344,48
12345,43
12346,25
12347,6
12348,3
12349,269
12350,238
12351,105
12352,98
12353,50
12354,20
12355,5
12356,1
12357,1
12358,1
12359,0
12360,0
12361,0
12362,0
12363,17
12364,14
12365,9
12366,9
12367,2
12368,1
12369,1
12370,23
12371,20
12372,9
12373,9
12374,0
12375,0
12376,0
12377,92
12378,85
12379,37
12380,35
12381,11
12382,2
12383,1
12384,14
12385,12
12386,4
12387,4
12388,0
12389,0
12390,0
12391,15
12392,13
12393,5
12394,4
12395,0
12396,0
12397,0
12398,15
12399,13
12400,5
12401,5
12402,0
12403,0
12404,0
12405,7
12406,7
12407,3
12408,3
12409,0
12410,0
12411,0
12412,15
12413,12
12414,3
12415,3
12416,0
12417,0
12418,0
12419,135
12420,123
12421,71
12422,66
12423,36
12424,17
12425,7
12426,29
12427,25
12428,16
12429,15
12430,4
12431,1
12432,0
12433,32
12434,28
12435,9
12436,8
12437,1
12438,0
12439,0
12440,107
12441,97
12442,55
12443,52
12444,18
12445,7
12446,2
12447,26
12448,20
12449,10
12450,9
12451,1
12452,0
12453,0
12454,62
12455,50
12456,29
12457,25
12458,7
12459,1
12460,0
12461,16
12462,15
12463,6
12464,6
12465,0
12466,0
12467,0
12468,2
12469,2
12470,2
12471,1
12472,0
12473,0
12474,0
12475,101
12476,98
12477,40
12478,37
12479,16
12480,2
12481,2
12482,76
12483,67
12484,33
12485,30
12486,13
12487,3
12488,2
12489,36
12490,34
12491,19
12492,18
12493,1
12494,0
12495,0
12496,93
12497,48
12498,41
12499,21
12500,3
12501,3
12502,3
12503,239
12504,144
12505,133
12506,98
12507,64
12508,61
12509,53
12510,9
12511,7
12512,6
12513,0
12514,1
12515,1
12516,1
12517,28
12518,18
12519,17
12520,3
12521,1
12522,1
12523,1
12524,76
12525,23
12526,18
12527,7
12528,1
12529,1
12530,1
12531,433
12532,179
12533,153
12534,118
12535,94
12536,95
12537,106
12538,52
12539,31
12540,28
12541,7
12542,2
12543,1
12544,1
12545,36
12546,26
12547,24
12548,6
12549,1
12550,1
12551,1
12552,72
12553,24
12554,20
12555,11
12556,4
12557,3
12558,4
12559,30
12560,23
12561,22
12562,3
12563,1
12564,1
12565,1
12566,103
12567,58
12568,49
12569,27
12570,9
12571,7
12572,5
12573,23
12574,23
12575,23
12576,4
12577,1
12578,1
12579,1
12580,17
12581,12
12582,12
12583,5
12584,1
12585,1
12586,1
12587,312
12588,183
12589,164
12590,127
12591,89
12592,83
12593,82
12594,34
12595,15
12596,12
12597,7
12598,0
12599,0
12600,1
12601,72
12602,45
12603,44
12604,16
12605,2
12606,2
12607,2
12608,31
12609,19
12610,17
12611,6
12612,1
12613,1
12614,1
12615,78
12616,35
12617,31
12618,17
12619,2
12620,2
12621,2
12622,299
12623,188
12624,172
12625,135
12626,98
12627,90
12628,87
12629,52
12630,29
12631,25
12632,10
12633,2
12634,2
12635,2
12636,290
12637,153
12638,139
12639,115
12640,100
12641,97
12642,90
12643,56
12644,24
12645,20
12646,8
12647,1
12648,1
12649,0
12650,76
12651,36
12652,30
12653,14
12654,1
12655,1
12656,1
12657,225
12658,105
12659,92
12660,75
12661,55
12662,50
12663,55
12664,157
12665,93
12666,83
12667,65
12668,35
12669,30
12670,30
12671,43
12672,26
12673,23
12674,5
12675,2
12676,2
12677,2
12678,192
12679,78
12680,65
12681,41
12682,20
12683,18
12684,19
12685,234
12686,106
12687,91
12688,59
12689,36
12690,31
12691,36
12692,77
12693,46
12694,41
12695,22
12696,5
12697,4
12698,3
12699,12
12700,10
12701,9
12702,2
12703,0
12704,0
12705,0
12706,181
12707,69
12708,60
12709,42
12710,27
12711,25
12712,25
12713,79
12714,48
12715,42
12716,21
12717,6
12718,5
12719,3
12720,604
12721,301
12722,271
12723,202
12724,164
12725,167
12726,173
12727,216
12728,160
12729,151
12730,114
12731,61
12732,50
12733,38
12734,186
12735,77
12736,67
12737,50
12738,27
12739,24
12740,25
12741,77
12742,51
12743,47
12744,22
12745,7
12746,6
12747,5
12748,95
12749,33
12750,26
12751,16
12752,6
12753,4
12754,6
12755,40
12756,22
12757,19
12758,6
12759,1
12760,1
12761,1
12762,30
12763,17
12764,15
12765,6
12766,0
12767,0
12768,0
12769,203
12770,93
12771,84
12772,56
12773,37
12774,34
12775,34
12776,2
12777,5
12778,5
12779,1
12780,0
12781,0
12782,0
12783,30
12784,18
12785,16
12786,5
12787,1
12788,1
12789,1
12790,192
12791,96
12792,85
12793,64
12794,39
12795,35
12796,33
12797,64
12798,19
12799,15
12800,7
12801,1
12802,1
12803,3
12804,15
12805,13
12806,13
12807,2
12808,1
12809,1
12810,1
12811,144
12812,75
12813,66
12814,45
12815,19
12816,17
12817,17
12818,87
12819,46
12820,40
12821,24
12822,4
12823,4
12824,3
12825,136
12826,68
12827,61
12828,39
12829,13
12830,12
12831,12
12832,50
12833,26
12834,22
12835,5
12836,1
12837,1
12838,2
12839,166
12840,89
12841,78
12842,58
12843,39
12844,36
12845,36
12846,69
12847,35
12848,31
12849,9
12850,2
12851,1
12852,1
12853,841
12854,419
12855,362
12856,249
12857,214
12858,204
12859,191
12860,43
12861,29
12862,28
12863,15
12864,2
12865,2
12866,2
12867,604
12868,286
12869,243
12870,195
12871,198
12872,190
12873,206
12874,112
12875,61
12876,52
12877,31
12878,12
12879,10
12880,11
12881,26
12882,12
12883,10
12884,4
12885,0
12886,0
12887,1
12888,200
12889,83
12890,70
12891,48
12892,27
12893,25
12894,27
12895,66
12896,35
12897,31
12898,18
12899,1
12900,1
12901,0
12902,42
12903,22
12904,20
12905,3
12906,1
12907,0
12908,1
12909,184
12910,166
12911,153
12912,113
12913,49
12914,41
12915,27
12916,51
12917,32
12918,30
12919,10
12920,2
12921,2
12922,2
12923,132
12924,78
12925,70
12926,49
12927,18
12928,17
12929,15
12930,132
12931,89
12932,81
12933,55
12934,21
12935,17
12936,14
12937,331
12938,139
12939,119
12940,81
12941,69
12942,68
12943,84
12944,68
12945,44
12946,39
12947,16
12948,1
12949,1
12950,0
12951,25
12952,14
12953,13
12954,4
12955,0
12956,0
12957,0
12958,132
12959,48
12960,41
12961,25
12962,9
12963,8
12964,7
12965,64
12966,33
12967,29
12968,16
12969,6
12970,6
12971,5
12972,42
12973,24
12974,22
12975,4
12976,1
12977,1
12978,1
12979,47
12980,36
12981,35
12982,10
12983,1
12984,1
12985,1
12986,75
12987,34
12988,27
12989,12
12990,2
12991,2
12992,1
12993,86
12994,58
12995,51
12996,23
12997,5
12998,4
12999,2
13000,487
13001,273
13002,237
13003,181
13004,127
13005,118
13006,123
13007,68
13008,41
13009,40
13010,10
13011,3
13012,3
13013,3
13014,174
13015,78
13016,68
13017,49
13018,26
13019,20
13020,20
13021,48
13022,27
13023,24
13024,7
13025,2
13026,1
13027,3
13028,16
13029,11
13030,10
13031,3
13032,1
13033,1
13034,1
13035,125
13036,71
13037,63
13038,44
13039,20
13040,17
13041,14
13042,157
13043,115
13044,107
13045,63
13046,12
13047,11
13048,6
13049,47
13050,22
13051,20
13052,4
13053,1
13054,1
13055,1
13056,136
13057,73
13058,65
13059,44
13060,19
13061,15
13062,14
13063,308
13064,214
13065,198
13066,156
13067,114
13068,107
13069,103
13070,74
13071,69
13072,64
13073,30
13074,9
13075,7
13076,2
13077,227
13078,104
13079,90
13080,67
13081,45
13082,41
13083,43
13084,32
13085,16
13086,13
13087,4
13088,1
13089,1
13090,1
13091,127
13092,73
13093,65
13094,40
13095,14
13096,11
13097,12
13098,7
13099,3
13100,3
13101,1
13102,0
13103,0
13104,0
13105,232
13106,185
13107,173
13108,149
13109,120
13110,109
13111,100
13112,97
13113,70
13114,62
13115,34
13116,10
13117,8
13118,7
13119,181
13120,106
13121,94
13122,69
13123,40
13124,34
13125,29
13126,259
13127,114
13128,99
13129,69
13130,43
13131,40
13132,39
13133,64
13134,32
13135,28
13136,13
13137,2
13138,1
13139,1
13140,85
13141,37
13142,32
13143,17
13144,3
13145,2
13146,4
13147,647
13148,606
13149,423
13150,423
13151,414
13152,412
13153,437
13154,706
13155,678
13156,549
13157,534
13158,526
13159,501
13160,548
13161,627
13162,617
13163,387
13164,370
13165,372
13166,331
13167,376
13168,824
13169,824
13170,486
13171,465
13172,453
13173,397
13174,457
13175,2105
13176,1987
13177,1095
13178,1092
13179,1077
13180,997
13181,1143
13182,314
13183,302
13184,194
13185,192
13186,181
13187,169
13188,184
13189,292
13190,288
13191,131
13192,138
13193,137
13194,137
13195,150
13196,427
13197,422
13198,371
13199,356
13200,341
13201,308
13202,338
13203,574
13204,583
13205,426
13206,403
13207,385
13208,363
13209,399
13210,300
13211,261
13212,286
13213,266
13214,259
13215,227
13216,242
13217,612
13218,590
13219,504
13220,493
13221,481
13222,475
13223,518
13224,203
13225,206
13226,154
13227,149
13228,148
13229,128
13230,138
13231,225
13232,221
13233,183
13234,174
13235,166
13236,151
13237,164
13238,1063
13239,1067
13240,851
13241,820
13242,805
13243,727
13244,787
13245,618
13246,591
13247,479
13248,462
13249,456
13250,386
13251,421
13252,248
13253,249
13254,174
13255,167
13256,157
13257,143
13258,157
13259,513
13260,508
13261,324
13262,314
13263,316
13264,289
13265,324
13266,717
13267,736
13268,588
13269,557
13270,541
13271,502
13272,553
13273,228
13274,228
13275,181
13276,176
13277,177
13278,162
13279,176
13280,829
13281,799
13282,569
13283,552
13284,551
13285,527
13286,588
13287,193
13288,197
13289,154
13290,150
13291,149
13292,138
13293,140
13294,353
13295,341
13296,207
13297,198
13298,190
13299,161
13300,178
13301,623
13302,629
13303,386
13304,380
13305,384
13306,346
13307,393
13308,177
13309,174
13310,122
13311,118
13312,95
13313,83
13314,81
13315,445
13316,424
13317,276
13318,267
13319,252
13320,221
13321,256
13322,259
13323,265
13324,152
13325,153
13326,149
13327,131
13328,144
13329,853
13330,845
13331,554
13332,565
13333,533
13334,466
13335,519
13336,425
13337,409
13338,295
13339,288
13340,280
13341,262
13342,290
13343,266
13344,265
13345,191
13346,177
13347,162
13348,155
13349,160
13350,518
13351,514
13352,308
13353,308
13354,305
13355,282
13356,308
13357,512
13358,496
13359,384
13360,353
13361,354
13362,337
13363,370
13364,3576
13365,3232
13366,1865
13367,1906
13368,1899
13369,1770
13370,2030
13371,695
13372,635
13373,580
13374,548
13375,532
13376,475
13377,509
13378,573
13379,554
13380,394
13381,382
13382,365
13383,319
13384,354
13385,267
13386,248
13387,208
13388,196
13389,190
13390,184
13391,194
13392,382
13393,365
13394,272
13395,268
13396,257
13397,160
13398,167
13399,340
13400,345
13401,243
13402,237
13403,232
13404,215
13405,234
13406,411
13407,398
13408,235
13409,223
13410,215
13411,195
13412,221
13413,155
13414,148
13415,95
13416,89
13417,85
13418,78
13419,90
13420,746
13421,798
13422,495
13423,488
13424,472
13425,431
13426,495
13427,109
13428,104
13429,100
13430,98
13431,92
13432,81
13433,84
13434,1191
13435,1099
13436,754
13437,725
13438,727
13439,689
13440,790
13441,146
13442,150
13443,114
13444,114
13445,106
13446,102
13447,100
13448,459
13449,467
13450,237
13451,232
13452,226
13453,208
13454,231
13455,320
13456,310
13457,304
13458,291
13459,290
13460,256
13461,272
13462,659
13463,624
13464,448
13465,446
13466,425
13467,390
13468,431
13469,629
13470,580
13471,406
13472,399
13473,396
13474,367
13475,415
13476,533
13477,505
13478,338
13479,315
13480,312
13481,291
13482,320
13483,1281
13484,1198
13485,814
13486,806
13487,793
13488,745
13489,823
13490,731
13491,730
13492,443
13493,434
13494,431
13495,410
13496,457
13497,254
13498,253
13499,225
13500,219
13501,220
13502,202
13503,216
13504,804
13505,817
13506,483
13507,473
13508,463
13509,431
13510,500
13511,2009
13512,1839
13513,1133
13514,1127
13515,1079
13516,971
13517,1123
13518,421
13519,407
13520,289
13521,271
13522,262
13523,246
13524,272
13525,757
13526,685
13527,499
13528,476
13529,471
13530,363
13531,409
13532,290
13533,289
13534,261
13535,251
13536,243
13537,215
13538,230
13539,577
13540,583
13541,327
13542,317
13543,309
13544,263
13545,303
13546,631
13547,636
13548,393
13549,392
13550,380
13551,343
13552,391
13553,1271
13554,1325
13555,920
13556,890
13557,870
13558,814
13559,902
13560,366
13561,332
13562,256
13563,251
13564,237
13565,221
13566,239
13567,513
13568,506
13569,323
13570,310
13571,300
13572,270
13573,301
13574,194
13575,193
13576,118
13577,113
13578,111
13579,106
13580,111
13581,323
13582,315
13583,287
13584,281
13585,277
13586,255
13587,272
13588,241
13589,244
13590,233
13591,232
13592,235
13593,218
13594,224
13595,290
13596,282
13597,190
13598,184
13599,178
13600,175
13601,188
13602,829
13603,749
13604,598
13605,571
13606,558
13607,528
13608,584
13609,1175
13610,1153
13611,729
13612,706
13613,696
13614,654
13615,743
13616,117
13617,119
13618,90
13619,88
13620,86
13621,78
13622,81
13623,1165
13624,1123
13625,667
13626,655
13627,647
13628,613
13629,705
13630,883
13631,794
13632,468
13633,482
13634,474
13635,462
13636,519
13637,642
13638,627
13639,439
13640,426
13641,411
13642,384
13643,440
13644,733
13645,714
13646,550
13647,533
13648,527
13649,481
13650,528
13651,645
13652,642
13653,583
13654,541
13655,502
13656,456
13657,505
13658,1631
13659,1547
13660,1144
13661,1095
13662,1071
13663,1006
13664,1112
13665,93
13666,91
13667,69
13668,66
13669,38
13670,35
13671,33
13672,637
13673,623
13674,400
13675,392
13676,377
13677,360
13678,414
13679,398
13680,394
13681,311
13682,308
13683,306
13684,284
13685,308
13686,323
13687,320
13688,216
13689,207
13690,203
13691,184
13692,192
13693,407
13694,413
13695,338
13696,320
13697,312
13698,280
13699,303
13700,470
13701,466
13702,278
13703,278
13704,273
13705,258
13706,293
13707,66
13708,63
13709,49
13710,46
13711,40
13712,20
13713,21
13714,997
13715,973
13716,710
13717,680
13718,682
13719,617
13720,697
13721,652
13722,638
13723,532
13724,502
13725,487
13726,471
13727,517
13728,344
13729,341
13730,327
13731,313
13732,298
13733,284
13734,308
13735,1313
13736,1276
13737,716
13738,707
13739,688
13740,644
13741,745
13742,750
13743,725
13744,499
13745,488
13746,477
13747,449
13748,499
13749,1218
13750,1102
13751,914
13752,875
13753,850
13754,801
13755,871
13756,755
13757,671
13758,669
13759,630
13760,594
13761,556
13762,598
13763,457
13764,440
13765,321
13766,313
13767,312
13768,296
13769,324
13770,273
13771,282
13772,228
13773,229
13774,231
13775,207
13776,224
13777,650
13778,608
13779,504
13780,459
13781,453
13782,414
13783,466
13784,340
13785,354
13786,184
13787,189
13788,182
13789,168
13790,185
13791,238
13792,224
13793,219
13794,217
13795,218
13796,202
13797,210
13798,447
13799,419
13800,375
13801,357
13802,349
13803,315
13804,339
13805,348
13806,345
13807,301
13808,295
13809,291
13810,262
13811,286
13812,444
13813,427
13814,318
13815,300
13816,282
13817,258
13818,291
13819,1595
13820,1575
13821,1054
13822,1020
13823,1019
13824,944
13825,1063
13826,360
13827,352
13828,244
13829,238
13830,228
13831,210
13832,238
13833,298
13834,296
13835,224
13836,217
13837,213
13838,202
13839,218
13840,525
13841,527
13842,423
13843,420
13844,436
13845,382
13846,417
13847,5
13848,1
13849,1
13850,1
13851,2
13852,2
13853,1
13854,1
13855,0
13856,0
13857,0
13858,0
13859,0
13860,0
13861,0
13862,0
13863,0
13864,0
13865,0
13866,0
13867,0
13868,0
13869,0
13870,0
13871,0
13872,0
13873,0
13874,0
13875,1
13876,0
13877,0
13878,0
13879,0
13880,0
13881,0
13882,7
13883,1
13884,1
13885,2
13886,3
13887,2
13888,1
13889,1
13890,0
13891,0
13892,0
13893,0
13894,0
13895,0
13896,1
13897,0
13898,0
13899,1
13900,1
13901,1
13902,0
13903,1
13904,0
13905,0
13906,0
13907,0
13908,0
13909,0
13910,1
13911,0
13912,0
13913,0
13914,0
13915,0
13916,0
13917,5
13918,1
13919,1
13920,1
13921,2
13922,2
13923,1
13924,2
13925,0
13926,0
13927,0
13928,1
13929,1
13930,0
13931,0
13932,0
13933,0
13934,0
13935,0
13936,0
13937,0
13938,1
13939,0
13940,0
13941,0
13942,0
13943,0
13944,0
13945,22
13946,2
13947,2
13948,6
13949,8
13950,8
13951,3
13952,3
13953,0
13954,0
13955,0
13956,1
13957,1
13958,0
13959,0
13960,0
13961,0
13962,0
13963,0
13964,0
13965,0
13966,1
13967,0
13968,0
13969,0
13970,0
13971,0
13972,0
13973,1
13974,0
13975,0
13976,0
13977,0
13978,0
13979,0
13980,0
13981,2
13982,2
13983,2
13984,2
13985,2
13986,2
13987,1
13988,1
13989,2
13990,2
13991,2
13992,2
13993,1
13994,2
13995,4
13996,4
13997,5
13998,5
13999,5
14000,4
14001,4
14002,7
14003,7
14004,8
14005,10
14006,10
14007,7
14008,1
14009,1
14010,1
14011,1
14012,1
14013,1
14014,1
14015,2
14016,2
14017,2
14018,3
14019,3
14020,3
14021,2
14022,4
14023,7
14024,7
14025,8
14026,9
14027,9
14028,7
14029,14
14030,31
14031,34
14032,37
14033,47
14034,46
14035,33
14036,0
14037,3
14038,3
14039,3
14040,3
14041,3
14042,3
14043,1
14044,2
14045,3
14046,3
14047,3
14048,3
14049,2
14050,1
14051,5
14052,6
14053,6
14054,7
14055,7
14056,5
14057,11
14058,13
14059,14
14060,15
14061,17
14062,17
14063,13
14064,1
14065,5
14066,5
14067,6
14068,7
14069,7
14070,5
14071,223
14072,119
14073,108
14074,99
14075,73
14076,75
14077,107
14078,247
14079,162
14080,156
14081,150
14082,128
14083,129
14084,160
14085,99
14086,55
14087,51
14088,45
14089,22
14090,15
14091,18
14092,94
14093,58
14094,52
14095,44
14096,17
14097,11
14098,11
14099,311
14100,135
14101,121
14102,100
14103,72
14104,74
14105,97
14106,96
14107,30
14108,25
14109,18
14110,9
14111,8
14112,12
14113,502
14114,217
14115,196
14116,192
14117,167
14118,180
14119,258
14120,58
14121,34
14122,31
14123,25
14124,7
14125,5
14126,4
14127,71
14128,44
14129,40
14130,32
14131,16
14132,15
14133,17
14134,115
14135,37
14136,33
14137,28
14138,36
14139,36
14140,47
14141,98
14142,57
14143,52
14144,45
14145,31
14146,29
14147,34
14148,185
14149,122
14150,116
14151,107
14152,92
14153,90
14154,108
14155,65
14156,66
14157,63
14158,47
14159,26
14160,25
14161,25
14162,98
14163,65
14164,63
14165,59
14166,50
14167,50
14168,53
14169,61
14170,30
14171,27
14172,26
14173,9
14174,6
14175,8
14176,82
14177,52
14178,50
14179,48
14180,28
14181,28
14182,31
14183,316
14184,204
14185,190
14186,184
14187,144
14188,145
14189,179
14190,110
14191,64
14192,59
14193,58
14194,39
14195,34
14196,39
14197,237
14198,153
14199,143
14200,135
14201,87
14202,87
14203,117
14204,172
14205,80
14206,75
14207,73
14208,62
14209,64
14210,87
14211,332
14212,230
14213,222
14214,211
14215,165
14216,161
14217,201
14218,21
14219,17
14220,16
14221,15
14222,5
14223,4
14224,5
14225,266
14226,150
14227,143
14228,141
14229,125
14230,128
14231,158
14232,118
14233,48
14234,42
14235,38
14236,21
14237,21
14238,25
14239,111
14240,54
14241,48
14242,41
14243,21
14244,20
14245,24
14246,230
14247,120
14248,111
14249,108
14250,103
14251,103
14252,133
14253,103
14254,70
14255,68
14256,66
14257,48
14258,47
14259,52
14260,50
14261,30
14262,27
14263,20
14264,2
14265,1
14266,1
14267,230
14268,94
14269,85
14270,78
14271,66
14272,66
14273,94
14274,292
14275,161
14276,151
14277,139
14278,89
14279,90
14280,122
14281,172
14282,118
14283,112
14284,109
14285,80
14286,79
14287,95
14288,92
14289,48
14290,42
14291,35
14292,22
14293,21
14294,24
14295,296
14296,93
14297,84
14298,81
14299,73
14300,77
14301,120
14302,108
14303,72
14304,67
14305,60
14306,46
14307,47
14308,54
14309,862
14310,432
14311,411
14312,397
14313,308
14314,302
14315,446
14316,149
14317,136
14318,133
14319,122
14320,136
14321,142
14322,169
14323,496
14324,217
14325,200
14326,197
14327,168
14328,173
14329,242
14330,250
14331,192
14332,178
14333,172
14334,145
14335,145
14336,174
14337,234
14338,162
14339,160
14340,155
14341,118
14342,113
14343,141
14344,89
14345,61
14346,58
14347,50
14348,32
14349,31
14350,35
14351,162
14352,69
14353,65
14354,58
14355,57
14356,58
14357,86
14358,127
14359,71
14360,64
14361,52
14362,38
14363,38
14364,45
14365,68
14366,38
14367,34
14368,28
14369,23
14370,22
14371,22
14372,293
14373,143
14374,138
14375,129
14376,107
14377,111
14378,150
14379,107
14380,113
14381,108
14382,100
14383,72
14384,73
14385,79
14386,119
14387,71
14388,66
14389,67
14390,31
14391,27
14392,26
14393,467
14394,220
14395,205
14396,200
14397,160
14398,159
14399,222
14400,192
14401,113
14402,107
14403,102
14404,75
14405,77
14406,96
14407,150
14408,37
14409,32
14410,29
14411,33
14412,37
14413,54
14414,105
14415,46
14416,42
14417,41
14418,19
14419,18
14420,25
14421,210
14422,118
14423,112
14424,110
14425,84
14426,83
14427,117
14428,159
14429,102
14430,97
14431,92
14432,75
14433,77
14434,98
14435,79
14436,52
14437,51
14438,46
14439,11
14440,9
14441,9
14442,175
14443,85
14444,81
14445,77
14446,61
14447,62
14448,83
14449,291
14450,139
14451,127
14452,122
14453,106
14454,110
14455,153
14456,181
14457,94
14458,84
14459,79
14460,81
14461,84
14462,103
14463,200
14464,88
14465,83
14466,79
14467,55
14468,59
14469,91
14470,1643
14471,817
14472,763
14473,716
14474,590
14475,600
14476,833
14477,121
14478,72
14479,69
14480,62
14481,52
14482,52
14483,61
14484,206
14485,138
14486,132
14487,129
14488,112
14489,114
14490,137
14491,186
14492,140
14493,134
14494,130
14495,87
14496,83
14497,88
14498,100
14499,51
14500,47
14501,42
14502,12
14503,11
14504,17
14505,106
14506,62
14507,59
14508,49
14509,22
14510,20
14511,23
14512,223
14513,124
14514,116
14515,111
14516,89
14517,91
14518,114
14519,86
14520,57
14521,53
14522,53
14523,30
14524,29
14525,31
14526,84
14527,47
14528,44
14529,38
14530,12
14531,7
14532,8
14533,41
14534,24
14535,23
14536,17
14537,6
14538,5
14539,5
14540,203
14541,218
14542,208
14543,200
14544,160
14545,149
14546,173
14547,39
14548,21
14549,20
14550,11
14551,3
14552,3
14553,5
14554,219
14555,137
14556,126
14557,118
14558,95
14559,94
14560,118
14561,307
14562,176
14563,166
14564,159
14565,131
14566,131
14567,156
14568,31
14569,19
14570,19
14571,11
14572,7
14573,6
14574,7
14575,175
14576,128
14577,123
14578,119
14579,98
14580,100
14581,116
14582,595
14583,265
14584,245
14585,236
14586,197
14587,205
14588,294
14589,8
14590,5
14591,5
14592,3
14593,1
14594,1
14595,2
14596,181
14597,127
14598,117
14599,111
14600,77
14601,74
14602,81
14603,322
14604,113
14605,100
14606,96
14607,91
14608,96
14609,133
14610,503
14611,275
14612,266
14613,269
14614,281
14615,291
14616,403
14617,104
14618,58
14619,56
14620,48
14621,23
14622,22
14623,28
14624,222
14625,142
14626,137
14627,128
14628,120
14629,122
14630,144
14631,99
14632,53
14633,47
14634,40
14635,26
14636,25
14637,33
14638,134
14639,108
14640,102
14641,101
14642,58
14643,56
14644,68
14645,672
14646,420
14647,387
14648,376
14649,302
14650,293
14651,384
14652,244
14653,105
14654,100
14655,100
14656,89
14657,95
14658,129
14659,248
14660,126
14661,117
14662,116
14663,88
14664,93
14665,122
14666,104
14667,52
14668,47
14669,44
14670,29
14671,27
14672,33
14673,57
14674,36
14675,34
14676,31
14677,9
14678,8
14679,8
14680,130
14681,64
14682,62
14683,59
14684,54
14685,57
14686,80
14687,57
14688,25
14689,22
14690,15
14691,3
14692,2
14693,3
14694,477
14695,279
14696,259
14697,254
14698,232
14699,233
14700,291
14701,226
14702,162
14703,150
14704,145
14705,111
14706,108
14707,129
14708,41
14709,35
14710,34
14711,21
14712,10
14713,8
14714,8
14715,269
14716,97
14717,85
14718,77
14719,68
14720,70
14721,101
14722,94
14723,56
14724,54
14725,49
14726,40
14727,40
14728,41
14729,221
14730,169
14731,164
14732,159
14733,120
14734,116
14735,137
14736,74
14737,62
14738,60
14739,41
14740,19
14741,19
14742,23
14743,332
14744,143
14745,131
14746,128
14747,109
14748,109
14749,149
14750,19
14751,11
14752,11
14753,6
14754,4
14755,3
14756,6
14757,308
14758,192
14759,172
14760,167
14761,131
14762,130
14763,162
14764,36
14765,18
14766,17
14767,14
14768,5
14769,4
14770,6
14771,179
14772,152
14773,148
14774,145
14775,138
14776,132
14777,148
14778,149
14779,118
14780,113
14781,101
14782,78
14783,78
14784,92
14785,77
14786,38
14787,33
14788,29
14789,13
14790,12
14791,15
14792,248
14793,154
14794,142
14795,137
14796,128
14797,133
14798,160
14799,559
14800,265
14801,243
14802,238
14803,182
14804,186
14805,272
14806,73
14807,46
14808,45
14809,36
14810,25
14811,24
14812,27
14813,84
14814,56
14815,54
14816,43
14817,22
14818,20
14819,21
14820,187
14821,97
14822,90
14823,90
14824,57
14825,52
14826,63
14827,643
14828,616
14829,303
14830,285
14831,282
14832,173
14833,174
14834,982
14835,906
14836,518
14837,487
14838,473
14839,290
14840,293
14841,123
14842,120
14843,51
14844,43
14845,37
14846,6
14847,12
14848,778
14849,740
14850,309
14851,291
14852,293
14853,159
14854,167
14855,165
14856,154
14857,76
14858,67
14859,58
14860,12
14861,17
14862,93
14863,90
14864,31
14865,30
14866,27
14867,5
14868,8
14869,47
14870,48
14871,40
14872,45
14873,46
14874,13
14875,15
14876,41
14877,38
14878,16
14879,15
14880,13
14881,0
14882,2
14883,26
14884,26
14885,12
14886,12
14887,12
14888,0
14889,1
14890,116
14891,110
14892,65
14893,62
14894,58
14895,7
14896,15
14897,180
14898,172
14899,70
14900,65
14901,63
14902,21
14903,28
14904,197
14905,190
14906,97
14907,91
14908,84
14909,24
14910,28
14911,120
14912,114
14913,54
14914,51
14915,46
14916,6
14917,12
14918,27
14919,26
14920,14
14921,14
14922,13
14923,1
14924,2
14925,136
14926,136
14927,46
14928,40
14929,36
14930,8
14931,13
14932,55
14933,52
14934,27
14935,27
14936,23
14937,0
14938,3
14939,583
14940,547
14941,202
14942,191
14943,184
14944,104
14945,110
14946,129
14947,126
14948,68
14949,61
14950,55
14951,15
14952,20
14953,547
14954,507
14955,212
14956,201
14957,194
14958,62
14959,71
14960,182
14961,161
14962,114
14963,110
14964,108
14965,29
14966,36
14967,563
14968,530
14969,221
14970,208
14971,205
14972,129
14973,133
14974,64
14975,59
14976,30
14977,29
14978,27
14979,6
14980,8
14981,139
14982,131
14983,73
14984,69
14985,62
14986,16
14987,22
14988,245
14989,227
14990,109
14991,94
14992,89
14993,34
14994,37
14995,29
14996,29
14997,7
14998,7
14999,7
15000,1
15001,2
15002,221
15003,220
15004,97
15005,90
15006,83
15007,20
15008,25
15009,393
15010,371
15011,161
15012,148
15013,147
15014,75
15015,80
15016,75
15017,73
15018,19
15019,19
15020,17
15021,3
15022,6
15023,58
15024,53
15025,23
15026,22
15027,22
15028,2
15029,4
15030,430
15031,412
15032,185
15033,173
15034,167
15035,92
15036,94
15037,124
15038,118
15039,51
15040,48
15041,43
15042,10
15043,16
15044,126
15045,125
15046,47
15047,44
15048,42
15049,4
15050,9
15051,1431
15052,1301
15053,592
15054,554
15055,539
15056,257
15057,272
15058,140
15059,134
15060,66
15061,61
15062,56
15063,19
15064,24
15065,137
15066,126
15067,83
15068,80
15069,77
15070,25
15071,29
15072,235
15073,224
15074,113
15075,108
15076,102
15077,35
15078,41
15079,205
15080,202
15081,92
15082,84
15083,74
15084,24
15085,27
15086,185
15087,158
15088,160
15089,152
15090,170
15091,62
15092,72
15093,70
15094,64
15095,22
15096,21
15097,20
15098,2
15099,6
15100,41
15101,38
15102,12
15103,11
15104,10
15105,1
15106,4
15107,159
15108,148
15109,87
15110,80
15111,72
15112,19
15113,25
15114,281
15115,269
15116,106
15117,100
15118,100
15119,40
15120,44
15121,328
15122,309
15123,124
15124,115
15125,108
15126,43
15127,48
15128,1125
15129,1038
15130,435
15131,407
15132,411
15133,250
15134,266
15135,44
15136,42
15137,15
15138,14
15139,13
15140,0
15141,2
15142,71
15143,69
15144,32
15145,31
15146,25
15147,4
15148,9
15149,561
15150,536
15151,275
15152,254
15153,237
15154,103
15155,103
15156,345
15157,325
15158,132
15159,126
15160,117
15161,73
15162,77
15163,400
15164,383
15165,157
15166,148
15167,150
15168,90
15169,95
15170,173
15171,163
15172,74
15173,70
15174,65
15175,13
15176,19
15177,37
15178,35
15179,15
15180,14
15181,13
15182,2
15183,3
15184,178
15185,169
15186,88
15187,81
15188,76
15189,12
15190,16
15191,236
15192,221
15193,164
15194,156
15195,155
15196,77
15197,79
15198,203
15199,196
15200,134
15201,124
15202,119
15203,60
15204,62
15205,159
15206,150
15207,56
15208,54
15209,51
15210,12
15211,17
15212,256
15213,237
15214,123
15215,117
15216,112
15217,23
15218,29
15219,243
15220,226
15221,132
15222,126
15223,118
15224,41
15225,44
15226,73
15227,66
15228,37
15229,34
15230,28
15231,6
15232,11
15233,77
15234,75
15235,34
15236,32
15237,30
15238,1
15239,7
15240,169
15241,163
15242,84
15243,79
15244,68
15245,13
15246,19
15247,186
15248,184
15249,95
15250,92
15251,99
15252,22
15253,30
15254,85
15255,81
15256,39
15257,37
15258,34
15259,6
15260,12
15261,226
15262,216
15263,132
15264,124
15265,123
15266,49
15267,50
15268,25
15269,22
15270,12
15271,12
15272,0
15273,0
15274,0
15275,2
15276,2
15277,1
15278,1
15279,0
15280,0
15281,0
15282,3
15283,3
15284,2
15285,2
15286,0
15287,0
15288,0
15289,618
15290,310
15291,272
15292,252
15293,206
15294,213
15295,282
15296,804
15297,552
15298,513
15299,490
15300,412
15301,400
15302,411
15303,178
15304,93
15305,83
15306,76
15307,57
15308,56
15309,77
15310,81
15311,57
15312,51
15313,37
15314,18
15315,18
15316,21
15317,542
15318,235
15319,210
15320,183
15321,125
15322,123
15323,217
15324,143
15325,42
15326,35
15327,26
15328,16
15329,17
15330,44
15331,1022
15332,439
15333,391
15334,364
15335,296
15336,322
15337,537
15338,90
15339,62
15340,56
15341,47
15342,29
15343,27
15344,31
15345,106
15346,56
15347,49
15348,45
15349,33
15350,33
15351,40
15352,181
15353,47
15354,41
15355,35
15356,32
15357,37
15358,89
15359,248
15360,159
15361,143
15362,127
15363,100
15364,96
15365,108
15366,215
15367,146
15368,137
15369,124
15370,102
15371,97
15372,95
15373,86
15374,86
15375,80
15376,69
15377,48
15378,47
15379,33
15380,268
15381,166
15382,154
15383,144
15384,116
15385,116
15386,125
15387,110
15388,41
15389,36
15390,32
15391,14
15392,14
15393,31
15394,103
15395,60
15396,54
15397,49
15398,33
15399,33
15400,38
15401,811
15402,473
15403,436
15404,408
15405,321
15406,313
15407,372
15408,52
15409,34
15410,32
15411,22
15412,9
15413,9
15414,16
15415,126
15416,65
15417,58
15418,50
15419,43
15420,39
15421,52
15422,198
15423,93
15424,84
15425,80
15426,68
15427,71
15428,104
15429,481
15430,309
15431,286
15432,268
15433,224
15434,218
15435,233
15436,117
15437,72
15438,67
15439,61
15440,49
15441,51
15442,57
15443,686
15444,355
15445,323
15446,315
15447,273
15448,278
15449,353
15450,113
15451,58
15452,53
15453,47
15454,35
15455,36
15456,44
15457,387
15458,179
15459,150
15460,133
15461,97
15462,100
15463,170
15464,245
15465,118
15466,106
15467,100
15468,76
15469,81
15470,124
15471,205
15472,138
15473,130
15474,125
15475,104
15476,102
15477,118
15478,164
15479,78
15480,67
15481,56
15482,34
15483,34
15484,48
15485,445
15486,170
15487,147
15488,130
15489,107
15490,108
15491,190
15492,398
15493,197
15494,179
15495,165
15496,127
15497,130
15498,176
15499,100
15500,74
15501,70
15502,60
15503,43
15504,46
15505,47
15506,114
15507,67
15508,58
15509,50
15510,33
15511,31
15512,39
15513,514
15514,190
15515,176
15516,163
15517,139
15518,154
15519,267
15520,82
15521,56
15522,52
15523,41
15524,32
15525,33
15526,43
15527,1392
15528,659
15529,611
15530,584
15531,460
15532,470
15533,671
15534,435
15535,356
15536,335
15537,317
15538,260
15539,249
15540,231
15541,242
15542,121
15543,114
15544,107
15545,92
15546,99
15547,137
15548,165
15549,112
15550,104
15551,100
15552,87
15553,85
15554,94
15555,130
15556,82
15557,79
15558,75
15559,65
15560,64
15561,69
15562,108
15563,72
15564,66
15565,58
15566,45
15567,46
15568,49
15569,201
15570,74
15571,66
15572,57
15573,50
15574,55
15575,102
15576,129
15577,68
15578,59
15579,47
15580,27
15581,26
15582,32
15583,59
15584,35
15585,32
15586,21
15587,18
15588,18
15589,25
15590,928
15591,446
15592,415
15593,394
15594,301
15595,310
15596,443
15597,55
15598,45
15599,41
15600,34
15601,27
15602,26
15603,27
15604,127
15605,64
15606,55
15607,49
15608,31
15609,30
15610,40
15611,493
15612,254
15613,235
15614,223
15615,179
15616,183
15617,250
15618,432
15619,266
15620,245
15621,230
15622,190
15623,186
15624,210
15625,288
15626,65
15627,54
15628,46
15629,39
15630,48
15631,138
15632,117
15633,81
15634,71
15635,62
15636,46
15637,42
15638,39
15639,374
15640,214
15641,198
15642,188
15643,152
15644,154
15645,201
15646,143
15647,78
15648,72
15649,67
15650,51
15651,52
15652,70
15653,168
15654,70
15655,59
15656,51
15657,32
15658,32
15659,50
15660,687
15661,319
15662,284
15663,267
15664,216
15665,224
15666,330
15667,401
15668,191
15669,172
15670,159
15671,130
15672,134
15673,197
15674,186
15675,104
15676,92
15677,87
15678,70
15679,71
15680,80
15681,447
15682,188
15683,166
15684,153
15685,116
15686,122
15687,197
15688,1553
15689,817
15690,745
15691,686
15692,537
15693,540
15694,716
15695,120
15696,71
15697,66
15698,63
15699,53
15700,55
15701,64
15702,397
15703,249
15704,227
15705,214
15706,173
15707,171
15708,203
15709,235
15710,163
15711,147
15712,132
15713,108
15714,102
15715,105
15716,236
15717,123
15718,112
15719,106
15720,87
15721,86
15722,112
15723,304
15724,172
15725,158
15726,148
15727,128
15728,127
15729,161
15730,454
15731,253
15732,230
15733,213
15734,179
15735,178
15736,218
15737,136
15738,86
15739,78
15740,73
15741,58
15742,58
15743,62
15744,126
15745,64
15746,58
15747,45
15748,26
15749,24
15750,42
15751,277
15752,256
15753,239
15754,218
15755,172
15756,155
15757,128
15758,21
15759,12
15760,12
15761,7
15762,5
15763,5
15764,9
15765,102
15766,59
15767,56
15768,45
15769,24
15770,24
15771,30
15772,251
15773,152
15774,138
15775,127
15776,100
15777,99
15778,116
15779,601
15780,374
15781,345
15782,327
15783,257
15784,249
15785,267
15786,81
15787,51
15788,48
15789,40
15790,28
15791,29
15792,37
15793,208
15794,155
15795,146
15796,139
15797,115
15798,114
15799,120
15800,438
15801,211
15802,195
15803,184
15804,143
15805,147
15806,215
15807,146
15808,105
15809,96
15810,87
15811,64
15812,62
15813,57
15814,261
15815,111
15816,101
15817,96
15818,62
15819,63
15820,93
15821,465
15822,182
15823,167
15824,148
15825,123
15826,132
15827,226
15828,417
15829,188
15830,169
15831,154
15832,137
15833,140
15834,207
15835,253
15836,120
15837,103
15838,97
15839,81
15840,83
15841,122
15842,206
15843,138
15844,131
15845,121
15846,103
15847,101
15848,108
15849,107
15850,63
15851,54
15852,47
15853,36
15854,36
15855,46
15856,215
15857,161
15858,146
15859,132
15860,97
15861,92
15862,76
15863,603
15864,354
15865,320
15866,299
15867,235
15868,232
15869,290
15870,308
15871,131
15872,118
15873,112
15874,100
15875,105
15876,161
15877,344
15878,168
15879,154
15880,147
15881,131
15882,135
15883,190
15884,109
15885,71
15886,66
15887,60
15888,47
15889,48
15890,60
15891,126
15892,77
15893,69
15894,54
15895,33
15896,31
15897,37
15898,125
15899,50
15900,45
15901,42
15902,32
15903,33
15904,51
15905,70
15906,29
15907,26
15908,19
15909,8
15910,8
15911,21
15912,373
15913,230
15914,210
15915,198
15916,165
15917,163
15918,198
15919,287
15920,216
15921,199
15922,190
15923,161
15924,159
15925,161
15926,159
15927,144
15928,135
15929,120
15930,95
15931,87
15932,73
15933,440
15934,141
15935,120
15936,106
15937,90
15938,101
15939,214
15940,292
15941,162
15942,147
15943,142
15944,121
15945,117
15946,149
15947,589
15948,448
15949,416
15950,398
15951,330
15952,318
15953,312
15954,199
15955,202
15956,183
15957,159
15958,116
15959,107
15960,76
15961,315
15962,159
15963,149
15964,143
15965,117
15966,121
15967,172
15968,288
15969,163
15970,150
15971,148
15972,124
15973,121
15974,145
15975,252
15976,169
15977,150
15978,140
15979,106
15980,102
15981,110
15982,77
15983,30
15984,27
15985,22
15986,17
15987,17
15988,32
15989,93
15990,73
15991,70
15992,64
15993,55
15994,54
15995,49
15996,159
15997,118
15998,107
15999,99
16000,72
16001,70
16002,72
16003,206
16004,143
16005,133
16006,128
16007,112
16008,110
16009,118
16010,582
16011,294
16012,265
16013,256
16014,201
16015,208
16016,303
16017,184
16018,100
16019,90
16020,83
16021,71
16022,71
16023,82
16024,192
16025,127
16026,114
16027,109
16028,89
16029,86
16030,90
16031,354
16032,161
16033,146
16034,144
16035,120
16036,123
16037,181
16038,474
16039,448
16040,158
16041,149
16042,178
16043,369
16044,346
16045,806
16046,702
16047,292
16048,275
16049,312
16050,570
16051,542
16052,68
16053,50
16054,20
16055,16
16056,18
16057,38
16058,38
16059,43
16060,40
16061,9
16062,6
16063,8
16064,26
16065,25
16066,57
16067,53
16068,20
16069,8
16070,9
16071,28
16072,28
16073,86
16074,74
16075,20
16076,18
16077,23
16078,62
16079,60
16080,714
16081,676
16082,221
16083,212
16084,267
16085,617
16086,595
16087,80
16088,68
16089,28
16090,27
16091,31
16092,50
16093,49
16094,84
16095,69
16096,23
16097,21
16098,26
16099,58
16100,58
16101,51
16102,41
16103,15
16104,14
16105,16
16106,36
16107,36
16108,123
16109,104
16110,40
16111,38
16112,45
16113,85
16114,84
16115,82
16116,63
16117,33
16118,29
16119,31
16120,50
16121,50
16122,32
16123,26
16124,13
16125,10
16126,11
16127,18
16128,18
16129,181
16130,162
16131,80
16132,77
16133,87
16134,141
16135,137
16136,21
16137,16
16138,5
16139,4
16140,4
16141,13
16142,13
16143,90
16144,79
16145,35
16146,33
16147,40
16148,71
16149,71
16150,163
16151,150
16152,69
16153,64
16154,74
16155,121
16156,118
16157,55
16158,49
16159,13
16160,11
16161,13
16162,36
16163,35
16164,43
16165,37
16166,12
16167,10
16168,11
16169,26
16170,26
16171,112
16172,108
16173,42
16174,44
16175,53
16176,102
16177,100
16178,104
16179,90
16180,53
16181,48
16182,52
16183,73
16184,74
16185,3
16186,2
16187,1
16188,1
16189,1
16190,2
16191,2
16192,361
16193,319
16194,136
16195,135
16196,158
16197,287
16198,275
16199,50
16200,48
16201,14
16202,10
16203,13
16204,32
16205,32
16206,141
16207,121
16208,35
16209,33
16210,41
16211,104
16212,101
16213,80
16214,71
16215,26
16216,25
16217,30
16218,62
16219,61
16220,72
16221,62
16222,27
16223,25
16224,28
16225,53
16226,51
16227,33
16228,28
16229,6
16230,4
16231,6
16232,20
16233,20
16234,82
16235,80
16236,28
16237,25
16238,29
16239,67
16240,66
16241,64
16242,54
16243,20
16244,16
16245,19
16246,42
16247,41
16248,64
16249,56
16250,22
16251,19
16252,21
16253,46
16254,44
16255,5
16256,4
16257,1
16258,1
16259,1
16260,4
16261,4
16262,5
16263,4
16264,1
16265,1
16266,1
16267,3
16268,3
16269,376
16270,345
16271,101
16272,97
16273,121
16274,307
16275,296
16276,97
16277,89
16278,38
16279,35
16280,42
16281,74
16282,73
16283,838
16284,762
16285,259
16286,266
16287,317
16288,671
16289,615
16290,177
16291,153
16292,77
16293,71
16294,81
16295,126
16296,119
16297,515
16298,475
16299,157
16300,155
16301,188
16302,422
16303,396
16304,100
16305,89
16306,41
16307,39
16308,44
16309,77
16310,73
16311,157
16312,131
16313,49
16314,44
16315,52
16316,102
16317,98
16318,158
16319,144
16320,38
16321,37
16322,46
16323,123
16324,123
16325,51
16326,50
16327,12
16328,9
16329,12
16330,33
16331,32
16332,13
16333,12
16334,5
16335,4
16336,5
16337,10
16338,10
16339,396
16340,367
16341,126
16342,129
16343,148
16344,297
16345,295
16346,36
16347,31
16348,12
16349,10
16350,11
16351,23
16352,22
16353,68
16354,62
16355,23
16356,20
16357,23
16358,44
16359,43
16360,290
16361,258
16362,88
16363,86
16364,101
16365,216
16366,204
16367,107
16368,97
16369,37
16370,34
16371,43
16372,82
16373,81
16374,91
16375,76
16376,18
16377,17
16378,24
16379,73
16380,72
16381,69
16382,61
16383,25
16384,21
16385,22
16386,43
16387,41
16388,1
16389,1
16390,0
16391,0
16392,1
16393,1
16394,1
16395,111
16396,98
16397,36
16398,34
16399,42
16400,91
16401,88
16402,66
16403,63
16404,23
16405,18
16406,21
16407,53
16408,51
16409,38
16410,33
16411,13
16412,11
16413,12
16414,26
16415,25
16416,431
16417,410
16418,151
16419,148
16420,177
16421,370
16422,353
16423,283
16424,254
16425,81
16426,79
16427,97
16428,220
16429,219
16430,19
16431,17
16432,11
16433,10
16434,12
16435,16
16436,17
16437,118
16438,110
16439,35
16440,31
16441,39
16442,93
16443,93
16444,1733
16445,1622
16446,615
16447,640
16448,750
16449,1435
16450,1316
16451,85
16452,75
16453,27
16454,26
16455,31
16456,62
16457,60
16458,160
16459,151
16460,54
16461,51
16462,61
16463,126
16464,118
16465,9
16466,8
16467,3
16468,2
16469,3
16470,5
16471,5
16472,21
16473,20
16474,8
16475,5
16476,6
16477,15
16478,15
16479,116
16480,98
16481,41
16482,39
16483,43
16484,88
16485,87
16486,148
16487,127
16488,47
16489,45
16490,50
16491,107
16492,105
16493,138
16494,118
16495,50
16496,45
16497,53
16498,93
16499,86
16500,61
16501,51
16502,15
16503,12
16504,13
16505,32
16506,32
16507,188
16508,174
16509,72
16510,67
16511,80
16512,139
16513,133
16514,144
16515,129
16516,89
16517,80
16518,86
16519,111
16520,108
16521,77
16522,66
16523,17
16524,16
16525,21
16526,56
16527,55
16528,22
16529,21
16530,7
16531,6
16532,7
16533,17
16534,17
16535,135
16536,120
16537,60
16538,57
16539,64
16540,105
16541,100
16542,143
16543,123
16544,65
16545,63
16546,69
16547,105
16548,102
16549,13
16550,12
16551,3
16552,2
16553,3
16554,9
16555,9
16556,163
16557,159
16558,83
16559,80
16560,90
16561,138
16562,132
16563,409
16564,380
16565,127
16566,124
16567,153
16568,349
16569,335
16570,29
16571,24
16572,5
16573,4
16574,5
16575,18
16576,18
16577,83
16578,75
16579,31
16580,28
16581,32
16582,57
16583,54
16584,33
16585,30
16586,12
16587,11
16588,12
16589,26
16590,26
16591,287
16592,267
16593,77
16594,83
16595,103
16596,227
16597,217
16598,786
16599,701
16600,221
16601,222
16602,276
16603,604
16604,556
16605,57
16606,47
16607,15
16608,13
16609,16
16610,41
16611,41
16612,123
16613,110
16614,42
16615,40
16616,48
16617,90
16618,88
16619,90
16620,80
16621,26
16622,24
16623,30
16624,65
16625,61
16626,42
16627,41
16628,19
16629,16
16630,18
16631,28
16632,28
16633,506
16634,445
16635,176
16636,168
16637,194
16638,397
16639,382
16640,122
16641,115
16642,42
16643,41
16644,48
16645,99
16646,96
16647,166
16648,140
16649,47
16650,47
16651,55
16652,127
16653,125
16654,114
16655,102
16656,36
16657,35
16658,43
16659,98
16660,94
16661,87
16662,73
16663,25
16664,24
16665,29
16666,69
16667,68
16668,44
16669,41
16670,17
16671,15
16672,17
16673,31
16674,31
16675,81
16676,73
16677,22
16678,21
16679,26
16680,62
16681,61
16682,23
16683,22
16684,5
16685,2
16686,4
16687,14
16688,15
16689,201
16690,189
16691,71
16692,85
16693,96
16694,161
16695,157
16696,527
16697,475
16698,251
16699,239
16700,272
16701,420
16702,404
16703,266
16704,231
16705,113
16706,103
16707,116
16708,191
16709,187
16710,179
16711,166
16712,50
16713,47
16714,58
16715,145
16716,141
16717,185
16718,170
16719,67
16720,66
16721,75
16722,144
16723,138
16724,217
16725,203
16726,112
16727,107
16728,117
16729,173
16730,165
16731,63
16732,53
16733,29
16734,22
16735,24
16736,38
16737,36
16738,230
16739,203
16740,70
16741,68
16742,82
16743,183
16744,177
16745,50
16746,38
16747,10
16748,6
16749,9
16750,26
16751,25
16752,118
16753,103
16754,38
16755,34
16756,39
16757,83
16758,81
16759,12
16760,11
16761,5
16762,4
16763,5
16764,11
16765,11
16766,90
16767,83
16768,46
16769,42
16770,48
16771,70
16772,65
16773,85
16774,78
16775,35
16776,32
16777,38
16778,63
16779,61
16780,52
16781,44
16782,12
16783,10
16784,12
16785,33
16786,33
16787,103
16788,95
16789,40
16790,37
16791,44
16792,79
16793,77
16794,302
16795,273
16796,99
16797,93
16798,112
16799,251
16800,246
16801,67
16802,63
16803,25
16804,23
16805,26
16806,53
16807,51
16808,13
16809,9
16810,5
16811,5
16812,5
16813,8
16814,8
16815,91
16816,84
16817,26
16818,23
16819,29
16820,70
16821,68
16822,6
16823,4
16824,1
16825,1
16826,2
16827,4
16828,3
16829,20
16830,16
16831,9
16832,9
16833,13
16834,24
16835,24
16836,1
16837,1
16838,0
16839,0
16840,0
16841,1
16842,1
16843,5
16844,4
16845,0
16846,1
16847,2
16848,7
16849,7
16850,2
16851,1
16852,0
16853,0
16854,0
16855,3
16856,3
16857,37
16858,27
16859,15
16860,16
16861,24
16862,66
16863,65
16864,2
16865,1
16866,0
16867,0
16868,1
16869,1
16870,1
16871,1
16872,1
16873,0
16874,0
16875,1
16876,1
16877,1
16878,8
16879,5
16880,3
16881,3
16882,4
16883,10
16884,10
16885,7
16886,6
16887,1
16888,1
16889,2
16890,7
16891,7
16892,2
16893,1
16894,0
16895,0
16896,1
16897,4
16898,4
16899,0
16900,0
16901,0
16902,0
16903,0
16904,0
16905,0
16906,15
16907,12
16908,7
16909,7
16910,9
16911,14
16912,14
16913,7
16914,6
16915,3
16916,3
16917,4
16918,9
16919,9
16920,7
16921,5
16922,2
16923,2
16924,3
16925,5
16926,5
16927,8
16928,6
16929,3
16930,3
16931,4
16932,10
16933,10
16934,4
16935,2
16936,1
16937,1
16938,1
16939,5
16940,5
16941,7
16942,5
16943,2
16944,2
16945,4
16946,7
16947,7
16948,2
16949,2
16950,1
16951,1
16952,1
16953,3
16954,3
16955,20
16956,17
16957,9
16958,9
16959,12
16960,24
16961,23
16962,3
16963,1
16964,1
16965,1
16966,1
16967,3
16968,3
16969,0
16970,0
16971,0
16972,0
16973,0
16974,0
16975,0
16976,2
16977,1
16978,0
16979,1
16980,1
16981,3
16982,3
16983,1
16984,1
16985,0
16986,0
16987,0
16988,1
16989,1
16990,0
16991,0
16992,0
16993,0
16994,0
16995,0
16996,0
16997,8
16998,5
16999,2
17000,2
17001,3
17002,9
17003,9
17004,3
17005,2
17006,1
17007,1
17008,1
17009,3
17010,3
17011,4
17012,2
17013,1
17014,1
17015,2
17016,5
17017,5
17018,29
17019,23
17020,10
17021,10
17022,15
17023,43
17024,42
17025,11
17026,8
17027,3
17028,3
17029,4
17030,11
17031,11
17032,121
17033,100
17034,64
17035,64
17036,86
17037,194
17038,175
17039,12
17040,9
17041,4
17042,4
17043,5
17044,11
17045,10
17046,33
17047,26
17048,15
17049,16
17050,24
17051,60
17052,57
17053,3
17054,2
17055,0
17056,1
17057,1
17058,4
17059,3
17060,0
17061,0
17062,0
17063,0
17064,0
17065,0
17066,0
17067,2
17068,2
17069,0
17070,0
17071,0
17072,1
17073,1
17074,17
17075,14
17076,6
17077,6
17078,8
17079,16
17080,17
17081,1
17082,1
17083,0
17084,0
17085,0
17086,0
17087,0
17088,18
17089,15
17090,7
17091,8
17092,10
17093,27
17094,26
17095,0
17096,0
17097,0
17098,0
17099,0
17100,0
17101,0
17102,6
17103,4
17104,2
17105,2
17106,3
17107,10
17108,10
17109,2
17110,2
17111,0
17112,0
17113,1
17114,1
17115,1
17116,20
17117,16
17118,6
17119,6
17120,9
17121,22
17122,21
17123,9
17124,5
17125,0
17126,0
17127,1
17128,10
17129,10
17130,2
17131,2
17132,1
17133,1
17134,1
17135,1
17136,2
17137,4
17138,3
17139,1
17140,1
17141,1
17142,5
17143,5
17144,199
17145,160
17146,95
17147,93
17148,127
17149,293
17150,263
17151,7
17152,5
17153,1
17154,2
17155,3
17156,7
17157,7
17158,15
17159,12
17160,5
17161,5
17162,7
17163,19
17164,18
17165,9
17166,6
17167,1
17168,1
17169,2
17170,9
17171,9
17172,1
17173,1
17174,0
17175,0
17176,0
17177,1
17178,1
17179,15
17180,12
17181,5
17182,6
17183,7
17184,17
17185,17
17186,8
17187,7
17188,3
17189,3
17190,4
17191,7
17192,6
17193,0
17194,0
17195,0
17196,0
17197,0
17198,0
17199,0
17200,15
17201,11
17202,8
17203,7
17204,9
17205,13
17206,12
17207,7
17208,5
17209,1
17210,1
17211,1
17212,1
17213,1
17214,10
17215,8
17216,4
17217,5
17218,6
17219,16
17220,16
17221,1
17222,1
17223,0
17224,0
17225,1
17226,1
17227,1
17228,5
17229,4
17230,2
17231,2
17232,3
17233,5
17234,5
17235,0
17236,0
17237,0
17238,0
17239,0
17240,0
17241,0
17242,12
17243,9
17244,6
17245,6
17246,8
17247,13
17248,13
17249,9
17250,6
17251,2
17252,3
17253,4
17254,11
17255,11
17256,1
17257,1
17258,0
17259,0
17260,0
17261,1
17262,1
17263,1
17264,0
17265,0
17266,0
17267,0
17268,1
17269,1
17270,3
17271,2
17272,1
17273,1
17274,1
17275,4
17276,4
17277,15
17278,12
17279,6
17280,6
17281,7
17282,15
17283,15
17284,76
17285,60
17286,38
17287,39
17288,55
17289,129
17290,117
17291,10
17292,8
17293,2
17294,3
17295,4
17296,10
17297,10
17298,4
17299,2
17300,1
17301,1
17302,2
17303,5
17304,5
17305,2
17306,1
17307,0
17308,0
17309,1
17310,1
17311,1
17312,18
17313,13
17314,5
17315,5
17316,8
17317,25
17318,24
17319,4
17320,3
17321,2
17322,2
17323,2
17324,6
17325,6
17326,1
17327,1
17328,0
17329,0
17330,0
17331,1
17332,1
17333,0
17334,0
17335,0
17336,0
17337,0
17338,0
17339,1
17340,3
17341,1
17342,0
17343,0
17344,1
17345,4
17346,4
17347,16
17348,12
17349,3
17350,3
17351,6
17352,19
17353,19
17354,14
17355,11
17356,4
17357,3
17358,5
17359,11
17360,11
17361,45
17362,39
17363,25
17364,24
17365,31
17366,47
17367,46
17368,5
17369,4
17370,1
17371,1
17372,2
17373,4
17374,3
17375,3
17376,2
17377,1
17378,1
17379,1
17380,2
17381,2
17382,2
17383,2
17384,1
17385,1
17386,1
17387,2
17388,2
17389,0
17390,0
17391,0
17392,0
17393,0
17394,0
17395,0
17396,1
17397,0
17398,0
17399,0
17400,0
17401,0
17402,0
17403,3
17404,2
17405,1
17406,1
17407,2
17408,4
17409,4
17410,0
17411,0
17412,0
17413,0
17414,0
17415,0
17416,0
17417,2
17418,1
17419,1
17420,1
17421,1
17422,2
17423,2
17424,5
17425,4
17426,1
17427,1
17428,2
17429,4
17430,4
17431,2
17432,1
17433,1
17434,1
17435,1
17436,2
17437,2
17438,392
17439,347
17440,132
17441,107
17442,80
17443,2
17444,40
17445,1178
17446,976
17447,419
17448,342
17449,304
17450,169
17451,400
17452,50
17453,48
17454,24
17455,23
17456,8
17457,0
17458,2
17459,53
17460,47
17461,21
17462,17
17463,13
17464,0
17465,1
17466,1412
17467,1233
17468,383
17469,300
17470,261
17471,92
17472,358
17473,21
17474,20
17475,11
17476,10
17477,5
17478,0
17479,1
17480,91
17481,82
17482,31
17483,24
17484,16
17485,0
17486,4
17487,147
17488,138
17489,44
17490,39
17491,30
17492,2
17493,10
17494,112
17495,105
17496,49
17497,43
17498,25
17499,0
17500,2
17501,176
17502,168
17503,65
17504,53
17505,39
17506,8
17507,20
17508,190
17509,171
17510,79
17511,68
17512,56
17513,10
17514,14
17515,28
17516,27
17517,14
17518,12
17519,7
17520,0
17521,1
17522,77
17523,76
17524,36
17525,33
17526,20
17527,1
17528,2
17529,309
17530,275
17531,129
17532,112
17533,94
17534,7
17535,43
17536,12
17537,11
17538,6
17539,6
17540,4
17541,0
17542,0
17543,104
17544,95
17545,36
17546,30
17547,18
17548,0
17549,4
17550,182
17551,172
17552,84
17553,75
17554,58
17555,0
17556,7
17557,335
17558,308
17559,121
17560,104
17561,96
17562,12
17563,31
17564,156
17565,141
17566,52
17567,41
17568,31
17569,0
17570,4
17571,31
17572,29
17573,16
17574,15
17575,10
17576,0
17577,1
17578,98
17579,86
17580,29
17581,21
17582,14
17583,0
17584,2
17585,127
17586,118
17587,54
17588,48
17589,34
17590,0
17591,6
17592,5
17593,5
17594,2
17595,2
17596,1
17597,0
17598,0
17599,639
17600,579
17601,178
17602,148
17603,132
17604,59
17605,170
17606,60
17607,58
17608,33
17609,31
17610,20
17611,0
17612,3
17613,1740
17614,1446
17615,488
17616,392
17617,336
17618,160
17619,434
17620,278
17621,233
17622,130
17623,112
17624,93
17625,8
17626,45
17627,399
17628,352
17629,111
17630,92
17631,76
17632,23
17633,61
17634,45
17635,41
17636,21
17637,20
17638,12
17639,0
17640,1
17641,131
17642,120
17643,53
17644,50
17645,41
17646,1
17647,8
17648,99
17649,92
17650,53
17651,50
17652,31
17653,1
17654,6
17655,282
17656,261
17657,79
17658,62
17659,47
17660,0
17661,21
17662,162
17663,147
17664,62
17665,50
17666,36
17667,4
17668,25
17669,36
17670,34
17671,18
17672,16
17673,9
17674,0
17675,1
17676,421
17677,403
17678,126
17679,104
17680,77
17681,19
17682,57
17683,23
17684,22
17685,12
17686,11
17687,6
17688,0
17689,0
17690,448
17691,396
17692,145
17693,118
17694,106
17695,35
17696,83
17697,55
17698,53
17699,23
17700,22
17701,13
17702,1
17703,3
17704,222
17705,213
17706,46
17707,36
17708,27
17709,3
17710,13
17711,105
17712,96
17713,36
17714,31
17715,21
17716,0
17717,3
17718,54
17719,50
17720,22
17721,21
17722,14
17723,0
17724,3
17725,711
17726,631
17727,217
17728,171
17729,149
17730,55
17731,157
17732,96
17733,92
17734,36
17735,34
17736,15
17737,0
17738,3
17739,133
17740,128
17741,50
17742,45
17743,31
17744,0
17745,1
17746,3181
17747,2635
17748,985
17749,785
17750,646
17751,297
17752,925
17753,322
17754,287
17755,116
17756,94
17757,76
17758,17
17759,84
17760,328
17761,309
17762,106
17763,89
17764,68
17765,18
17766,62
17767,219
17768,207
17769,77
17770,63
17771,46
17772,11
17773,23
17774,188
17775,158
17776,78
17777,65
17778,53
17779,11
17780,36
17781,103
17782,98
17783,49
17784,46
17785,28
17786,2
17787,6
17788,199
17789,165
17790,111
17791,97
17792,68
17793,0
17794,4
17795,190
17796,170
17797,48
17798,36
17799,28
17800,4
17801,19
17802,138
17803,123
17804,62
17805,53
17806,44
17807,2
17808,5
17809,155
17810,144
17811,68
17812,62
17813,49
17814,0
17815,4
17816,12
17817,11
17818,6
17819,5
17820,2
17821,0
17822,1
17823,260
17824,232
17825,112
17826,99
17827,87
17828,8
17829,43
17830,820
17831,733
17832,236
17833,192
17834,163
17835,58
17836,221
17837,27
17838,25
17839,12
17840,12
17841,6
17842,0
17843,2
17844,107
17845,92
17846,39
17847,32
17848,23
17849,0
17850,3
17851,734
17852,656
17853,210
17854,171
17855,143
17856,66
17857,196
17858,1345
17859,1121
17860,382
17861,306
17862,273
17863,211
17864,631
17865,32
17866,31
17867,15
17868,14
17869,8
17870,0
17871,1
17872,242
17873,221
17874,98
17875,83
17876,64
17877,8
17878,34
17879,119
17880,104
17881,36
17882,28
17883,21
17884,0
17885,3
17886,75
17887,69
17888,39
17889,33
17890,21
17891,0
17892,0
17893,627
17894,549
17895,225
17896,183
17897,163
17898,39
17899,118
17900,458
17901,411
17902,139
17903,114
17904,99
17905,91
17906,237
17907,66
17908,63
17909,30
17910,28
17911,14
17912,1
17913,3
17914,63
17915,60
17916,29
17917,28
17918,16
17919,0
17920,4
17921,27
17922,26
17923,10
17924,9
17925,4
17926,0
17927,1
17928,400
17929,364
17930,147
17931,119
17932,100
17933,40
17934,133
17935,168
17936,152
17937,87
17938,77
17939,64
17940,5
17941,11
17942,268
17943,241
17944,138
17945,116
17946,96
17947,24
17948,67
17949,108
17950,102
17951,32
17952,27
17953,17
17954,0
17955,3
17956,135
17957,124
17958,55
17959,52
17960,39
17961,1
17962,10
17963,262
17964,232
17965,106
17966,91
17967,74
17968,0
17969,16
17970,132
17971,106
17972,64
17973,52
17974,38
17975,0
17976,1
17977,200
17978,180
17979,64
17980,54
17981,44
17982,1
17983,7
17984,32
17985,32
17986,14
17987,13
17988,5
17989,0
17990,1
17991,9
17992,8
17993,3
17994,3
17995,2
17996,0
17997,0
17998,134
17999,122
18000,63
18001,57
18002,39
18003,0
18004,8
18005,46
18006,45
18007,27
18008,26
18009,13
18010,0
18011,3
18012,35
18013,34
18014,16
18015,15
18016,7
18017,0
18018,1
18019,102
18020,93
18021,44
18022,39
18023,31
18024,0
18025,1
18026,69
18027,62
18028,33
18029,24
18030,29
18031,41
18032,41
18033,14
18034,10
18035,1
18036,1
18037,4
18038,5
18039,6
18040,21
18041,16
18042,0
18043,0
18044,5
18045,7
18046,7
18047,0
18048,0
18049,0
18050,0
18051,0
18052,0
18053,0
18054,1
18055,0
18056,0
18057,0
18058,0
18059,0
18060,0
18061,9
18062,6
18063,2
18064,2
18065,2
18066,3
18067,4
18068,1
18069,0
18070,0
18071,0
18072,0
18073,1
18074,1
18075,2
18076,1
18077,0
18078,0
18079,0
18080,1
18081,1
18082,0
18083,0
18084,0
18085,0
18086,0
18087,0
18088,0
18089,22
18090,16
18091,8
18092,7
18093,14
18094,20
18095,20
18096,96
18097,86
18098,54
18099,41
18100,49
18101,65
18102,61
18103,1
18104,0
18105,0
18106,0
18107,0
18108,0
18109,0
18110,17
18111,11
18112,4
18113,4
18114,9
18115,12
18116,13
18117,4
18118,2
18119,0
18120,0
18121,2
18122,2
18123,2
18124,20
18125,15
18126,6
18127,6
18128,13
18129,18
18130,18
18131,3
18132,1
18133,0
18134,0
18135,0
18136,1
18137,1
18138,2
18139,0
18140,0
18141,0
18142,1
18143,1
18144,1
18145,43
18146,36
18147,23
18148,20
18149,30
18150,43
18151,42
18152,2
18153,1
18154,0
18155,0
18156,1
18157,1
18158,1
18159,134
18160,114
18161,58
18162,47
18163,64
18164,82
18165,78
18166,0
18167,0
18168,0
18169,0
18170,0
18171,0
18172,1
18173,5
18174,2
18175,0
18176,0
18177,1
18178,2
18179,2
18180,13
18181,9
18182,2
18183,2
18184,5
18185,6
18186,6
18187,72
18188,65
18189,40
18190,30
18191,37
18192,49
18193,49
18194,1
18195,0
18196,0
18197,0
18198,0
18199,1
18200,1
18201,40
18202,30
18203,13
18204,12
18205,25
18206,40
18207,40
18208,9
18209,5
18210,0
18211,0
18212,2
18213,3
18214,3
18215,1
18216,0
18217,0
18218,0
18219,0
18220,0
18221,1
18222,40
18223,33
18224,15
18225,14
18226,21
18227,32
18228,32
18229,0
18230,0
18231,0
18232,0
18233,0
18234,0
18235,0
18236,5
18237,3
18238,0
18239,0
18240,1
18241,1
18242,1
18243,35
18244,28
18245,12
18246,11
18247,18
18248,25
18249,25
18250,2
18251,1
18252,0
18253,0
18254,0
18255,1
18256,1
18257,2
18258,1
18259,0
18260,0
18261,0
18262,0
18263,0
18264,21
18265,14
18266,5
18267,6
18268,12
18269,18
18270,18
18271,949
18272,879
18273,372
18274,316
18275,307
18276,307
18277,356
18278,844
18279,767
18280,342
18281,298
18282,292
18283,288
18284,328
18285,187
18286,183
18287,67
18288,56
18289,50
18290,51
18291,63
18292,52
18293,48
18294,23
18295,21
18296,15
18297,17
18298,20
18299,209
18300,200
18301,72
18302,62
18303,54
18304,54
18305,65
18306,189
18307,181
18308,64
18309,54
18310,48
18311,50
18312,60
18313,1276
18314,1191
18315,433
18316,378
18317,368
18318,369
18319,432
18320,182
18321,171
18322,80
18323,71
18324,63
18325,62
18326,72
18327,118
18328,111
18329,47
18330,39
18331,36
18332,38
18333,44
18334,145
18335,137
18336,42
18337,36
18338,34
18339,35
18340,42
18341,149
18342,146
18343,63
18344,54
18345,48
18346,50
18347,57
18348,119
18349,116
18350,47
18351,39
18352,34
18353,34
18354,42
18355,95
18356,87
18357,47
18358,41
18359,35
18360,37
18361,42
18362,239
18363,232
18364,112
18365,100
18366,96
18367,96
18368,106
18369,8
18370,8
18371,3
18372,3
18373,2
18374,2
18375,3
18376,22
18377,21
18378,11
18379,10
18380,10
18381,10
18382,11
18383,51
18384,51
18385,26
18386,26
18387,20
18388,21
18389,23
18390,132
18391,128
18392,52
18393,45
18394,41
18395,41
18396,48
18397,49
18398,48
18399,22
18400,21
18401,20
18402,21
18403,24
18404,51
18405,50
18406,24
18407,22
18408,21
18409,21
18410,24
18411,105
18412,102
18413,41
18414,38
18415,33
18416,34
18417,40
18418,36
18419,35
18420,20
18421,18
18422,17
18423,18
18424,20
18425,538
18426,517
18427,214
18428,188
18429,187
18430,183
18431,213
18432,57
18433,56
18434,25
18435,24
18436,18
18437,18
18438,21
18439,160
18440,152
18441,60
18442,51
18443,47
18444,48
18445,56
18446,124
18447,121
18448,44
18449,37
18450,35
18451,37
18452,43
18453,21
18454,21
18455,10
18456,10
18457,8
18458,9
18459,10
18460,54
18461,51
18462,24
18463,22
18464,17
18465,18
18466,21
18467,238
18468,231
18469,85
18470,74
18471,68
18472,71
18473,80
18474,156
18475,149
18476,56
18477,48
18478,44
18479,45
18480,52
18481,74
18482,72
18483,37
18484,33
18485,26
18486,28
18487,33
18488,33
18489,32
18490,16
18491,14
18492,10
18493,11
18494,13
18495,605
18496,568
18497,198
18498,177
18499,173
18500,174
18501,204
18502,100
18503,99
18504,44
18505,38
18506,34
18507,35
18508,41
18509,1442
18510,1289
18511,505
18512,442
18513,431
18514,423
18515,504
18516,197
18517,183
18518,90
18519,80
18520,75
18521,75
18522,87
18523,653
18524,606
18525,229
18526,201
18527,196
18528,197
18529,228
18530,113
18531,107
18532,51
18533,45
18534,41
18535,42
18536,47
18537,150
18538,143
18539,63
18540,57
18541,54
18542,55
18543,62
18544,175
18545,165
18546,72
18547,61
18548,56
18549,55
18550,65
18551,274
18552,262
18553,86
18554,74
18555,71
18556,71
18557,84
18558,99
18559,95
18560,39
18561,33
18562,27
18563,27
18564,33
18565,42
18566,40
18567,16
18568,15
18569,14
18570,15
18571,17
18572,131
18573,132
18574,52
18575,50
18576,39
18577,40
18578,48
18579,27
18580,26
18581,16
18582,15
18583,12
18584,12
18585,14
18586,52
18587,51
18588,26
18589,24
18590,23
18591,23
18592,26
18593,284
18594,269
18595,104
18596,90
18597,86
18598,88
18599,98
18600,130
18601,127
18602,53
18603,47
18604,43
18605,43
18606,50
18607,22
18608,23
18609,5
18610,5
18611,5
18612,5
18613,6
18614,102
18615,95
18616,46
18617,38
18618,31
18619,32
18620,37
18621,35
18622,35
18623,15
18624,13
18625,12
18626,13
18627,15
18628,88
18629,86
18630,36
18631,32
18632,26
18633,27
18634,32
18635,72
18636,69
18637,31
18638,28
18639,25
18640,26
18641,30
18642,83
18643,80
18644,38
18645,34
18646,31
18647,32
18648,36
18649,923
18650,860
18651,336
18652,292
18653,287
18654,287
18655,335
18656,294
18657,288
18658,107
18659,94
18660,89
18661,92
18662,108
18663,76
18664,73
18665,33
18666,30
18667,27
18668,27
18669,30
18670,214
18671,204
18672,76
18673,67
18674,64
18675,66
18676,75
18677,3127
18678,2812
18679,1217
18680,1079
18681,1040
18682,1032
18683,1195
18684,78
18685,76
18686,34
18687,31
18688,24
18689,25
18690,30
18691,235
18692,223
18693,92
18694,80
18695,77
18696,78
18697,88
18698,91
18699,88
18700,41
18701,39
18702,30
18703,30
18704,37
18705,36
18706,38
18707,16
18708,15
18709,14
18710,14
18711,16
18712,213
18713,209
18714,73
18715,62
18716,54
18717,54
18718,65
18719,271
18720,262
18721,106
18722,91
18723,85
18724,86
18725,96
18726,252
18727,230
18728,100
18729,85
18730,80
18731,79
18732,92
18733,78
18734,76
18735,32
18736,28
18737,21
18738,23
18739,28
18740,354
18741,316
18742,174
18743,154
18744,142
18745,140
18746,166
18747,18
18748,18
18749,7
18750,7
18751,6
18752,7
18753,8
18754,102
18755,99
18756,37
18757,31
18758,26
18759,27
18760,33
18761,155
18762,148
18763,66
18764,63
18765,58
18766,57
18767,65
18768,162
18769,156
18770,71
18771,64
18772,60
18773,60
18774,67
18775,17
18776,17
18777,8
18778,7
18779,6
18780,7
18781,8
18782,283
18783,266
18784,123
18785,112
18786,109
18787,105
18788,121
18789,625
18790,582
18791,209
18792,185
18793,177
18794,177
18795,209
18796,62
18797,60
18798,25
18799,23
18800,19
18801,20
18802,24
18803,161
18804,149
18805,65
18806,57
18807,50
18808,51
18809,58
18810,2
18811,2
18812,1
18813,1
18814,1
18815,1
18816,1
18817,475
18818,445
18819,157
18820,139
18821,131
18822,130
18823,153
18824,579
18825,527
18826,195
18827,174
18828,170
18829,168
18830,195
18831,63
18832,61
18833,25
18834,22
18835,21
18836,22
18837,26
18838,99
18839,95
18840,39
18841,33
18842,30
18843,30
18844,35
18845,129
18846,120
18847,49
18848,41
18849,37
18850,39
18851,46
18852,95
18853,92
18854,49
18855,42
18856,34
18857,33
18858,39
18859,714
18860,667
18861,288
18862,255
18863,247
18864,247
18865,281
18866,93
18867,92
18868,39
18869,36
18870,31
18871,32
18872,37
18873,184
18874,180
18875,66
18876,59
18877,57
18878,59
18879,67
18880,62
18881,60
18882,27
18883,25
18884,20
18885,21
18886,24
18887,86
18888,85
18889,35
18890,31
18891,24
18892,26
18893,31
18894,64
18895,63
18896,31
18897,29
18898,27
18899,28
18900,32
18901,32
18902,32
18903,15
18904,14
18905,14
18906,14
18907,16
18908,6
18909,6
18910,2
18911,2
18912,1
18913,1
18914,2
18915,352
18916,338
18917,132
18918,116
18919,112
18920,111
18921,127
18922,758
18923,718
18924,364
18925,328
18926,317
18927,314
18928,360
18929,305
18930,292
18931,160
18932,144
18933,132
18934,130
18935,142
18936,256
18937,245
18938,87
18939,76
18940,70
18941,72
18942,83
18943,178
18944,171
18945,71
18946,62
18947,61
18948,61
18949,70
18950,417
18951,388
18952,196
18953,175
18954,169
18955,167
18956,184
18957,243
18958,216
18959,119
18960,105
18961,93
18962,91
18963,102
18964,329
18965,311
18966,118
18967,103
18968,98
18969,100
18970,116
18971,28
18972,28
18973,12
18974,11
18975,10
18976,10
18977,12
18978,131
18979,126
18980,55
18981,45
18982,38
18983,39
18984,48
18985,10
18986,11
18987,4
18988,4
18989,3
18990,4
18991,4
18992,277
18993,254
18994,136
18995,124
18996,120
18997,117
18998,135
18999,97
19000,95
19001,48
19002,44
19003,37
19004,37
19005,42
19006,10
19007,10
19008,4
19009,4
19010,4
19011,4
19012,5
19013,60
19014,59
19015,28
19016,26
19017,22
19018,23
19019,26
19020,485
19021,467
19022,172
19023,151
19024,144
19025,143
19026,168
19027,109
19028,107
19029,49
19030,45
19031,41
19032,43
19033,49
19034,29
19035,30
19036,16
19037,15
19038,13
19039,13
19040,15
19041,27
19042,27
19043,11
19044,11
19045,9
19046,9
19047,11
19048,125
19049,111
19050,39
19051,31
19052,20
19053,19
19054,31
19055,171
19056,153
19057,52
19058,45
19059,27
19060,26
19061,43
19062,193
19063,175
19064,52
19065,43
19066,32
19067,31
19068,49
19069,137
19070,128
19071,41
19072,34
19073,23
19074,21
19075,32
19076,169
19077,156
19078,52
19079,41
19080,29
19081,28
19082,47
19083,277
19084,244
19085,83
19086,68
19087,42
19088,41
19089,62
19090,129
19091,114
19092,47
19093,37
19094,22
19095,20
19096,33
19097,578
19098,509
19099,161
19100,134
19101,107
19102,96
19103,131
19104,92
19105,86
19106,29
19107,26
19108,10
19109,11
19110,24
19111,12
19112,11
19113,5
19114,4
19115,7
19116,7
19117,9
19118,19
19119,18
19120,7
19121,7
19122,11
19123,11
19124,14
19125,46
19126,44
19127,17
19128,15
19129,11
19130,11
19131,16
19132,21
19133,19
19134,7
19135,6
19136,6
19137,6
19138,8
19139,24
19140,22
19141,11
19142,11
19143,13
19144,13
19145,16
19146,24
19147,22
19148,10
19149,10
19150,10
19151,11
19152,12
19153,33
19154,31
19155,14
19156,13
19157,10
19158,10
19159,13
19160,24
19161,23
19162,7
19163,6
19164,5
19165,5
19166,7
19167,48
19168,44
19169,19
19170,18
19171,12
19172,13
19173,16
19174,144
19175,127
19176,46
19177,39
19178,24
19179,26
19180,41
19181,33
19182,31
19183,12
19184,12
19185,10
19186,10
19187,13
19188,19
19189,17
19190,7
19191,6
19192,8
19193,8
19194,10
19195,15
19196,14
19197,6
19198,6
19199,9
19200,9
19201,11
19202,42
19203,39
19204,14
19205,13
19206,11
19207,12
19208,16
19209,67
19210,62
19211,30
19212,27
19213,10
19214,11
19215,21
19216,12
19217,11
19218,5
19219,5
19220,5
19221,6
19222,7
19223,57
19224,48
19225,21
19226,20
19227,5
19228,2
19229,0
19230,58
19231,51
19232,27
19233,26
19234,13
19235,4
19236,0
19237,130
19238,119
19239,44
19240,42
19241,20
19242,11
19243,1
19244,3
19245,2
19246,1
19247,1
19248,0
19249,0
19250,0
19251,0
19252,0
19253,1
19254,1
19255,0
19256,0
19257,0
19258,1
19259,1
19260,0
19261,0
19262,0
19263,0
19264,0
19265,4
19266,2
19267,0
19268,0
19269,0
19270,0
19271,0
19272,1
19273,0
19274,1
19275,1
19276,0
19277,0
19278,0
19279,32
19280,28
19281,11
19282,10
19283,0
19284,0
19285,0
19286,1
19287,1
19288,2
19289,1
19290,0
19291,0
19292,0
19293,6
19294,5
19295,1
19296,1
19297,0
19298,0
19299,0
19300,9
19301,7
19302,1
19303,1
19304,0
19305,0
19306,0
19307,28
19308,25
19309,10
19310,9
19311,1
19312,0
19313,0
19314,25
19315,21
19316,7
19317,6
19318,0
19319,0
19320,0
19321,2
19322,2
19323,1
19324,1
19325,0
19326,0
19327,0
19328,3
19329,2
19330,2
19331,2
19332,0
19333,0
19334,0
19335,1
19336,1
19337,2
19338,2
19339,0
19340,0
19341,0
19342,13
19343,12
19344,7
19345,7
19346,2
19347,1
19348,0
19349,4
19350,3
19351,2
19352,2
19353,0
19354,0
19355,0
19356,198
19357,171
19358,72
19359,66
19360,34
19361,18
19362,0
19363,55
19364,50
19365,19
19366,18
19367,5
19368,1
19369,0
19370,0
19371,0
19372,1
19373,1
19374,0
19375,0
19376,0
19377,16
19378,14
19379,7
19380,7
19381,0
19382,0
19383,0
19384,5
19385,4
19386,1
19387,1
19388,0
19389,0
19390,0
19391,31
19392,25
19393,8
19394,7
19395,1
19396,0
19397,0
19398,13
19399,11
19400,8
19401,8
19402,1
19403,0
19404,0
19405,52
19406,48
19407,17
19408,15
19409,7
19410,2
19411,0
19412,12
19413,12
19414,1
19415,1
19416,0
19417,0
19418,0
19419,27
19420,20
19421,6
19422,4
19423,0
19424,0
19425,0
19426,10
19427,9
19428,3
19429,3
19430,0
19431,0
19432,0
19433,3
19434,3
19435,0
19436,0
19437,0
19438,0
19439,0
19440,89
19441,82
19442,35
19443,33
19444,16
19445,7
19446,1
19447,1
19448,1
19449,1
19450,1
19451,0
19452,0
19453,0
19454,369
19455,305
19456,132
19457,116
19458,43
19459,7
19460,0
19461,1
19462,1
19463,0
19464,0
19465,0
19466,0
19467,0
19468,8
19469,7
19470,1
19471,1
19472,0
19473,0
19474,0
19475,2
19476,2
19477,2
19478,2
19479,0
19480,0
19481,0
19482,3
19483,2
19484,1
19485,1
19486,0
19487,0
19488,0
19489,0
19490,0
19491,0
19492,0
19493,0
19494,0
19495,0
19496,1
19497,0
19498,1
19499,1
19500,0
19501,0
19502,0
19503,14
19504,10
19505,5
19506,4
19507,0
19508,0
19509,0
19510,1
19511,1
19512,0
19513,0
19514,0
19515,0
19516,0
19517,12
19518,10
19519,5
19520,4
19521,0
19522,0
19523,0
19524,6
19525,5
19526,2
19527,2
19528,0
19529,0
19530,0
19531,2
19532,2
19533,0
19534,0
19535,0
19536,0
19537,0
19538,43
19539,36
19540,15
19541,14
19542,4
19543,1
19544,0
19545,63
19546,59
19547,20
19548,19
19549,5
19550,1
19551,0
19552,62
19553,58
19554,21
19555,21
19556,7
19557,2
19558,1
19559,201
19560,176
19561,78
19562,76
19563,38
19564,22
19565,0
19566,5
19567,4
19568,1
19569,0
19570,0
19571,0
19572,0
19573,3
19574,1
19575,1
19576,1
19577,0
19578,0
19579,0
19580,1
19581,0
19582,1
19583,1
19584,0
19585,0
19586,0
19587,5
19588,4
19589,3
19590,3
19591,0
19592,0
19593,0
19594,0
19595,0
19596,1
19597,1
19598,0
19599,0
19600,0
19601,2
19602,1
19603,1
19604,1
19605,0
19606,0
19607,0
19608,1
19609,0
19610,0
19611,0
19612,0
19613,0
19614,0
19615,34
19616,29
19617,15
19618,14
19619,2
19620,0
19621,0
19622,3
19623,2
19624,2
19625,1
19626,0
19627,0
19628,0
19629,34
19630,30
19631,15
19632,14
19633,2
19634,0
19635,0
19636,3
19637,3
19638,1
19639,1
19640,0
19641,0
19642,0
19643,16
19644,13
19645,4
19646,4
19647,0
19648,0
19649,0
19650,19
19651,14
19652,3
19653,2
19654,0
19655,0
19656,0
19657,10
19658,9
19659,5
19660,5
19661,0
19662,0
19663,0
19664,2
19665,2
19666,0
19667,1
19668,0
19669,0
19670,0
19671,1
19672,0
19673,2
19674,1
19675,0
19676,0
19677,0
19678,4
19679,3
19680,1
19681,1
19682,0
19683,0
19684,0
19685,2
19686,2
19687,2
19688,2
19689,0
19690,0
19691,0
19692,4
19693,3
19694,2
19695,2
19696,0
19697,0
19698,0
19699,99
19700,58
19701,50
19702,35
19703,1
19704,2
19705,1
19706,193
19707,120
19708,112
19709,96
19710,34
19711,31
19712,25
19713,74
19714,31
19715,25
19716,17
19717,0
19718,0
19719,0
19720,233
19721,94
19722,78
19723,57
19724,3
19725,3
19726,4
19727,5
19728,1
19729,1
19730,0
19731,0
19732,0
19733,0
19734,2
19735,0
19736,0
19737,0
19738,0
19739,0
19740,0
19741,45
19742,16
19743,13
19744,7
19745,1
19746,1
19747,1
19748,62
19749,32
19750,30
19751,20
19752,5
19753,5
19754,5
19755,19
19756,14
19757,13
19758,5
19759,1
19760,1
19761,1
19762,6
19763,2
19764,2
19765,0
19766,0
19767,0
19768,0
19769,5
19770,0
19771,0
19772,0
19773,0
19774,0
19775,0
19776,230
19777,140
19778,122
19779,98
19780,50
19781,49
19782,49
19783,46
19784,15
19785,11
19786,2
19787,0
19788,0
19789,0
19790,67
19791,26
19792,21
19793,14
19794,0
19795,0
19796,0
19797,174
19798,89
19799,77
19800,63
19801,16
19802,15
19803,14
19804,31
19805,11
19806,9
19807,2
19808,0
19809,0
19810,0
19811,117
19812,52
19813,43
19814,28
19815,1
19816,1
19817,2
19818,93
19819,51
19820,44
19821,34
19822,0
19823,1
19824,0
19825,43
19826,11
19827,9
19828,0
19829,0
19830,0
19831,1
19832,92
19833,43
19834,36
19835,21
19836,2
19837,2
19838,3
19839,118
19840,64
19841,55
19842,41
19843,2
19844,0
19845,0
19846,46
19847,18
19848,14
19849,4
19850,0
19851,0
19852,0
19853,124
19854,46
19855,39
19856,27
19857,2
19858,3
19859,3
19860,72
19861,36
19862,29
19863,19
19864,2
19865,2
19866,3
19867,455
19868,225
19869,201
19870,152
19871,49
19872,52
19873,63
19874,54
19875,46
19876,40
19877,29
19878,0
19879,1
19880,0
19881,96
19882,36
19883,30
19884,22
19885,0
19886,1
19887,1
19888,86
19889,55
19890,50
19891,41
19892,2
19893,3
19894,0
19895,7
19896,2
19897,1
19898,0
19899,0
19900,0
19901,0
19902,121
19903,59
19904,54
19905,41
19906,0
19907,1
19908,1
19909,21
19910,9
19911,8
19912,6
19913,0
19914,0
19915,0
19916,26
19917,11
19918,9
19919,5
19920,0
19921,0
19922,0
19923,170
19924,83
19925,72
19926,56
19927,11
19928,9
19929,9
19930,37
19931,8
19932,5
19933,3
19934,0
19935,0
19936,1
19937,4
19938,1
19939,1
19940,0
19941,0
19942,0
19943,0
19944,41
19945,11
19946,7
19947,3
19948,0
19949,0
19950,0
19951,17
19952,6
19953,4
19954,1
19955,0
19956,0
19957,0
19958,119
19959,59
19960,53
19961,39
19962,0
19963,0
19964,0
19965,8
19966,2
19967,2
19968,0
19969,0
19970,0
19971,0
19972,96
19973,31
19974,24
19975,14
19976,0
19977,0
19978,0
19979,415
19980,192
19981,163
19982,112
19983,18
19984,20
19985,22
19986,43
19987,14
19988,10
19989,3
19990,0
19991,0
19992,0
19993,147
19994,61
19995,51
19996,32
19997,0
19998,0
19999,4
20000,116
20001,62
20002,54
20003,40
20004,4
20005,4
20006,3
20007,50
20008,27
20009,23
20010,13
20011,0
20012,0
20013,0
20014,37
20015,18
20016,15
20017,7
20018,0
20019,0
20020,0
20021,5
20022,0
20023,0
20024,0
20025,0
20026,0
20027,0
20028,109
20029,59
20030,51
20031,40
20032,2
20033,1
20034,0
20035,93
20036,36
20037,31
20038,20
20039,0
20040,0
20041,0
20042,119
20043,52
20044,48
20045,34
20046,2
20047,3
20048,3
20049,60
20050,34
20051,31
20052,20
20053,0
20054,0
20055,0
20056,44
20057,10
20058,8
20059,1
20060,0
20061,0
20062,0
20063,57
20064,33
20065,31
20066,20
20067,1
20068,1
20069,1
20070,142
20071,72
20072,62
20073,46
20074,0
20075,0
20076,0
20077,43
20078,16
20079,13
20080,4
20081,1
20082,1
20083,1
20084,7
20085,2
20086,2
20087,0
20088,0
20089,0
20090,0
20091,51
20092,17
20093,12
20094,7
20095,0
20096,0
20097,0
20098,132
20099,75
20100,66
20101,53
20102,9
20103,8
20104,7
20105,0
20106,1
20107,0
20108,0
20109,0
20110,0
20111,0
20112,35
20113,18
20114,15
20115,7
20116,0
20117,0
20118,0
20119,45
20120,13
20121,10
20122,3
20123,1
20124,1
20125,1
20126,35
20127,14
20128,11
20129,4
20130,0
20131,0
20132,0
20133,37
20134,14
20135,10
20136,5
20137,1
20138,1
20139,1
20140,59
20141,26
20142,21
20143,13
20144,0
20145,0
20146,1
20147,74
20148,29
20149,23
20150,16
20151,0
20152,0
20153,0
20154,29
20155,6
20156,4
20157,2
20158,0
20159,0
20160,0
20161,19
20162,13
20163,12
20164,4
20165,3
20166,3
20167,2
20168,45
20169,20
20170,16
20171,7
20172,1
20173,0
20174,0
20175,73
20176,38
20177,31
20178,20
20179,0
20180,0
20181,0
20182,188
20183,85
20184,73
20185,54
20186,2
20187,0
20188,1
20189,40
20190,12
20191,8
20192,2
20193,0
20194,0
20195,1
20196,57
20197,85
20198,58
20199,11
20200,3
20201,17
20202,34
20203,3
20204,2
20205,1
20206,0
20207,0
20208,0
20209,0
20210,0
20211,0
20212,0
20213,0
20214,0
20215,0
20216,0
20217,35
20218,33
20219,31
20220,12
20221,3
20222,11
20223,22
20224,6
20225,4
20226,2
20227,0
20228,0
20229,1
20230,2
20231,3
20232,3
20233,0
20234,0
20235,0
20236,0
20237,0
20238,1
20239,0
20240,0
20241,0
20242,0
20243,0
20244,0
20245,4
20246,4
20247,1
20248,0
20249,0
20250,0
20251,1
20252,7
20253,6
20254,3
20255,0
20256,0
20257,1
20258,3
20259,2
20260,2
20261,0
20262,0
20263,0
20264,0
20265,0
20266,8
20267,5
20268,3
20269,0
20270,0
20271,1
20272,4
20273,18
20274,17
20275,12
20276,2
20277,0
20278,5
20279,10
20280,6
20281,5
20282,1
20283,0
20284,0
20285,0
20286,1
20287,0
20288,0
20289,0
20290,0
20291,0
20292,0
20293,0
20294,2
20295,2
20296,0
20297,0
20298,0
20299,0
20300,0
20301,0
20302,0
20303,0
20304,0
20305,0
20306,0
20307,1
20308,0
20309,0
20310,0
20311,0
20312,0
20313,0
20314,1
20315,20
20316,19
20317,13
20318,2
20319,0
20320,7
20321,13
20322,8
20323,7
20324,5
20325,1
20326,0
20327,1
20328,2
20329,0
20330,0
20331,0
20332,0
20333,0
20334,0
20335,0
20336,140
20337,202
20338,173
20339,31
20340,1
20341,23
20342,31
20343,0
20344,0
20345,0
20346,1
20347,1
20348,1
20349,1
20350,6
20351,4
20352,1
20353,0
20354,0
20355,1
20356,3
20357,4
20358,3
20359,2
20360,0
20361,0
20362,1
20363,2
20364,6
20365,4
20366,1
20367,0
20368,0
20369,0
20370,1
20371,39
20372,52
20373,49
20374,8
20375,1
20376,10
20377,26
20378,2
20379,2
20380,0
20381,0
20382,0
20383,0
20384,0
20385,24
20386,25
20387,25
20388,8
20389,4
20390,10
20391,19
20392,0
20393,0
20394,0
20395,0
20396,0
20397,0
20398,0
20399,10
20400,8
20401,3
20402,0
20403,0
20404,1
20405,3
20406,2
20407,2
20408,0
20409,0
20410,0
20411,0
20412,1
20413,0
20414,0
20415,0
20416,0
20417,0
20418,0
20419,0
20420,8
20421,6
20422,2
20423,0
20424,0
20425,0
20426,1
20427,8
20428,8
20429,0
20430,0
20431,0
20432,1
20433,0
20434,3
20435,3
20436,0
20437,0
20438,0
20439,0
20440,1
20441,110
20442,154
20443,73
20444,21
20445,0
20446,8
20447,16
20448,2
20449,2
20450,0
20451,0
20452,0
20453,0
20454,1
20455,12
20456,9
20457,2
20458,0
20459,0
20460,1
20461,2
20462,23
20463,24
20464,12
20465,0
20466,0
20467,5
20468,10
20469,0
20470,0
20471,0
20472,0
20473,0
20474,0
20475,1
20476,16
20477,15
20478,14
20479,4
20480,1
20481,5
20482,10
20483,17
20484,15
20485,13
20486,2
20487,1
20488,4
20489,7
20490,21
20491,20
20492,19
20493,7
20494,1
20495,7
20496,13
20497,7
20498,4
20499,3
20500,0
20501,0
20502,1
20503,1
20504,34
20505,77
20506,77
20507,10
20508,0
20509,14
20510,46
20511,1
20512,1
20513,0
20514,0
20515,0
20516,0
20517,0
20518,63
20519,72
20520,39
20521,2
20522,1
20523,10
20524,27
20525,0
20526,0
20527,0
20528,0
20529,0
20530,0
20531,1
20532,0
20533,0
20534,0
20535,0
20536,0
20537,0
20538,0
20539,11
20540,9
20541,2
20542,0
20543,0
20544,0
20545,2
20546,25
20547,22
20548,12
20549,2
20550,0
20551,4
20552,8
20553,0
20554,1
20555,0
20556,0
20557,0
20558,0
20559,1
20560,30
20561,28
20562,11
20563,0
20564,0
20565,4
20566,8
20567,0
20568,0
20569,0
20570,0
20571,0
20572,0
20573,0
20574,0
20575,1
20576,0
20577,0
20578,0
20579,0
20580,1
20581,2
20582,1
20583,1
20584,0
20585,0
20586,0
20587,1
20588,0
20589,0
20590,0
20591,0
20592,0
20593,0
20594,0
20595,0
20596,1
20597,0
20598,0
20599,0
20600,0
20601,0
20602,15
20603,12
20604,7
20605,1
20606,0
20607,3
20608,6
20609,0
20610,0
20611,0
20612,0
20613,0
20614,0
20615,0
20616,1276
20617,1241
20618,1222
20619,1114
20620,968
20621,1014
20622,862
20623,2106
20624,2015
20625,2212
20626,1984
20627,1688
20628,1626
20629,1388
20630,249
20631,255
20632,214
20633,194
20634,142
20635,171
20636,110
20637,123
20638,113
20639,124
20640,111
20641,56
20642,48
20643,39
20644,313
20645,321
20646,273
20647,243
20648,190
20649,226
20650,165
20651,245
20652,240
20653,207
20654,192
20655,153
20656,148
20657,134
20658,2058
20659,1994
20660,1807
20661,1679
20662,1476
20663,1668
20664,1325
20665,336
20666,330
20667,320
20668,292
20669,247
20670,239
20671,209
20672,238
20673,235
20674,232
20675,205
20676,167
20677,188
20678,128
20679,276
20680,275
20681,175
20682,160
20683,145
20684,269
20685,127
20686,457
20687,442
20688,510
20689,440
20690,358
20691,396
20692,281
20693,315
20694,335
20695,321
20696,278
20697,226
20698,276
20699,164
20700,211
20701,181
20702,292
20703,253
20704,201
20705,145
20706,147
20707,591
20708,574
20709,614
20710,560
20711,506
20712,538
20713,406
20714,181
20715,181
20716,142
20717,133
20718,102
20719,101
20720,88
20721,288
20722,279
20723,315
20724,271
20725,231
20726,213
20727,184
20728,911
20729,995
20730,965
20731,851
20732,678
20733,693
20734,548
20735,183
20736,181
20737,171
20738,144
20739,105
20740,125
20741,72
20742,329
20743,309
20744,342
20745,294
20746,237
20747,285
20748,172
20749,166
20750,168
20751,151
20752,142
20753,124
20754,119
20755,106
20756,201
20757,191
20758,177
20759,162
20760,122
20761,106
20762,100
20763,430
20764,424
20765,425
20766,385
20767,347
20768,366
20769,291
20770,595
20771,641
20772,668
20773,583
20774,472
20775,499
20776,374
20777,459
20778,454
20779,444
20780,399
20781,360
20782,362
20783,317
20784,1439
20785,1371
20786,1391
20787,1271
20788,1126
20789,1240
20790,965
20791,229
20792,229
20793,208
20794,186
20795,163
20796,193
20797,140
20798,612
20799,588
20800,579
20801,519
20802,456
20803,472
20804,399
20805,544
20806,546
20807,504
20808,456
20809,394
20810,432
20811,344
20812,224
20813,220
20814,248
20815,219
20816,195
20817,211
20818,146
20819,273
20820,262
20821,276
20822,252
20823,194
20824,157
20825,153
20826,386
20827,392
20828,346
20829,318
20830,276
20831,293
20832,245
20833,369
20834,360
20835,353
20836,317
20837,259
20838,300
20839,207
20840,146
20841,140
20842,149
20843,137
20844,102
20845,100
20846,76
20847,143
20848,139
20849,168
20850,146
20851,106
20852,89
20853,70
20854,897
20855,889
20856,747
20857,709
20858,655
20859,756
20860,575
20861,282
20862,272
20863,309
20864,273
20865,246
20866,239
20867,210
20868,2180
20869,2008
20870,1911
20871,1838
20872,1660
20873,1743
20874,1462
20875,502
20876,463
20877,630
20878,562
20879,466
20880,425
20881,373
20882,365
20883,357
20884,307
20885,293
20886,249
20887,278
20888,221
20889,228
20890,211
20891,255
20892,224
20893,194
20894,193
20895,159
20896,240
20897,236
20898,261
20899,242
20900,195
20901,182
20902,155
20903,291
20904,278
20905,303
20906,264
20907,216
20908,227
20909,171
20910,306
20911,316
20912,222
20913,210
20914,179
20915,207
20916,156
20917,183
20918,173
20919,164
20920,150
20921,113
20922,103
20923,98
20924,211
20925,199
20926,223
20927,199
20928,176
20929,150
20930,148
20931,852
20932,944
20933,809
20934,746
20935,629
20936,736
20937,534
20938,35
20939,33
20940,36
20941,34
20942,20
20943,21
20944,18
20945,231
20946,222
20947,253
20948,219
20949,207
20950,229
20951,159
20952,1183
20953,1134
20954,1203
20955,1087
20956,982
20957,1058
20958,828
20959,117
20960,119
20961,115
20962,105
20963,71
20964,79
20965,64
20966,542
20967,560
20968,320
20969,300
20970,290
20971,453
20972,283
20973,183
20974,167
20975,200
20976,173
20977,127
20978,98
20979,101
20980,425
20981,429
20982,356
20983,331
20984,302
20985,375
20986,279
20987,733
20988,704
20989,735
20990,665
20991,591
20992,628
20993,490
20994,123
20995,114
20996,107
20997,100
20998,72
20999,92
21000,62
21001,589
21002,561
21003,592
21004,523
21005,437
21006,421
21007,364
21008,1002
21009,983
21010,911
21011,819
21012,710
21013,817
21014,617
21015,749
21016,754
21017,656
21018,583
21019,509
21020,678
21021,420
21022,373
21023,365
21024,401
21025,345
21026,303
21027,288
21028,251
21029,511
21030,518
21031,436
21032,408
21033,361
21034,432
21035,329
21036,2891
21037,2666
21038,2562
21039,2438
21040,2140
21041,2217
21042,1840
21043,291
21044,286
21045,281
21046,252
21047,224
21048,234
21049,197
21050,305
21051,291
21052,308
21053,279
21054,199
21055,214
21056,165
21057,420
21058,437
21059,371
21060,346
21061,308
21062,329
21063,262
21064,503
21065,504
21066,458
21067,419
21068,348
21069,378
21070,306
21071,680
21072,727
21073,671
21074,606
21075,509
21076,541
21077,430
21078,316
21079,286
21080,354
21081,321
21082,301
21083,300
21084,242
21085,244
21086,243
21087,231
21088,212
21089,167
21090,174
21091,139
21092,466
21093,420
21094,618
21095,543
21096,444
21097,347
21098,338
21099,57
21100,57
21101,37
21102,36
21103,18
21104,26
21105,17
21106,204
21107,210
21108,201
21109,179
21110,140
21111,143
21112,105
21113,504
21114,470
21115,515
21116,453
21117,392
21118,442
21119,293
21120,640
21121,622
21122,711
21123,634
21124,494
21125,419
21126,394
21127,297
21128,290
21129,303
21130,263
21131,240
21132,274
21133,191
21134,283
21135,262
21136,268
21137,247
21138,209
21139,216
21140,185
21141,758
21142,753
21143,705
21144,663
21145,588
21146,592
21147,504
21148,42
21149,40
21150,33
21151,31
21152,14
21153,15
21154,13
21155,197
21156,179
21157,216
21158,198
21159,154
21160,123
21161,120
21162,402
21163,415
21164,412
21165,385
21166,329
21167,316
21168,284
21169,1138
21170,1093
21171,933
21172,857
21173,790
21174,911
21175,709
21176,771
21177,716
21178,624
21179,596
21180,543
21181,602
21182,479
21183,605
21184,580
21185,588
21186,530
21187,439
21188,423
21189,367
21190,508
21191,494
21192,503
21193,467
21194,424
21195,420
21196,374
21197,140
21198,127
21199,135
21200,116
21201,84
21202,97
21203,65
21204,596
21205,606
21206,748
21207,664
21208,553
21209,444
21210,449
21211,1177
21212,1146
21213,1157
21214,1035
21215,885
21216,1019
21217,707
21218,634
21219,616
21220,557
21221,520
21222,462
21223,518
21224,416
21225,449
21226,431
21227,424
21228,399
21229,362
21230,376
21231,310
21232,291
21233,288
21234,295
21235,261
21236,215
21237,224
21238,179
21239,267
21240,260
21241,284
21242,252
21243,201
21244,197
21245,160
21246,129
21247,120
21248,94
21249,91
21250,70
21251,68
21252,62
21253,767
21254,763
21255,798
21256,715
21257,649
21258,700
21259,526
21260,699
21261,677
21262,753
21263,669
21264,594
21265,580
21266,521
21267,221
21268,218
21269,216
21270,203
21271,170
21272,149
21273,146
21274,821
21275,812
21276,727
21277,666
21278,580
21279,710
21280,516
21281,241
21282,232
21283,232
21284,217
21285,194
21286,192
21287,165
21288,921
21289,861
21290,940
21291,859
21292,763
21293,728
21294,655
21295,226
21296,206
21297,291
21298,260
21299,196
21300,144
21301,148
21302,628
21303,613
21304,622
21305,576
21306,534
21307,570
21308,459
21309,409
21310,443
21311,361
21312,335
21313,291
21314,336
21315,248
21316,411
21317,402
21318,490
21319,420
21320,355
21321,327
21322,289
21323,152
21324,161
21325,120
21326,114
21327,92
21328,94
21329,79
21330,304
21331,272
21332,338
21333,300
21334,267
21335,278
21336,207
21337,261
21338,243
21339,294
21340,263
21341,217
21342,203
21343,183
21344,392
21345,377
21346,432
21347,386
21348,328
21349,293
21350,265
21351,1262
21352,1262
21353,1199
21354,1087
21355,952
21356,1014
21357,821
21358,273
21359,272
21360,295
21361,273
21362,233
21363,206
21364,195
21365,300
21366,295
21367,324
21368,289
21369,261
21370,227
21371,220
21372,590
21373,589
21374,580
21375,537
21376,447
21377,475
21378,387
21379,199
21380,110
21381,100
21382,96
21383,64
21384,62
21385,83
21386,82
21387,53
21388,51
21389,41
21390,30
21391,24
21392,35
21393,99
21394,46
21395,41
21396,37
21397,23
21398,22
21399,32
21400,66
21401,39
21402,33
21403,25
21404,11
21405,11
21406,15
21407,543
21408,223
21409,197
21410,182
21411,130
21412,127
21413,192
21414,73
21415,26
21416,22
21417,13
21418,3
21419,7
21420,21
21421,618
21422,271
21423,245
21424,240
21425,188
21426,213
21427,319
21428,61
21429,40
21430,38
21431,29
21432,13
21433,15
21434,25
21435,112
21436,35
21437,30
21438,26
21439,22
21440,26
21441,46
21442,68
21443,40
21444,36
21445,29
21446,18
21447,16
21448,25
21449,149
21450,100
21451,91
21452,85
21453,63
21454,50
21455,57
21456,51
21457,59
21458,53
21459,46
21460,29
21461,18
21462,23
21463,54
21464,26
21465,23
21466,13
21467,5
21468,6
21469,15
21470,41
21471,31
21472,30
21473,21
21474,9
21475,8
21476,13
21477,632
21478,376
21479,342
21480,331
21481,276
21482,260
21483,311
21484,38
21485,23
21486,20
21487,14
21488,6
21489,7
21490,12
21491,71
21492,38
21493,34
21494,28
21495,19
21496,15
21497,24
21498,145
21499,71
21500,65
21501,65
21502,51
21503,50
21504,72
21505,189
21506,127
21507,119
21508,111
21509,87
21510,76
21511,82
21512,125
21513,73
21514,67
21515,63
21516,47
21517,46
21518,57
21519,256
21520,149
21521,139
21522,139
21523,106
21524,109
21525,138
21526,103
21527,44
21528,39
21529,34
21530,24
21531,25
21532,33
21533,279
21534,139
21535,119
21536,110
21537,71
21538,71
21539,112
21540,202
21541,108
21542,101
21543,98
21544,78
21545,70
21546,88
21547,162
21548,106
21549,99
21550,96
21551,83
21552,72
21553,87
21554,128
21555,74
21556,65
21557,55
21558,32
21559,35
21560,39
21561,293
21562,123
21563,107
21564,99
21565,77
21566,78
21567,121
21568,218
21569,112
21570,102
21571,98
21572,80
21573,73
21574,95
21575,115
21576,77
21577,71
21578,67
21579,47
21580,43
21581,46
21582,10
21583,9
21584,8
21585,5
21586,2
21587,2
21588,3
21589,209
21590,78
21591,72
21592,68
21593,45
21594,52
21595,89
21596,84
21597,54
21598,49
21599,42
21600,28
21601,23
21602,34
21603,736
21604,350
21605,329
21606,335
21607,213
21608,211
21609,306
21610,238
21611,195
21612,188
21613,184
21614,151
21615,135
21616,134
21617,98
21618,47
21619,44
21620,43
21621,29
21622,30
21623,43
21624,54
21625,35
21626,32
21627,28
21628,21
21629,16
21630,20
21631,129
21632,82
21633,77
21634,75
21635,62
21636,53
21637,63
21638,76
21639,47
21640,43
21641,36
21642,24
21643,20
21644,29
21645,143
21646,61
21647,55
21648,51
21649,39
21650,46
21651,74
21652,111
21653,57
21654,49
21655,41
21656,23
21657,26
21658,30
21659,637
21660,299
21661,280
21662,280
21663,215
21664,207
21665,284
21666,49
21667,37
21668,34
21669,29
21670,21
21671,19
21672,21
21673,62
21674,33
21675,28
21676,24
21677,11
21678,9
21679,16
21680,431
21681,216
21682,198
21683,200
21684,157
21685,154
21686,207
21687,253
21688,164
21689,151
21690,146
21691,121
21692,106
21693,123
21694,72
21695,29
21696,27
21697,21
21698,13
21699,14
21700,34
21701,67
21702,54
21703,48
21704,39
21705,24
21706,17
21707,25
21708,224
21709,128
21710,120
21711,117
21712,97
21713,93
21714,120
21715,125
21716,72
21717,65
21718,62
21719,44
21720,41
21721,64
21722,449
21723,220
21724,199
21725,199
21726,160
21727,162
21728,224
21729,181
21730,91
21731,82
21732,80
21733,60
21734,56
21735,78
21736,114
21737,63
21738,56
21739,52
21740,36
21741,38
21742,42
21743,307
21744,133
21745,121
21746,118
21747,83
21748,82
21749,127
21750,746
21751,386
21752,354
21753,346
21754,209
21755,219
21756,302
21757,83
21758,51
21759,49
21760,44
21761,31
21762,27
21763,36
21764,319
21765,199
21766,180
21767,181
21768,150
21769,141
21770,168
21771,142
21772,84
21773,74
21774,68
21775,53
21776,45
21777,54
21778,110
21779,52
21780,47
21781,40
21782,25
21783,23
21784,33
21785,251
21786,158
21787,151
21788,146
21789,122
21790,100
21791,112
21792,83
21793,57
21794,52
21795,48
21796,37
21797,35
21798,36
21799,133
21800,62
21801,54
21802,51
21803,32
21804,29
21805,42
21806,213
21807,191
21808,176
21809,166
21810,131
21811,99
21812,92
21813,6
21814,4
21815,3
21816,2
21817,1
21818,2
21819,3
21820,209
21821,113
21822,104
21823,97
21824,80
21825,66
21826,78
21827,136
21828,92
21829,83
21830,80
21831,64
21832,56
21833,66
21834,363
21835,234
21836,214
21837,206
21838,168
21839,152
21840,166
21841,182
21842,129
21843,120
21844,117
21845,102
21846,86
21847,97
21848,167
21849,81
21850,75
21851,72
21852,48
21853,49
21854,69
21855,65
21856,45
21857,41
21858,37
21859,17
21860,14
21861,20
21862,208
21863,115
21864,109
21865,104
21866,86
21867,73
21868,86
21869,299
21870,130
21871,119
21872,114
21873,82
21874,96
21875,143
21876,257
21877,113
21878,103
21879,102
21880,69
21881,70
21882,104
21883,111
21884,64
21885,58
21886,55
21887,39
21888,36
21889,58
21890,232
21891,148
21892,140
21893,133
21894,108
21895,95
21896,103
21897,58
21898,33
21899,27
21900,18
21901,9
21902,11
21903,27
21904,88
21905,72
21906,68
21907,59
21908,38
21909,31
21910,37
21911,464
21912,269
21913,241
21914,240
21915,187
21916,178
21917,227
21918,145
21919,57
21920,52
21921,51
21922,42
21923,39
21924,58
21925,304
21926,145
21927,134
21928,136
21929,114
21930,108
21931,153
21932,98
21933,58
21934,52
21935,49
21936,38
21937,35
21938,44
21939,46
21940,27
21941,24
21942,15
21943,6
21944,8
21945,15
21946,79
21947,43
21948,41
21949,36
21950,24
21951,22
21952,35
21953,112
21954,72
21955,69
21956,65
21957,44
21958,40
21959,51
21960,51
21961,40
21962,38
21963,26
21964,14
21965,14
21966,21
21967,95
21968,81
21969,76
21970,67
21971,49
21972,40
21973,43
21974,157
21975,54
21976,47
21977,42
21978,27
21979,35
21980,60
21981,87
21982,48
21983,45
21984,42
21985,30
21986,29
21987,33
21988,373
21989,285
21990,268
21991,260
21992,214
21993,193
21994,204
21995,85
21996,84
21997,76
21998,64
21999,41
22000,33
22001,30
22002,266
22003,130
22004,120
22005,121
22006,98
22007,96
22008,136
22009,126
22010,60
22011,55
22012,52
22013,36
22014,34
22015,48
22016,149
22017,104
22018,94
22019,91
22020,66
22021,58
22022,78
22023,29
22024,13
22025,12
22026,10
22027,6
22028,6
22029,12
22030,64
22031,52
22032,48
22033,39
22034,24
22035,20
22036,30
22037,550
22038,267
22039,241
22040,243
22041,195
22042,193
22043,282
22044,122
22045,69
22046,64
22047,60
22048,47
22049,41
22050,57
22051,157
22052,101
22053,90
22054,85
22055,69
22056,58
22057,67
22058,245
22059,130
22060,120
22061,117
22062,95
22063,81
22064,99
22065,0
22066,0
22067,0
22068,0
22069,0
22070,0
22071,0
22072,4
22073,1
22074,1
22075,0
22076,0
22077,1
22078,1
22079,2
22080,0
22081,0
22082,0
22083,0
22084,0
22085,0
22086,1
22087,0
22088,0
22089,0
22090,0
22091,0
22092,0
22093,3
22094,1
22095,1
22096,0
22097,0
22098,1
22099,1
22100,3
22101,1
22102,0
22103,0
22104,0
22105,0
22106,1
22107,2
22108,1
22109,1
22110,0
22111,0
22112,0
22113,1
22114,0
22115,0
22116,0
22117,0
22118,0
22119,0
22120,0
22121,6
22122,1
22123,0
22124,0
22125,0
22126,1
22127,2
22128,1
22129,0
22130,0
22131,0
22132,0
22133,0
22134,0
22135,1
22136,1
22137,1
22138,0
22139,0
22140,0
22141,1
22142,1
22143,0
22144,0
22145,0
22146,0
22147,0
22148,0
22149,4
22150,1
22151,0
22152,0
22153,0
22154,0
22155,1
22156,1
22157,0
22158,0
22159,0
22160,0
22161,0
22162,0
22163,0
22164,0
22165,0
22166,0
22167,0
22168,0
22169,0
22170,2
22171,0
22172,0
22173,0
22174,0
22175,0
22176,0
22177,1
22178,0
22179,0
22180,0
22181,0
22182,0
22183,0
22184,0
22185,0
22186,0
22187,0
22188,0
22189,0
22190,0
22191,4
22192,1
22193,1
22194,0
22195,0
22196,0
22197,1
22198,486
22199,268
22200,243
22201,230
22202,206
22203,227
22204,305
22205,355
22206,227
22207,216
22208,208
22209,189
22210,197
22211,217
22212,215
22213,96
22214,84
22215,77
22216,66
22217,75
22218,124
22219,163
22220,102
22221,89
22222,75
22223,61
22224,69
22225,88
22226,591
22227,254
22228,227
22229,208
22230,172
22231,189
22232,320
22233,127
22234,41
22235,35
22236,32
22237,22
22238,29
22239,65
22240,860
22241,413
22242,374
22243,367
22244,323
22245,379
22246,615
22247,57
22248,30
22249,27
22250,20
22251,14
22252,15
22253,29
22254,92
22255,58
22256,53
22257,47
22258,42
22259,45
22260,58
22261,150
22262,46
22263,40
22264,36
22265,31
22266,42
22267,92
22268,216
22269,123
22270,110
22271,100
22272,89
22273,95
22274,123
22275,173
22276,115
22277,106
22278,99
22279,89
22280,89
22281,101
22282,88
22283,75
22284,69
22285,60
22286,55
22287,56
22288,54
22289,203
22290,128
22291,122
22292,119
22293,104
22294,109
22295,125
22296,97
22297,60
22298,58
22299,52
22300,38
22301,39
22302,58
22303,78
22304,53
22305,51
22306,47
22307,33
22308,36
22309,49
22310,735
22311,434
22312,402
22313,381
22314,350
22315,362
22316,441
22317,151
22318,76
22319,67
22320,61
22321,50
22322,58
22323,78
22324,138
22325,92
22326,87
22327,82
22328,73
22329,74
22330,88
22331,34
22332,22
22333,21
22334,18
22335,12
22336,12
22337,20
22338,193
22339,91
22340,84
22341,82
22342,76
22343,82
22344,125
22345,581
22346,376
22347,351
22348,339
22349,310
22350,316
22351,346
22352,123
22353,55
22354,49
22355,45
22356,40
22357,46
22358,76
22359,594
22360,310
22361,284
22362,282
22363,260
22364,286
22365,390
22366,155
22367,62
22368,54
22369,50
22370,43
22371,50
22372,86
22373,343
22374,156
22375,134
22376,121
22377,102
22378,119
22379,206
22380,381
22381,192
22382,174
22383,174
22384,153
22385,170
22386,261
22387,203
22388,143
22389,136
22390,133
22391,120
22392,124
22393,149
22394,106
22395,54
22396,50
22397,41
22398,35
22399,40
22400,73
22401,414
22402,231
22403,210
22404,200
22405,178
22406,195
22407,261
22408,120
22409,89
22410,83
22411,75
22412,67
22413,70
22414,79
22415,114
22416,67
22417,60
22418,55
22419,43
22420,46
22421,62
22422,224
22423,91
22424,86
22425,82
22426,73
22427,90
22428,160
22429,137
22430,85
22431,78
22432,74
22433,68
22434,72
22435,84
22436,1407
22437,713
22438,667
22439,664
22440,581
22441,637
22442,866
22443,385
22444,332
22445,317
22446,314
22447,285
22448,286
22449,277
22450,43
22451,26
22452,25
22453,19
22454,16
22455,19
22456,30
22457,133
22458,94
22459,91
22460,83
22461,70
22462,70
22463,90
22464,277
22465,169
22466,162
22467,158
22468,142
22469,148
22470,178
22471,43
22472,28
22473,26
22474,20
22475,15
22476,16
22477,22
22478,199
22479,69
22480,61
22481,55
22482,50
22483,62
22484,120
22485,52
22486,28
22487,25
22488,13
22489,14
22490,17
22491,31
22492,61
22493,38
22494,35
22495,30
22496,20
22497,21
22498,34
22499,935
22500,458
22501,427
22502,418
22503,374
22504,404
22505,564
22506,94
22507,86
22508,78
22509,71
22510,62
22511,63
22512,57
22513,42
22514,34
22515,32
22516,27
22517,18
22518,18
22519,26
22520,465
22521,250
22522,234
22523,229
22524,204
22525,222
22526,305
22527,110
22528,69
22529,65
22530,61
22531,52
22532,55
22533,70
22534,358
22535,72
22536,60
22537,52
22538,43
22539,67
22540,216
22541,77
22542,57
22543,51
22544,43
22545,33
22546,36
22547,41
22548,239
22549,84
22550,74
22551,71
22552,62
22553,75
22554,145
22555,325
22556,180
22557,169
22558,165
22559,149
22560,162
22561,225
22562,131
22563,81
22564,75
22565,73
22566,65
22567,72
22568,99
22569,205
22570,84
22571,71
22572,65
22573,52
22574,62
22575,106
22576,596
22577,283
22578,257
22579,252
22580,226
22581,252
22582,381
22583,295
22584,141
22585,129
22586,122
22587,108
22588,119
22589,181
22590,230
22591,137
22592,125
22593,120
22594,105
22595,115
22596,139
22597,320
22598,130
22599,118
22600,114
22601,98
22602,114
22603,197
22604,1551
22605,785
22606,724
22607,688
22608,593
22609,649
22610,922
22611,180
22612,103
22613,94
22614,93
22615,83
22616,90
22617,111
22618,320
22619,206
22620,191
22621,186
22622,170
22623,185
22624,224
22625,233
22626,153
22627,138
22628,131
22629,111
22630,117
22631,135
22632,181
22633,79
22634,73
22635,65
22636,53
22637,60
22638,95
22639,318
22640,153
22641,142
22642,134
22643,122
22644,137
22645,203
22646,304
22647,180
22648,169
22649,161
22650,149
22651,156
22652,197
22653,113
22654,71
22655,66
22656,62
22657,54
22658,57
22659,70
22660,224
22661,115
22662,103
22663,94
22664,79
22665,89
22666,129
22667,338
22668,294
22669,274
22670,255
22671,227
22672,229
22673,207
22674,250
22675,127
22676,116
22677,109
22678,90
22679,100
22680,138
22681,217
22682,151
22683,138
22684,132
22685,118
22686,124
22687,149
22688,532
22689,303
22690,283
22691,271
22692,249
22693,257
22694,308
22695,87
22696,55
22697,51
22698,42
22699,34
22700,38
22701,64
22702,244
22703,191
22704,181
22705,172
22706,157
22707,165
22708,181
22709,382
22710,199
22711,186
22712,179
22713,158
22714,174
22715,252
22716,34
22717,20
22718,18
22719,13
22720,10
22721,10
22722,20
22723,113
22724,81
22725,75
22726,67
22727,58
22728,59
22729,66
22730,149
22731,70
22732,66
22733,62
22734,52
22735,59
22736,92
22737,396
22738,163
22739,149
22740,140
22741,124
22742,152
22743,256
22744,670
22745,289
22746,258
22747,249
22748,226
22749,251
22750,392
22751,221
22752,111
22753,97
22754,95
22755,82
22756,94
22757,143
22758,223
22759,144
22760,137
22761,130
22762,115
22763,118
22764,134
22765,140
22766,72
22767,59
22768,53
22769,44
22770,55
22771,83
22772,285
22773,235
22774,220
22775,209
22776,177
22777,171
22778,161
22779,772
22780,512
22781,471
22782,451
22783,400
22784,420
22785,516
22786,259
22787,109
22788,100
22789,100
22790,94
22791,106
22792,163
22793,334
22794,175
22795,164
22796,165
22797,153
22798,171
22799,245
22800,98
22801,56
22802,51
22803,48
22804,42
22805,45
22806,67
22807,130
22808,76
22809,67
22810,53
22811,42
22812,46
22813,65
22814,107
22815,53
22816,49
22817,47
22818,41
22819,47
22820,66
22821,39
22822,22
22823,20
22824,16
22825,13
22826,14
22827,24
22828,442
22829,247
22830,227
22831,219
22832,199
22833,208
22834,272
22835,226
22836,153
22837,142
22838,137
22839,130
22840,132
22841,146
22842,256
22843,225
22844,211
22845,192
22846,169
22847,165
22848,151
22849,246
22850,99
22851,89
22852,79
22853,70
22854,86
22855,153
22856,205
22857,113
22858,104
22859,101
22860,90
22861,97
22862,122
22863,562
22864,423
22865,396
22866,381
22867,346
22868,353
22869,362
22870,121
22871,134
22872,127
22873,110
22874,91
22875,85
22876,73
22877,115
22878,64
22879,62
22880,59
22881,54
22882,58
22883,82
22884,224
22885,105
22886,98
22887,97
22888,88
22889,96
22890,137
22891,312
22892,206
22893,183
22894,176
22895,154
22896,164
22897,190
22898,55
22899,23
22900,21
22901,17
22902,14
22903,16
22904,35
22905,127
22906,92
22907,88
22908,84
22909,78
22910,81
22911,87
22912,191
22913,157
22914,145
22915,138
22916,121
22917,125
22918,130
22919,110
22920,61
22921,55
22922,53
22923,44
22924,48
22925,68
22926,181
22927,122
22928,114
22929,111
22930,99
22931,104
22932,123
22933,753
22934,363
22935,329
22936,323
22937,292
22938,322
22939,490
22940,107
22941,60
22942,55
22943,50
22944,47
22945,51
22946,66
22947,36
22948,25
22949,24
22950,18
22951,15
22952,16
22953,22
22954,312
22955,139
22956,127
22957,126
22958,112
22959,125
22960,199
22961,101
22962,66
22963,56
22964,37
22965,23
22966,23
22967,23
22968,173
22969,130
22970,117
22971,101
22972,107
22973,105
22974,105
22975,22
22976,10
22977,9
22978,0
22979,1
22980,1
22981,0
22982,56
22983,43
22984,37
22985,23
22986,19
22987,16
22988,13
22989,35
22990,20
22991,18
22992,0
22993,1
22994,1
22995,1
22996,26
22997,7
22998,5
22999,0
23000,0
23001,0
23002,0
23003,209
23004,103
23005,91
23006,69
23007,39
23008,37
23009,36
23010,38
23011,26
23012,23
23013,9
23014,2
23015,1
23016,2
23017,30
23018,14
23019,13
23020,5
23021,1
23022,1
23023,1
23024,20
23025,21
23026,21
23027,1
23028,3
23029,3
23030,3
23031,55
23032,40
23033,40
23034,26
23035,10
23036,9
23037,8
23038,6
23039,5
23040,5
23041,2
23042,3
23043,3
23044,3
23045,172
23046,119
23047,103
23048,89
23049,90
23050,89
23051,84
23052,4
23053,2
23054,1
23055,0
23056,0
23057,0
23058,0
23059,92
23060,72
23061,67
23062,58
23063,24
23064,23
23065,21
23066,52
23067,37
23068,32
23069,18
23070,16
23071,13
23072,10
23073,49
23074,28
23075,28
23076,13
23077,8
23078,7
23079,7
23080,112
23081,78
23082,72
23083,55
23084,18
23085,17
23086,17
23087,33
23088,21
23089,22
23090,10
23091,7
23092,7
23093,7
23094,152
23095,95
23096,84
23097,72
23098,56
23099,52
23100,52
23101,30
23102,21
23103,21
23104,3
23105,10
23106,9
23107,9
23108,100
23109,60
23110,52
23111,37
23112,17
23113,18
23114,17
23115,46
23116,24
23117,21
23118,9
23119,1
23120,1
23121,2
23122,32
23123,27
23124,26
23125,12
23126,10
23127,9
23128,9
23129,4
23130,2
23131,2
23132,0
23133,1
23134,0
23135,1
23136,91
23137,41
23138,40
23139,23
23140,9
23141,10
23142,9
23143,88
23144,46
23145,41
23146,27
23147,9
23148,8
23149,8
23150,46
23151,34
23152,34
23153,15
23154,10
23155,9
23156,8
23157,158
23158,58
23159,51
23160,34
23161,21
23162,20
23163,22
23164,20
23165,15
23166,15
23167,0
23168,2
23169,2
23170,2
23171,455
23172,236
23173,228
23174,164
23175,162
23176,164
23177,169
23178,99
23179,88
23180,88
23181,70
23182,60
23183,56
23184,50
23185,55
23186,52
23187,46
23188,35
23189,23
23190,20
23191,17
23192,13
23193,9
23194,9
23195,1
23196,1
23197,1
23198,1
23199,75
23200,52
23201,44
23202,27
23203,20
23204,17
23205,11
23206,9
23207,7
23208,7
23209,2
23210,3
23211,3
23212,2
23213,168
23214,82
23215,76
23216,60
23217,54
23218,51
23219,52
23220,18
23221,13
23222,13
23223,0
23224,2
23225,2
23226,2
23227,162
23228,101
23229,93
23230,76
23231,33
23232,30
23233,30
23234,122
23235,71
23236,64
23237,52
23238,15
23239,13
23240,11
23241,65
23242,19
23243,16
23244,10
23245,1
23246,1
23247,2
23248,51
23249,37
23250,29
23251,21
23252,2
23253,2
23254,0
23255,77
23256,53
23257,53
23258,44
23259,12
23260,12
23261,13
23262,53
23263,35
23264,36
23265,16
23266,14
23267,13
23268,12
23269,14
23270,11
23271,11
23272,0
23273,1
23274,2
23275,1
23276,145
23277,73
23278,68
23279,50
23280,19
23281,20
23282,20
23283,84
23284,48
23285,47
23286,37
23287,12
23288,13
23289,13
23290,38
23291,29
23292,28
23293,11
23294,3
23295,3
23296,3
23297,86
23298,42
23299,43
23300,31
23301,19
23302,18
23303,17
23304,268
23305,169
23306,155
23307,98
23308,72
23309,73
23310,71
23311,58
23312,41
23313,37
23314,28
23315,13
23316,12
23317,10
23318,102
23319,70
23320,61
23321,56
23322,45
23323,44
23324,39
23325,8
23326,6
23327,5
23328,2
23329,0
23330,0
23331,0
23332,50
23333,28
23334,25
23335,14
23336,3
23337,3
23338,3
23339,141
23340,62
23341,53
23342,31
23343,14
23344,14
23345,14
23346,156
23347,91
23348,79
23349,66
23350,61
23351,59
23352,55
23353,13
23354,11
23355,11
23356,1
23357,0
23358,0
23359,0
23360,5
23361,3
23362,3
23363,0
23364,0
23365,0
23366,0
23367,84
23368,89
23369,84
23370,64
23371,39
23372,35
23373,31
23374,74
23375,47
23376,43
23377,31
23378,14
23379,14
23380,11
23381,64
23382,51
23383,50
23384,36
23385,8
23386,7
23387,8
23388,144
23389,99
23390,91
23391,69
23392,35
23393,34
23394,28
23395,76
23396,38
23397,35
23398,23
23399,3
23400,2
23401,3
23402,86
23403,57
23404,49
23405,32
23406,6
23407,6
23408,5
23409,56
23410,29
23411,27
23412,21
23413,1
23414,1
23415,2
23416,171
23417,65
23418,56
23419,34
23420,13
23421,14
23422,16
23423,113
23424,52
23425,45
23426,31
23427,10
23428,10
23429,10
23430,38
23431,23
23432,22
23433,3
23434,5
23435,5
23436,4
23437,41
23438,29
23439,26
23440,13
23441,0
23442,0
23443,0
23444,61
23445,45
23446,40
23447,38
23448,15
23449,15
23450,12
23451,45
23452,36
23453,36
23454,14
23455,9
23456,8
23457,8
23458,167
23459,117
23460,106
23461,70
23462,66
23463,67
23464,66
23465,53
23466,23
23467,19
23468,14
23469,2
23470,2
23471,2
23472,9
23473,6
23474,6
23475,1
23476,0
23477,0
23478,0
23479,198
23480,103
23481,91
23482,79
23483,47
23484,48
23485,44
23486,32
23487,22
23488,22
23489,8
23490,8
23491,8
23492,8
23493,14
23494,9
23495,8
23496,0
23497,1
23498,1
23499,1
23500,20
23501,12
23502,13
23503,4
23504,4
23505,4
23506,4
23507,86
23508,58
23509,54
23510,43
23511,13
23512,13
23513,14
23514,125
23515,108
23516,100
23517,77
23518,20
23519,16
23520,12
23521,130
23522,61
23523,55
23524,36
23525,12
23526,13
23527,14
23528,19
23529,10
23530,9
23531,5
23532,0
23533,0
23534,0
23535,120
23536,100
23537,94
23538,72
23539,37
23540,35
23541,32
23542,4
23543,4
23544,4
23545,0
23546,0
23547,0
23548,0
23549,63
23550,37
23551,38
23552,16
23553,5
23554,4
23555,5
23556,27
23557,14
23558,14
23559,3
23560,3
23561,3
23562,3
23563,42
23564,27
23565,27
23566,9
23567,5
23568,4
23569,4
23570,17
23571,8
23572,7
23573,2
23574,0
23575,0
23576,0
23577,88
23578,85
23579,76
23580,63
23581,36
23582,33
23583,29
23584,51
23585,50
23586,47
23587,28
23588,11
23589,11
23590,8
23591,181
23592,100
23593,93
23594,74
23595,19
23596,16
23597,16
23598,35
23599,26
23600,24
23601,13
23602,4
23603,3
23604,3
23605,34
23606,22
23607,19
23608,7
23609,1
23610,1
23611,1
23612,33
23613,19
23614,18
23615,0
23616,2
23617,2
23618,3
23619,15
23620,9
23621,0
23622,0
23623,0
23624,0
23625,0
23626,151
23627,136
23628,56
23629,39
23630,34
23631,34
23632,32
23633,56
23634,43
23635,22
23636,0
23637,0
23638,0
23639,0
23640,0
23641,0
23642,0
23643,0
23644,0
23645,0
23646,0
23647,30
23648,24
23649,6
23650,0
23651,0
23652,0
23653,0
23654,27
23655,20
23656,4
23657,0
23658,0
23659,0
23660,0
23661,4
23662,0
23663,0
23664,0
23665,0
23666,0
23667,0
23668,37
23669,30
23670,11
23671,1
23672,0
23673,0
23674,0
23675,17
23676,10
23677,0
23678,0
23679,0
23680,0
23681,0
23682,10
23683,7
23684,0
23685,0
23686,0
23687,0
23688,0
23689,11
23690,6
23691,0
23692,0
23693,0
23694,0
23695,0
23696,158
23697,137
23698,50
23699,52
23700,44
23701,47
23702,44
23703,7
23704,3
23705,0
23706,0
23707,0
23708,0
23709,0
23710,100
23711,82
23712,28
23713,11
23714,5
23715,4
23716,3
23717,0
23718,0
23719,0
23720,0
23721,0
23722,0
23723,0
23724,14
23725,7
23726,0
23727,0
23728,0
23729,0
23730,0
23731,29
23732,23
23733,5
23734,0
23735,0
23736,0
23737,0
23738,27
23739,21
23740,7
23741,0
23742,0
23743,0
23744,0
23745,12
23746,6
23747,2
23748,0
23749,0
23750,0
23751,0
23752,0
23753,0
23754,0
23755,0
23756,0
23757,0
23758,0
23759,1
23760,1
23761,0
23762,0
23763,0
23764,0
23765,0
23766,1
23767,1
23768,0
23769,0
23770,0
23771,0
23772,0
23773,18
23774,12
23775,0
23776,0
23777,0
23778,0
23779,0
23780,157
23781,133
23782,42
23783,26
23784,19
23785,21
23786,19
23787,20
23788,14
23789,0
23790,0
23791,0
23792,0
23793,0
23794,30
23795,21
23796,5
23797,0
23798,0
23799,0
23800,0
23801,35
23802,25
23803,3
23804,0
23805,0
23806,0
23807,0
23808,40
23809,31
23810,5
23811,0
23812,0
23813,0
23814,0
23815,21
23816,16
23817,3
23818,0
23819,0
23820,0
23821,0
23822,101
23823,88
23824,37
23825,17
23826,11
23827,10
23828,9
23829,38
23830,27
23831,5
23832,0
23833,0
23834,0
23835,0
23836,47
23837,36
23838,11
23839,0
23840,0
23841,0
23842,0
23843,10
23844,5
23845,0
23846,0
23847,0
23848,0
23849,0
23850,14
23851,9
23852,0
23853,0
23854,0
23855,0
23856,0
23857,59
23858,49
23859,22
23860,1
23861,0
23862,0
23863,0
23864,19
23865,12
23866,0
23867,0
23868,0
23869,0
23870,0
23871,22
23872,16
23873,4
23874,0
23875,0
23876,0
23877,0
23878,32
23879,26
23880,9
23881,0
23882,0
23883,0
23884,0
23885,4
23886,0
23887,0
23888,0
23889,0
23890,0
23891,0
23892,69
23893,35
23894,30
23895,1
23896,0
23897,0
23898,0
23899,368
23900,221
23901,204
23902,94
23903,43
23904,42
23905,38
23906,10
23907,1
23908,0
23909,0
23910,0
23911,0
23912,0
23913,53
23914,25
23915,20
23916,4
23917,0
23918,0
23919,0
23920,147
23921,65
23922,57
23923,11
23924,0
23925,0
23926,0
23927,238
23928,101
23929,89
23930,32
23931,4
23932,2
23933,1
23934,50
23935,19
23936,15
23937,1
23938,0
23939,0
23940,0
23941,34
23942,16
23943,13
23944,0
23945,0
23946,0
23947,0
23948,85
23949,45
23950,41
23951,6
23952,2
23953,2
23954,1
23955,12
23956,9
23957,8
23958,0
23959,0
23960,0
23961,0
23962,76
23963,26
23964,21
23965,4
23966,0
23967,0
23968,0
23969,37
23970,15
23971,12
23972,0
23973,0
23974,0
23975,0
23976,64
23977,35
23978,30
23979,6
23980,1
23981,1
23982,0
23983,204
23984,118
23985,104
23986,30
23987,3
23988,1
23989,0
23990,100
23991,43
23992,36
23993,5
23994,1
23995,0
23996,0
23997,119
23998,60
23999,54
24000,15
24001,1
24002,0
24003,0
24004,77
24005,26
24006,19
24007,0
24008,0
24009,0
24010,0
24011,27
24012,12
24013,11
24014,0
24015,0
24016,0
24017,0
24018,155
24019,73
24020,62
24021,23
24022,2
24023,0
24024,0
24025,15
24026,9
24027,8
24028,1
24029,1
24030,1
24031,1
24032,115
24033,41
24034,31
24035,2
24036,1
24037,1
24038,1
24039,39
24040,17
24041,15
24042,0
24043,0
24044,0
24045,0
24046,111
24047,54
24048,46
24049,5
24050,0
24051,0
24052,0
24053,38
24054,16
24055,12
24056,0
24057,0
24058,0
24059,0
24060,114
24061,37
24062,32
24063,9
24064,3
24065,2
24066,2
24067,368
24068,175
24069,161
24070,55
24071,21
24072,20
24073,19
24074,68
24075,37
24076,34
24077,1
24078,2
24079,1
24080,1
24081,59
24082,25
24083,22
24084,2
24085,0
24086,0
24087,0
24088,61
24089,32
24090,26
24091,1
24092,1
24093,1
24094,0
24095,6
24096,1
24097,0
24098,1
24099,0
24100,0
24101,0
24102,11
24103,5
24104,4
24105,0
24106,0
24107,0
24108,0
24109,157
24110,72
24111,68
24112,15
24113,2
24114,1
24115,0
24116,161
24117,77
24118,68
24119,21
24120,3
24121,2
24122,1
24123,47
24124,11
24125,8
24126,0
24127,0
24128,0
24129,0
24130,94
24131,45
24132,40
24133,7
24134,1
24135,0
24136,1
24137,27
24138,8
24139,6
24140,0
24141,0
24142,0
24143,0
24144,229
24145,109
24146,97
24147,35
24148,8
24149,5
24150,3
24151,61
24152,25
24153,21
24154,1
24155,0
24156,0
24157,0
24158,114
24159,53
24160,43
24161,10
24162,4
24163,2
24164,2
24165,75
24166,29
24167,25
24168,0
24169,1
24170,1
24171,0
24172,652
24173,311
24174,275
24175,91
24176,37
24177,37
24178,35
24179,1
24180,1
24181,1
24182,0
24183,0
24184,0
24185,0
24186,81
24187,48
24188,41
24189,3
24190,1
24191,1
24192,0
24193,14
24194,5
24195,5
24196,0
24197,0
24198,0
24199,0
24200,100
24201,43
24202,38
24203,4
24204,1
24205,0
24206,0
24207,167
24208,93
24209,84
24210,28
24211,10
24212,9
24213,7
24214,65
24215,21
24216,16
24217,0
24218,0
24219,0
24220,0
24221,98
24222,51
24223,41
24224,9
24225,2
24226,2
24227,1
24228,240
24229,138
24230,125
24231,65
24232,28
24233,22
24234,17
24235,42
24236,14
24237,9
24238,0
24239,0
24240,0
24241,0
24242,120
24243,70
24244,63
24245,11
24246,0
24247,0
24248,0
24249,79
24250,36
24251,32
24252,3
24253,1
24254,0
24255,1
24256,64
24257,31
24258,28
24259,2
24260,0
24261,0
24262,0
24263,107
24264,43
24265,35
24266,6
24267,0
24268,0
24269,0
24270,81
24271,45
24272,40
24273,4
24274,1
24275,1
24276,0
24277,143
24278,84
24279,74
24280,25
24281,2
24282,0
24283,0
24284,294
24285,152
24286,135
24287,36
24288,0
24289,0
24290,0
24291,60
24292,24
24293,18
24294,2
24295,1
24296,0
24297,0
24298,54
24299,19
24300,13
24301,0
24302,0
24303,0
24304,0
24305,53
24306,19
24307,15
24308,0
24309,0
24310,0
24311,0
24312,123
24313,67
24314,60
24315,15
24316,1
24317,1
24318,0
24319,36
24320,20
24321,18
24322,0
24323,0
24324,0
24325,0
24326,30
24327,18
24328,16
24329,1
24330,0
24331,0
24332,0
24333,63
24334,24
24335,19
24336,1
24337,1
24338,1
24339,1
24340,21
24341,10
24342,8
24343,0
24344,0
24345,0
24346,0
24347,0
24348,0
24349,0
24350,0
24351,0
24352,0
24353,0
24354,21
24355,12
24356,10
24357,0
24358,1
24359,0
24360,0
24361,77
24362,31
24363,26
24364,4
24365,0
24366,0
24367,0
24368,22
24369,7
24370,6
24371,1
24372,0
24373,0
24374,0
24375,120
24376,62
24377,53
24378,14
24379,0
24380,0
24381,0
24382,47
24383,13
24384,9
24385,0
24386,0
24387,0
24388,0
24389,69
24390,42
24391,37
24392,4
24393,1
24394,1
24395,0
24396,40
24397,20
24398,17
24399,0
24400,0
24401,0
24402,0
24403,305
24404,145
24405,129
24406,50
24407,15
24408,12
24409,12
24410,138
24411,45
24412,37
24413,9
24414,0
24415,0
24416,0
24417,88
24418,50
24419,45
24420,2
24421,1
24422,0
24423,0
24424,240
24425,134
24426,119
24427,104
24428,87
24429,101
24430,157
24431,247
24432,165
24433,155
24434,143
24435,123
24436,122
24437,151
24438,43
24439,19
24440,16
24441,7
24442,4
24443,7
24444,25
24445,492
24446,218
24447,194
24448,182
24449,153
24450,192
24451,351
24452,45
24453,21
24454,18
24455,12
24456,10
24457,13
24458,30
24459,126
24460,82
24461,77
24462,69
24463,57
24464,59
24465,76
24466,69
24467,35
24468,31
24469,29
24470,14
24471,15
24472,39
24473,42
24474,24
24475,22
24476,20
24477,12
24478,15
24479,31
24480,309
24481,196
24482,178
24483,160
24484,143
24485,150
24486,196
24487,102
24488,66
24489,60
24490,49
24491,35
24492,39
24493,57
24494,139
24495,68
24496,55
24497,39
24498,24
24499,32
24500,65
24501,125
24502,70
24503,66
24504,56
24505,42
24506,48
24507,80
24508,14
24509,8
24510,7
24511,5
24512,2
24513,3
24514,6
24515,182
24516,99
24517,91
24518,86
24519,77
24520,86
24521,125
24522,289
24523,151
24524,126
24525,108
24526,79
24527,99
24528,187
24529,164
24530,87
24531,79
24532,73
24533,59
24534,62
24535,107
24536,102
24537,73
24538,70
24539,62
24540,54
24541,54
24542,75
24543,1346
24544,858
24545,744
24546,664
24547,572
24548,642
24549,739
24550,128
24551,56
24552,47
24553,35
24554,28
24555,34
24556,77
24557,239
24558,132
24559,121
24560,104
24561,89
24562,96
24563,147
24564,92
24565,60
24566,55
24567,46
24568,39
24569,41
24570,59
24571,53
24572,32
24573,28
24574,24
24575,12
24576,14
24577,31
24578,128
24579,54
24580,52
24581,46
24582,37
24583,45
24584,93
24585,376
24586,196
24587,187
24588,173
24589,132
24590,140
24591,227
24592,2136
24593,1771
24594,1645
24595,1602
24596,1431
24597,1502
24598,1636
24599,71
24600,36
24601,34
24602,30
24603,26
24604,30
24605,54
24606,134
24607,91
24608,87
24609,77
24610,65
24611,66
24612,89
24613,184
24614,70
24615,59
24616,52
24617,44
24618,58
24619,117
24620,273
24621,126
24622,116
24623,105
24624,85
24625,96
24626,156
24627,32
24628,28
24629,26
24630,21
24631,18
24632,19
24633,25
24634,221
24635,128
24636,121
24637,115
24638,98
24639,106
24640,167
24641,298
24642,174
24643,161
24644,149
24645,128
24646,138
24647,191
24648,218
24649,124
24650,113
24651,104
24652,89
24653,98
24654,151
24655,49
24656,28
24657,26
24658,24
24659,20
24660,21
24661,49
24662,238
24663,125
24664,114
24665,104
24666,90
24667,101
24668,154
24669,67
24670,35
24671,32
24672,23
24673,16
24674,18
24675,47
24676,214
24677,84
24678,73
24679,64
24680,48
24681,59
24682,120
24683,523
24684,268
24685,243
24686,224
24687,163
24688,178
24689,295
24690,213
24691,123
24692,109
24693,102
24694,82
24695,92
24696,138
24697,73
24698,44
24699,40
24700,36
24701,25
24702,28
24703,43
24704,105
24705,56
24706,51
24707,40
24708,33
24709,33
24710,62
24711,78
24712,48
24713,45
24714,39
24715,29
24716,31
24717,45
24718,26
24719,20
24720,19
24721,13
24722,11
24723,13
24724,20
24725,154
24726,55
24727,47
24728,41
24729,31
24730,40
24731,89
24732,94
24733,69
24734,63
24735,56
24736,49
24737,48
24738,88
24739,80
24740,52
24741,49
24742,41
24743,33
24744,35
24745,51
24746,8
24747,2
24748,2
24749,0
24750,0
24751,0
24752,3
24753,248
24754,173
24755,160
24756,145
24757,130
24758,137
24759,177
24760,113
24761,54
24762,50
24763,44
24764,35
24765,40
24766,71
24767,63
24768,41
24769,37
24770,31
24771,26
24772,26
24773,40
24774,67
24775,34
24776,31
24777,23
24778,25
24779,29
24780,59
24781,296
24782,146
24783,139
24784,129
24785,104
24786,119
24787,195
24788,42
24789,17
24790,15
24791,11
24792,8
24793,11
24794,27
24795,105
24796,73
24797,70
24798,60
24799,48
24800,48
24801,62
24802,117
24803,52
24804,39
24805,28
24806,21
24807,31
24808,70
24809,32
24810,21
24811,19
24812,18
24813,12
24814,14
24815,19
24816,55
24817,27
24818,25
24819,19
24820,20
24821,25
24822,49
24823,32
24824,19
24825,17
24826,12
24827,7
24828,8
24829,14
24830,73
24831,41
24832,38
24833,32
24834,26
24835,30
24836,57
24837,105
24838,50
24839,45
24840,39
24841,29
24842,34
24843,65
24844,151
24845,66
24846,54
24847,48
24848,35
24849,44
24850,80
24851,168
24852,108
24853,99
24854,89
24855,76
24856,79
24857,111
24858,22
24859,12
24860,10
24861,6
24862,5
24863,6
24864,12
24865,58
24866,42
24867,40
24868,29
24869,22
24870,24
24871,35
24872,111
24873,45
24874,39
24875,30
24876,23
24877,28
24878,65
24879,536
24880,254
24881,218
24882,203
24883,166
24884,194
24885,313
24886,70
24887,52
24888,51
24889,43
24890,33
24891,33
24892,49
24893,1187
24894,989
24895,841
24896,734
24897,525
24898,569
24899,648
24900,60
24901,34
24902,32
24903,25
24904,21
24905,23
24906,42
24907,137
24908,68
24909,63
24910,54
24911,46
24912,49
24913,84
24914,101
24915,39
24916,36
24917,33
24918,23
24919,29
24920,67
24921,111
24922,81
24923,73
24924,73
24925,59
24926,61
24927,90
24928,248
24929,128
24930,115
24931,106
24932,92
24933,102
24934,167
24935,83
24936,45
24937,42
24938,34
24939,28
24940,33
24941,56
24942,253
24943,166
24944,145
24945,129
24946,110
24947,115
24948,157
24949,75
24950,39
24951,33
24952,17
24953,3
24954,23
24955,39
24956,123
24957,77
24958,74
24959,54
24960,17
24961,31
24962,38
24963,0
24964,0
24965,0
24966,0
24967,0
24968,0
24969,0
24970,113
24971,54
24972,48
24973,38
24974,13
24975,33
24976,58
24977,12
24978,3
24979,2
24980,0
24981,0
24982,4
24983,6
24984,28
24985,13
24986,10
24987,5
24988,0
24989,8
24990,13
24991,11
24992,4
24993,2
24994,0
24995,0
24996,1
24997,3
24998,106
24999,59
25000,51
25001,39
25002,13
25003,27
25004,45
25005,0
25006,0
25007,0
25008,0
25009,0
25010,0
25011,0
25012,73
25013,28
25014,23
25015,16
25016,8
25017,20
25018,38
25019,14
25020,5
25021,3
25022,1
25023,0
25024,1
25025,3
25026,20
25027,7
25028,5
25029,3
25030,0
25031,3
25032,8
25033,132
25034,68
25035,59
25036,45
25037,23
25038,35
25039,49
25040,49
25041,18
25042,14
25043,4
25044,0
25045,15
25046,26
25047,44
25048,14
25049,11
25050,10
25051,0
25052,11
25053,18
25054,15
25055,7
25056,6
25057,3
25058,0
25059,2
25060,4
25061,35
25062,9
25063,6
25064,0
25065,0
25066,10
25067,17
25068,65
25069,24
25070,23
25071,10
25072,9
25073,26
25074,37
25075,499
25076,238
25077,209
25078,153
25079,94
25080,126
25081,168
25082,45
25083,19
25084,17
25085,4
25086,0
25087,19
25088,32
25089,90
25090,40
25091,35
25092,23
25093,10
25094,27
25095,44
25096,0
25097,1
25098,1
25099,0
25100,0
25101,0
25102,0
25103,0
25104,0
25105,0
25106,0
25107,0
25108,0
25109,0
25110,6
25111,2
25112,2
25113,1
25114,0
25115,0
25116,1
25117,0
25118,0
25119,0
25120,0
25121,0
25122,0
25123,0
25124,107
25125,52
25126,45
25127,32
25128,13
25129,24
25130,36
25131,57
25132,25
25133,20
25134,12
25135,5
25136,20
25137,32
25138,14
25139,6
25140,5
25141,0
25142,0
25143,1
25144,2
25145,0
25146,0
25147,0
25148,0
25149,0
25150,0
25151,1
25152,28
25153,16
25154,15
25155,13
25156,0
25157,8
25158,11
25159,28
25160,10
25161,8
25162,2
25163,0
25164,4
25165,6
25166,596
25167,282
25168,240
25169,157
25170,100
25171,143
25172,192
25173,31
25174,14
25175,13
25176,2
25177,0
25178,8
25179,11
25180,12
25181,5
25182,4
25183,0
25184,1
25185,4
25186,7
25187,6
25188,2
25189,1
25190,0
25191,0
25192,1
25193,2
25194,34
25195,7
25196,6
25197,0
25198,0
25199,11
25200,17
25201,5
25202,2
25203,1
25204,0
25205,0
25206,6
25207,9
25208,23
25209,4
25210,2
25211,0
25212,0
25213,4
25214,10
25215,0
25216,0
25217,0
25218,0
25219,0
25220,0
25221,2
25222,4
25223,1
25224,0
25225,0
25226,0
25227,1
25228,2
25229,80
25230,35
25231,32
25232,22
25233,8
25234,26
25235,49
25236,0
25237,0
25238,0
25239,0
25240,0
25241,0
25242,0
25243,96
25244,39
25245,34
25246,23
25247,12
25248,23
25249,36
25250,108
25251,52
25252,46
25253,32
25254,14
25255,28
25256,39
25257,0
25258,0
25259,0
25260,0
25261,0
25262,0
25263,1
25264,230
25265,130
25266,117
25267,84
25268,41
25269,56
25270,80
25271,0
25272,0
25273,0
25274,0
25275,0
25276,0
25277,1
25278,0
25279,0
25280,0
25281,0
25282,0
25283,0
25284,1
25285,49
25286,21
25287,17
25288,10
25289,0
25290,15
25291,23
25292,45
25293,28
25294,25
25295,15
25296,2
25297,23
25298,35
25299,61
25300,40
25301,37
25302,24
25303,5
25304,22
25305,35
25306,41
25307,12
25308,8
25309,2
25310,0
25311,10
25312,16
25313,96
25314,50
25315,42
25316,28
25317,9
25318,23
25319,37
25320,205
25321,139
25322,121
25323,87
25324,49
25325,62
25326,72
25327,101
25328,42
25329,35
25330,22
25331,6
25332,19
25333,37
25334,22
25335,8
25336,6
25337,4
25338,0
25339,7
25340,12
25341,130
25342,89
25343,76
25344,66
25345,45
25346,55
25347,65
25348,0
25349,0
25350,0
25351,0
25352,0
25353,1
25354,2
25355,97
25356,44
25357,37
25358,26
25359,8
25360,23
25361,38
25362,14
25363,6
25364,6
25365,0
25366,0
25367,2
25368,3
25369,45
25370,27
25371,25
25372,9
25373,8
25374,19
25375,25
25376,0
25377,0
25378,0
25379,0
25380,0
25381,0
25382,0
25383,4
25384,3
25385,2
25386,0
25387,0
25388,1
25389,1
25390,113
25391,48
25392,41
25393,17
25394,15
25395,33
25396,47
25397,45
25398,19
25399,16
25400,3
25401,3
25402,13
25403,20
25404,40
25405,23
25406,21
25407,4
25408,4
25409,14
25410,20
25411,12
25412,11
25413,11
25414,1
25415,1
25416,2
25417,3
25418,4
25419,1
25420,1
25421,0
25422,0
25423,1
25424,2
25425,155
25426,85
25427,74
25428,42
25429,32
25430,47
25431,65
25432,3
25433,1
25434,1
25435,0
25436,0
25437,0
25438,1
25439,142
25440,73
25441,66
25442,42
25443,35
25444,49
25445,68
25446,7
25447,2
25448,1
25449,0
25450,0
25451,1
25452,2
25453,10
25454,7
25455,6
25456,0
25457,0
25458,2
25459,5
25460,6
25461,3
25462,2
25463,0
25464,0
25465,0
25466,1
25467,49
25468,26
25469,22
25470,4
25471,4
25472,14
25473,24
25474,59
25475,22
25476,16
25477,3
25478,3
25479,17
25480,30
25481,23
25482,11
25483,9
25484,0
25485,0
25486,3
25487,6
25488,2
25489,1
25490,1
25491,0
25492,0
25493,0
25494,1
25495,12
25496,6
25497,6
25498,0
25499,1
25500,2
25501,4
25502,225
25503,110
25504,102
25505,63
25506,46
25507,68
25508,81
25509,138
25510,90
25511,80
25512,23
25513,18
25514,41
25515,55
25516,75
25517,38
25518,35
25519,15
25520,15
25521,37
25522,52
25523,26
25524,11
25525,8
25526,0
25527,0
25528,5
25529,9
25530,49
25531,21
25532,17
25533,3
25534,3
25535,12
25536,19
25537,22
25538,8
25539,6
25540,0
25541,0
25542,5
25543,8
25544,65
25545,34
25546,31
25547,9
25548,8
25549,24
25550,34
25551,13
25552,8
25553,7
25554,0
25555,0
25556,2
25557,4
25558,3
25559,1
25560,1
25561,0
25562,0
25563,0
25564,1
25565,20
25566,13
25567,12
25568,0
25569,1
25570,3
25571,5
25572,128
25573,66
25574,56
25575,17
25576,14
25577,33
25578,50
25579,32
25580,9
25581,7
25582,1
25583,2
25584,6
25585,11
25586,26
25587,18
25588,17
25589,1
25590,2
25591,6
25592,9
25593,4
25594,2
25595,2
25596,0
25597,0
25598,1
25599,2
25600,35
25601,17
25602,15
25603,0
25604,1
25605,8
25606,13
25607,28
25608,13
25609,11
25610,0
25611,0
25612,8
25613,12
25614,70
25615,34
25616,29
25617,5
25618,4
25619,20
25620,35
25621,375
25622,181
25623,163
25624,87
25625,66
25626,118
25627,139
25628,4
25629,2
25630,2
25631,0
25632,0
25633,1
25634,2
25635,102
25636,49
25637,42
25638,20
25639,15
25640,31
25641,56
25642,35
25643,17
25644,13
25645,0
25646,0
25647,9
25648,15
25649,103
25650,43
25651,36
25652,16
25653,14
25654,26
25655,46
25656,41
25657,23
25658,21
25659,2
25660,3
25661,14
25662,21
25663,49
25664,31
25665,28
25666,6
25667,4
25668,16
25669,23
25670,86
25671,57
25672,49
25673,11
25674,8
25675,24
25676,39
25677,2
25678,1
25679,1
25680,0
25681,0
25682,0
25683,0
25684,108
25685,58
25686,53
25687,20
25688,16
25689,32
25690,51
25691,33
25692,18
25693,16
25694,1
25695,2
25696,10
25697,14
25698,33
25699,18
25700,17
25701,1
25702,2
25703,8
25704,11
25705,33
25706,20
25707,19
25708,5
25709,6
25710,10
25711,15
25712,129
25713,62
25714,57
25715,29
25716,20
25717,40
25718,53
25719,4
25720,2
25721,1
25722,0
25723,0
25724,2
25725,3
25726,22
25727,13
25728,12
25729,1
25730,1
25731,3
25732,6
25733,24
25734,11
25735,9
25736,1
25737,1
25738,6
25739,9
25740,8
25741,4
25742,3
25743,0
25744,0
25745,1
25746,1
25747,59
25748,29
25749,25
25750,7
25751,7
25752,26
25753,39
25754,24
25755,9
25756,7
25757,0
25758,0
25759,3
25760,6
25761,3
25762,0
25763,0
25764,0
25765,0
25766,0
25767,0
25768,1
25769,1
25770,1
25771,0
25772,0
25773,0
25774,0
25775,50
25776,26
25777,22
25778,3
25779,2
25780,15
25781,23
25782,73
25783,46
25784,40
25785,10
25786,9
25787,28
25788,42
25789,64
25790,26
25791,21
25792,2
25793,2
25794,16
25795,31
25796,106
25797,55
25798,47
25799,22
25800,19
25801,36
25802,51
25803,76
25804,40
25805,32
25806,8
25807,7
25808,23
25809,36
25810,4
25811,5
25812,5
25813,0
25814,0
25815,1
25816,1
25817,101
25818,49
25819,43
25820,18
25821,14
25822,33
25823,51
25824,13
25825,4
25826,3
25827,0
25828,0
25829,1
25830,2
25831,31
25832,17
25833,15
25834,2
25835,2
25836,8
25837,14
25838,13
25839,6
25840,5
25841,0
25842,0
25843,0
25844,1
25845,486
25846,263
25847,235
25848,219
25849,184
25850,196
25851,240
25852,130
25853,79
25854,77
25855,68
25856,47
25857,46
25858,62
25859,216
25860,97
25861,85
25862,77
25863,59
25864,70
25865,95
25866,162
25867,101
25868,98
25869,86
25870,64
25871,58
25872,72
25873,263
25874,133
25875,123
25876,111
25877,92
25878,96
25879,127
25880,158
25881,60
25882,53
25883,48
25884,32
25885,43
25886,73
25887,748
25888,325
25889,289
25890,273
25891,231
25892,272
25893,386
25894,98
25895,44
25896,41
25897,34
25898,28
25899,27
25900,45
25901,142
25902,83
25903,77
25904,69
25905,59
25906,56
25907,71
25908,200
25909,131
25910,126
25911,123
25912,106
25913,103
25914,106
25915,100
25916,43
25917,39
25918,36
25919,22
25920,25
25921,43
25922,232
25923,141
25924,136
25925,132
25926,102
25927,93
25928,120
25929,322
25930,194
25931,181
25932,174
25933,146
25934,158
25935,184
25936,139
25937,65
25938,54
25939,40
25940,28
25941,38
25942,58
25943,172
25944,74
25945,68
25946,66
25947,56
25948,64
25949,92
25950,177
25951,117
25952,114
25953,108
25954,93
25955,84
25956,104
25957,131
25958,75
25959,69
25960,60
25961,48
25962,55
25963,67
25964,474
25965,253
25966,230
25967,225
25968,198
25969,211
25970,248
25971,50
25972,26
25973,23
25974,19
25975,11
25976,14
25977,22
25978,268
25979,139
25980,122
25981,110
25982,82
25983,88
25984,120
25985,375
25986,189
25987,171
25988,171
25989,141
25990,163
25991,207
25992,260
25993,159
25994,149
25995,144
25996,127
25997,120
25998,139
25999,164
26000,89
26001,81
26002,70
26003,52
26004,60
26005,83
26006,191
26007,76
26008,66
26009,60
26010,50
26011,60
26012,90
26013,480
26014,259
26015,234
26016,224
26017,183
26018,193
26019,237
26020,94
26021,59
26022,51
26023,44
26024,31
26025,33
26026,47
26027,435
26028,214
26029,204
26030,189
26031,159
26032,182
26033,250
26034,1115
26035,497
26036,457
26037,436
26038,323
26039,364
26040,504
26041,405
26042,305
26043,292
26044,290
26045,240
26046,234
26047,237
26048,248
26049,122
26050,110
26051,104
26052,79
26053,85
26054,114
26055,163
26056,98
26057,93
26058,88
26059,75
26060,71
26061,91
26062,128
26063,88
26064,86
26065,81
26066,66
26067,61
26068,73
26069,418
26070,176
26071,155
26072,143
26073,122
26074,155
26075,203
26076,29
26077,17
26078,15
26079,9
26080,6
26081,8
26082,11
26083,775
26084,402
26085,367
26086,348
26087,291
26088,311
26089,370
26090,80
26091,56
26092,54
26093,46
26094,34
26095,23
26096,32
26097,120
26098,63
26099,57
26100,49
26101,39
26102,38
26103,54
26104,228
26105,117
26106,109
26107,106
26108,74
26109,80
26110,103
26111,339
26112,191
26113,181
26114,178
26115,148
26116,151
26117,187
26118,274
26119,80
26120,66
26121,59
26122,45
26123,60
26124,105
26125,264
26126,146
26127,133
26128,126
26129,107
26130,112
26131,141
26132,121
26133,62
26134,55
26135,49
26136,38
26137,46
26138,66
26139,122
26140,54
26141,45
26142,36
26143,23
26144,36
26145,55
26146,576
26147,278
26148,251
26149,232
26150,200
26151,209
26152,268
26153,115
26154,64
26155,58
26156,51
26157,35
26158,38
26159,55
26160,117
26161,77
26162,74
26163,64
26164,46
26165,36
26166,47
26167,292
26168,122
26169,109
26170,100
26171,76
26172,79
26173,121
26174,1156
26175,546
26176,495
26177,471
26178,340
26179,378
26180,505
26181,256
26182,150
26183,144
26184,139
26185,113
26186,113
26187,146
26188,265
26189,168
26190,158
26191,146
26192,122
26193,121
26194,147
26195,214
26196,101
26197,90
26198,83
26199,59
26200,64
26201,85
26202,288
26203,149
26204,141
26205,129
26206,107
26207,116
26208,153
26209,444
26210,259
26211,238
26212,226
26213,198
26214,201
26215,228
26216,222
26217,135
26218,131
26219,125
26220,109
26221,110
26222,132
26223,159
26224,84
26225,80
26226,70
26227,57
26228,57
26229,78
26230,178
26231,66
26232,59
26233,53
26234,42
26235,51
26236,81
26237,262
26238,165
26239,151
26240,141
26241,119
26242,127
26243,150
26244,286
26245,178
26246,172
26247,166
26248,143
26249,138
26250,157
26251,71
26252,39
26253,35
26254,27
26255,13
26256,17
26257,36
26258,272
26259,185
26260,179
26261,172
26262,149
26263,144
26264,157
26265,249
26266,102
26267,92
26268,87
26269,60
26270,69
26271,104
26272,105
26273,66
26274,63
26275,60
26276,44
26277,37
26278,50
26279,523
26280,224
26281,204
26282,186
26283,155
26284,177
26285,250
26286,309
26287,146
26288,135
26289,131
26290,90
26291,92
26292,124
26293,124
26294,61
26295,54
26296,49
26297,40
26298,42
26299,62
26300,315
26301,187
26302,179
26303,175
26304,146
26305,142
26306,161
26307,169
26308,90
26309,78
26310,72
26311,57
26312,64
26313,89
26314,42
26315,28
26316,26
26317,24
26318,12
26319,11
26320,16
26321,420
26322,220
26323,201
26324,190
26325,139
26326,135
26327,185
26328,124
26329,82
26330,81
26331,72
26332,52
26333,42
26334,48
26335,280
26336,154
26337,148
26338,141
26339,122
26340,130
26341,166
26342,54
26343,27
26344,25
26345,19
26346,12
26347,14
26348,25
26349,175
26350,97
26351,92
26352,83
26353,64
26354,73
26355,83
26356,289
26357,168
26358,156
26359,152
26360,130
26361,129
26362,149
26363,206
26364,133
26365,128
26366,125
26367,98
26368,85
26369,103
26370,143
26371,114
26372,109
26373,103
26374,86
26375,71
26376,68
26377,214
26378,97
26379,86
26380,76
26381,54
26382,62
26383,89
26384,397
26385,212
26386,191
26387,183
26388,152
26389,162
26390,188
26391,420
26392,306
26393,291
26394,286
26395,241
26396,245
26397,237
26398,302
26399,223
26400,201
26401,180
26402,141
26403,124
26404,124
26405,280
26406,147
26407,138
26408,129
26409,105
26410,103
26411,138
26412,219
26413,106
26414,99
26415,98
26416,80
26417,84
26418,103
26419,168
26420,105
26421,97
26422,93
26423,74
26424,74
26425,88
26426,78
26427,32
26428,29
26429,25
26430,18
26431,20
26432,34
26433,93
26434,67
26435,64
26436,60
26437,48
26438,45
26439,67
26440,471
26441,227
26442,201
26443,198
26444,165
26445,182
26446,242
26447,102
26448,63
26449,58
26450,53
26451,44
26452,38
26453,50
26454,117
26455,67
26456,61
26457,27
26458,0
26459,0
26460,0
26461,9
26462,2
26463,1
26464,0
26465,0
26466,0
26467,0
26468,251
26469,120
26470,107
26471,54
26472,0
26473,1
26474,0
26475,309
26476,139
26477,124
26478,67
26479,8
26480,16
26481,9
26482,23
26483,9
26484,8
26485,0
26486,0
26487,0
26488,0
26489,61
26490,24
26491,19
26492,6
26493,0
26494,0
26495,0
26496,0
26497,0
26498,0
26499,0
26500,0
26501,0
26502,0
26503,206
26504,122
26505,109
26506,75
26507,8
26508,6
26509,5
26510,118
26511,54
26512,43
26513,18
26514,0
26515,0
26516,0
26517,162
26518,85
26519,74
26520,33
26521,0
26522,0
26523,0
26524,128
26525,71
26526,64
26527,37
26528,0
26529,0
26530,0
26531,83
26532,47
26533,39
26534,14
26535,0
26536,0
26537,0
26538,44
26539,20
26540,18
26541,4
26542,0
26543,0
26544,0
26545,50
26546,16
26547,12
26548,0
26549,0
26550,0
26551,0
26552,166
26553,87
26554,77
26555,40
26556,0
26557,0
26558,0
26559,2
26560,0
26561,0
26562,0
26563,0
26564,0
26565,0
26566,1
26567,1
26568,1
26569,0
26570,0
26571,0
26572,0
26573,79
26574,31
26575,26
26576,13
26577,0
26578,0
26579,0
26580,176
26581,96
26582,92
26583,50
26584,0
26585,0
26586,0
26587,49
26588,27
26589,25
26590,2
26591,1
26592,1
26593,1
26594,87
26595,41
26596,39
26597,25
26598,0
26599,1
26600,1
26601,21
26602,10
26603,9
26604,1
26605,0
26606,0
26607,1
26608,25
26609,12
26610,10
26611,1
26612,0
26613,0
26614,0
26615,102
26616,47
26617,43
26618,22
26619,0
26620,0
26621,0
26622,253
26623,138
26624,124
26625,80
26626,3
26627,7
26628,2
26629,55
26630,25
26631,21
26632,4
26633,0
26634,0
26635,0
26636,54
26637,23
26638,20
26639,7
26640,0
26641,0
26642,0
26643,138
26644,74
26645,69
26646,38
26647,1
26648,1
26649,1
26650,3
26651,1
26652,1
26653,0
26654,0
26655,0
26656,0
26657,83
26658,40
26659,34
26660,15
26661,0
26662,0
26663,0
26664,29
26665,16
26666,14
26667,2
26668,0
26669,0
26670,0
26671,474
26672,245
26673,230
26674,110
26675,10
26676,32
26677,14
26678,219
26679,120
26680,103
26681,60
26682,24
26683,47
26684,19
26685,95
26686,57
26687,48
26688,20
26689,0
26690,0
26691,0
26692,65
26693,27
26694,23
26695,2
26696,0
26697,1
26698,0
26699,21
26700,6
26701,4
26702,0
26703,0
26704,0
26705,0
26706,1
26707,1
26708,0
26709,0
26710,0
26711,0
26712,0
26713,9
26714,1
26715,0
26716,0
26717,0
26718,0
26719,0
26720,117
26721,53
26722,48
26723,26
26724,0
26725,0
26726,0
26727,156
26728,77
26729,70
26730,40
26731,1
26732,1
26733,0
26734,159
26735,86
26736,82
26737,45
26738,0
26739,1
26740,0
26741,148
26742,83
26743,77
26744,36
26745,0
26746,0
26747,0
26748,59
26749,22
26750,17
26751,1
26752,0
26753,0
26754,0
26755,137
26756,84
26757,75
26758,36
26759,0
26760,0
26761,0
26762,1
26763,2
26764,2
26765,0
26766,0
26767,0
26768,0
26769,47
26770,15
26771,12
26772,1
26773,0
26774,0
26775,0
26776,158
26777,92
26778,83
26779,44
26780,0
26781,0
26782,0
26783,100
26784,57
26785,50
26786,21
26787,0
26788,0
26789,0
26790,0
26791,0
26792,0
26793,0
26794,0
26795,1
26796,1
26797,45
26798,11
26799,8
26800,0
26801,0
26802,0
26803,0
26804,183
26805,102
26806,95
26807,59
26808,0
26809,1
26810,1
26811,96
26812,47
26813,41
26814,16
26815,0
26816,0
26817,0
26818,7
26819,0
26820,0
26821,0
26822,1
26823,1
26824,0
26825,10
26826,1
26827,0
26828,0
26829,1
26830,1
26831,0
26832,7
26833,0
26834,0
26835,0
26836,1
26837,1
26838,0
26839,4
26840,0
26841,0
26842,0
26843,0
26844,0
26845,0
26846,15
26847,0
26848,0
26849,0
26850,1
26851,0
26852,0
26853,4
26854,0
26855,0
26856,0
26857,0
26858,0
26859,0
26860,58
26861,19
26862,7
26863,2
26864,2
26865,2
26866,1
26867,23
26868,1
26869,0
26870,1
26871,2
26872,1
26873,0
26874,2
26875,0
26876,0
26877,0
26878,0
26879,0
26880,0
26881,1
26882,0
26883,0
26884,0
26885,0
26886,0
26887,0
26888,57
26889,18
26890,7
26891,1
26892,2
26893,1
26894,1
26895,2
26896,0
26897,0
26898,0
26899,0
26900,0
26901,0
26902,36
26903,2
26904,1
26905,1
26906,2
26907,1
26908,0
26909,3
26910,0
26911,0
26912,0
26913,1
26914,1
26915,0
26916,24
26917,1
26918,0
26919,0
26920,1
26921,1
26922,0
26923,4
26924,0
26925,0
26926,0
26927,0
26928,0
26929,0
26930,52
26931,42
26932,17
26933,12
26934,21
26935,39
26936,39
26937,93
26938,85
26939,50
26940,39
26941,44
26942,60
26943,58
26944,80
26945,65
26946,34
26947,24
26948,34
26949,63
26950,62
26951,0
26952,0
26953,0
26954,0
26955,0
26956,1
26957,1
26958,4
26959,2
26960,0
26961,0
26962,1
26963,1
26964,1
26965,14
26966,9
26967,1
26968,1
26969,5
26970,9
26971,9
26972,0
26973,0
26974,0
26975,0
26976,0
26977,0
26978,0
26979,2
26980,1
26981,0
26982,0
26983,0
26984,0
26985,0
26986,0
26987,0
26988,0
26989,0
26990,0
26991,0
26992,0
26993,46
26994,39
26995,24
26996,20
26997,30
26998,47
26999,47
27000,0
27001,0
27002,0
27003,0
27004,0
27005,0
27006,0
27007,21
27008,15
27009,10
27010,9
27011,17
27012,26
27013,26
27014,191
27015,170
27016,112
27017,99
27018,116
27019,167
27020,155
27021,6
27022,2
27023,0
27024,0
27025,1
27026,1
27027,1
27028,110
27029,92
27030,69
27031,64
27032,78
27033,112
27034,104
27035,7
27036,3
27037,0
27038,0
27039,0
27040,1
27041,1
27042,11
27043,7
27044,0
27045,0
27046,1
27047,1
27048,1
27049,4
27050,2
27051,1
27052,1
27053,1
27054,1
27055,1
27056,0
27057,0
27058,0
27059,0
27060,0
27061,0
27062,0
27063,31
27064,24
27065,14
27066,13
27067,22
27068,34
27069,34
27070,8
27071,3
27072,0
27073,0
27074,2
27075,4
27076,4
27077,41
27078,35
27079,20
27080,18
27081,28
27082,41
27083,41
27084,15
27085,8
27086,2
27087,2
27088,7
27089,10
27090,10
27091,8
27092,5
27093,0
27094,0
27095,0
27096,0
27097,0
27098,223
27099,192
27100,109
27101,92
27102,106
27103,159
27104,146
27105,7
27106,5
27107,0
27108,0
27109,1
27110,1
27111,1
27112,28
27113,22
27114,8
27115,6
27116,11
27117,18
27118,18
27119,11
27120,7
27121,0
27122,0
27123,2
27124,4
27125,4
27126,11
27127,7
27128,1
27129,0
27130,2
27131,3
27132,3
27133,1
27134,1
27135,0
27136,0
27137,0
27138,0
27139,0
27140,4
27141,2
27142,0
27143,0
27144,0
27145,0
27146,0
27147,31
27148,24
27149,11
27150,11
27151,19
27152,31
27153,32
27154,1
27155,0
27156,0
27157,0
27158,0
27159,0
27160,0
27161,20
27162,15
27163,6
27164,6
27165,11
27166,16
27167,16
27168,185
27169,167
27170,125
27171,123
27172,146
27173,196
27174,182
27175,55
27176,44
27177,20
27178,16
27179,23
27180,43
27181,43
27182,4
27183,1
27184,0
27185,0
27186,1
27187,1
27188,1
27189,1
27190,0
27191,0
27192,0
27193,0
27194,0
27195,0
27196,16
27197,11
27198,0
27199,0
27200,6
27201,8
27202,8
27203,48
27204,39
27205,16
27206,12
27207,20
27208,32
27209,33
27210,74
27211,66
27212,38
27213,32
27214,37
27215,52
27216,52
27217,3
27218,1
27219,0
27220,0
27221,0
27222,0
27223,0
27224,0
27225,0
27226,0
27227,0
27228,0
27229,0
27230,0
27231,3
27232,2
27233,0
27234,0
27235,0
27236,0
27237,1
27238,0
27239,0
27240,0
27241,0
27242,0
27243,0
27244,0
27245,2
27246,1
27247,0
27248,0
27249,0
27250,0
27251,0
27252,1
27253,2
27254,2
27255,0
27256,0
27257,0
27258,0
27259,34
27260,15
27261,16
27262,5
27263,0
27264,0
27265,1
27266,0
27267,0
27268,0
27269,0
27270,0
27271,0
27272,0
27273,26
27274,9
27275,9
27276,0
27277,0
27278,0
27279,0
27280,0
27281,0
27282,0
27283,0
27284,0
27285,0
27286,0
27287,3
27288,1
27289,0
27290,0
27291,0
27292,0
27293,0
27294,3
27295,0
27296,0
27297,0
27298,0
27299,0
27300,0
27301,94
27302,33
27303,30
27304,8
27305,1
27306,0
27307,6
27308,5
27309,1
27310,1
27311,0
27312,0
27313,0
27314,0
27315,0
27316,0
27317,0
27318,0
27319,0
27320,0
27321,0
27322,1
27323,0
27324,0
27325,0
27326,0
27327,0
27328,0
27329,0
27330,0
27331,0
27332,1
27333,1
27334,1
27335,0
27336,5
27337,0
27338,0
27339,0
27340,0
27341,0
27342,0
27343,75
27344,34
27345,33
27346,4
27347,0
27348,0
27349,3
27350,125
27351,46
27352,37
27353,4
27354,0
27355,0
27356,3
27357,247
27358,108
27359,96
27360,31
27361,20
27362,22
27363,31
27364,0
27365,0
27366,0
27367,0
27368,0
27369,0
27370,0
27371,31
27372,15
27373,14
27374,5
27375,1
27376,0
27377,2
27378,0
27379,0
27380,0
27381,0
27382,0
27383,0
27384,0
27385,33
27386,12
27387,10
27388,0
27389,0
27390,0
27391,0
27392,14
27393,7
27394,6
27395,0
27396,1
27397,1
27398,0
27399,1
27400,0
27401,0
27402,0
27403,0
27404,0
27405,0
27406,1
27407,0
27408,0
27409,0
27410,0
27411,0
27412,0
27413,14
27414,8
27415,8
27416,1
27417,1
27418,1
27419,0
27420,216
27421,106
27422,94
27423,11
27424,3
27425,3
27426,7
27427,22
27428,4
27429,4
27430,12
27431,11
27432,10
27433,9
27434,117
27435,45
27436,38
27437,5
27438,0
27439,0
27440,3
27441,37
27442,13
27443,10
27444,6
27445,0
27446,0
27447,0
27448,16
27449,5
27450,5
27451,0
27452,0
27453,0
27454,0
27455,0
27456,0
27457,0
27458,0
27459,0
27460,0
27461,0
27462,10
27463,4
27464,4
27465,0
27466,0
27467,0
27468,0
27469,0
27470,0
27471,0
27472,0
27473,0
27474,0
27475,0
27476,58
27477,23
27478,18
27479,11
27480,1
27481,2
27482,2
27483,4
27484,1
27485,1
27486,0
27487,0
27488,0
27489,0
27490,59
27491,29
27492,27
27493,14
27494,2
27495,2
27496,3
27497,6
27498,2
27499,1
27500,0
27501,0
27502,0
27503,0
27504,4
27505,1
27506,1
27507,1
27508,0
27509,0
27510,0
27511,4
27512,1
27513,1
27514,0
27515,0
27516,0
27517,0
27518,93
27519,37
27520,30
27521,20
27522,0
27523,0
27524,0
27525,3
27526,0
27527,0
27528,0
27529,0
27530,0
27531,0
27532,3
27533,3
27534,2
27535,0
27536,0
27537,0
27538,0
27539,26
27540,8
27541,6
27542,0
27543,0
27544,0
27545,0
27546,27
27547,9
27548,7
27549,1
27550,0
27551,0
27552,1
27553,16
27554,5
27555,4
27556,0
27557,0
27558,0
27559,0
27560,10
27561,3
27562,2
27563,0
27564,0
27565,0
27566,0
27567,42
27568,13
27569,9
27570,2
27571,0
27572,0
27573,0
27574,8
27575,3
27576,2
27577,0
27578,0
27579,0
27580,0
27581,22
27582,7
27583,6
27584,1
27585,0
27586,0
27587,0
27588,146
27589,138
27590,55
27591,55
27592,31
27593,3
27594,2
27595,255
27596,243
27597,97
27598,95
27599,66
27600,14
27601,10
27602,33
27603,28
27604,8
27605,7
27606,0
27607,0
27608,0
27609,3
27610,3
27611,2
27612,2
27613,0
27614,0
27615,0
27616,181
27617,170
27618,53
27619,52
27620,29
27621,5
27622,5
27623,19
27624,19
27625,9
27626,8
27627,1
27628,0
27629,0
27630,5
27631,5
27632,3
27633,3
27634,0
27635,0
27636,0
27637,11
27638,11
27639,4
27640,4
27641,0
27642,0
27643,0
27644,9
27645,9
27646,7
27647,7
27648,1
27649,0
27650,0
27651,31
27652,31
27653,13
27654,12
27655,2
27656,1
27657,1
27658,35
27659,34
27660,18
27661,17
27662,1
27663,0
27664,0
27665,44
27666,43
27667,18
27668,17
27669,4
27670,0
27671,0
27672,173
27673,167
27674,57
27675,53
27676,24
27677,2
27678,1
27679,3
27680,3
27681,2
27682,1
27683,0
27684,0
27685,0
27686,20
27687,19
27688,7
27689,7
27690,2
27691,0
27692,0
27693,60
27694,58
27695,21
27696,20
27697,7
27698,0
27699,0
27700,4
27701,4
27702,2
27703,2
27704,1
27705,0
27706,0
27707,53
27708,52
27709,25
27710,25
27711,6
27712,2
27713,2
27714,39
27715,38
27716,15
27717,14
27718,1
27719,0
27720,0
27721,6
27722,6
27723,4
27724,4
27725,1
27726,0
27727,0
27728,26
27729,25
27730,8
27731,8
27732,0
27733,0
27734,0
27735,6
27736,6
27737,4
27738,4
27739,1
27740,0
27741,0
27742,172
27743,163
27744,45
27745,43
27746,29
27747,5
27748,5
27749,16
27750,16
27751,8
27752,8
27753,0
27754,0
27755,0
27756,524
27757,480
27758,159
27759,159
27760,133
27761,38
27762,33
27763,21
27764,20
27765,8
27766,8
27767,1
27768,0
27769,0
27770,218
27771,202
27772,60
27773,59
27774,38
27775,11
27776,11
27777,17
27778,15
27779,7
27780,6
27781,0
27782,0
27783,0
27784,9
27785,10
27786,6
27787,6
27788,2
27789,0
27790,0
27791,29
27792,28
27793,15
27794,14
27795,3
27796,1
27797,1
27798,29
27799,28
27800,8
27801,8
27802,0
27803,0
27804,0
27805,18
27806,17
27807,8
27808,7
27809,0
27810,0
27811,0
27812,48
27813,49
27814,20
27815,20
27816,5
27817,1
27818,0
27819,14
27820,12
27821,6
27822,5
27823,0
27824,0
27825,0
27826,6
27827,6
27828,3
27829,3
27830,1
27831,0
27832,0
27833,15
27834,14
27835,7
27836,6
27837,1
27838,0
27839,0
27840,46
27841,44
27842,20
27843,19
27844,3
27845,0
27846,0
27847,10
27848,10
27849,3
27850,3
27851,0
27852,0
27853,0
27854,19
27855,16
27856,6
27857,5
27858,0
27859,0
27860,0
27861,7
27862,7
27863,3
27864,3
27865,0
27866,0
27867,0
27868,85
27869,81
27870,32
27871,31
27872,15
27873,1
27874,1
27875,14
27876,14
27877,6
27878,5
27879,1
27880,0
27881,0
27882,22
27883,22
27884,11
27885,11
27886,2
27887,0
27888,0
27889,3
27890,3
27891,2
27892,2
27893,0
27894,0
27895,0
27896,636
27897,577
27898,198
27899,195
27900,142
27901,34
27902,26
27903,38
27904,37
27905,21
27906,20
27907,3
27908,1
27909,1
27910,28
27911,28
27912,14
27913,14
27914,2
27915,0
27916,0
27917,5
27918,5
27919,2
27920,2
27921,0
27922,0
27923,0
27924,11
27925,12
27926,7
27927,7
27928,1
27929,0
27930,0
27931,35
27932,32
27933,15
27934,15
27935,4
27936,0
27937,0
27938,8
27939,7
27940,4
27941,4
27942,0
27943,0
27944,0
27945,30
27946,28
27947,16
27948,16
27949,2
27950,1
27951,1
27952,16
27953,16
27954,5
27955,5
27956,0
27957,0
27958,0
27959,18
27960,18
27961,12
27962,11
27963,2
27964,0
27965,0
27966,19
27967,19
27968,14
27969,14
27970,4
27971,1
27972,1
27973,4
27974,4
27975,2
27976,2
27977,0
27978,0
27979,0
27980,24
27981,22
27982,8
27983,8
27984,0
27985,0
27986,0
27987,65
27988,61
27989,29
27990,26
27991,10
27992,2
27993,0
27994,98
27995,95
27996,34
27997,33
27998,17
27999,0
28000,0
28001,317
28002,293
28003,97
28004,97
28005,71
28006,23
28007,27
28008,6
28009,6
28010,2
28011,2
28012,0
28013,0
28014,0
28015,17
28016,16
28017,8
28018,8
28019,0
28020,0
28021,0
28022,94
28023,91
28024,29
28025,29
28026,8
28027,1
28028,2
28029,139
28030,135
28031,37
28032,33
28033,21
28034,9
28035,7
28036,20
28037,19
28038,5
28039,5
28040,0
28041,0
28042,0
28043,10
28044,9
28045,3
28046,3
28047,1
28048,0
28049,0
28050,18
28051,17
28052,11
28053,10
28054,1
28055,0
28056,0
28057,80
28058,76
28059,35
28060,33
28061,9
28062,0
28063,0
28064,17
28065,16
28066,8
28067,8
28068,1
28069,0
28070,0
28071,81
28072,77
28073,42
28074,41
28075,15
28076,5
28077,4
28078,15
28079,14
28080,9
28081,9
28082,2
28083,0
28084,0
28085,35
28086,34
28087,16
28088,16
28089,1
28090,0
28091,0
28092,67
28093,62
28094,21
28095,20
28096,6
28097,1
28098,1
28099,16
28100,14
28101,9
28102,9
28103,1
28104,0
28105,0
28106,64
28107,61
28108,22
28109,21
28110,4
28111,1
28112,1
28113,8
28114,8
28115,3
28116,3
28117,0
28118,0
28119,0
28120,19
28121,19
28122,8
28123,8
28124,1
28125,0
28126,0
28127,17
28128,16
28129,13
28130,13
28131,1
28132,0
28133,0
28134,41
28135,38
28136,19
28137,17
28138,4
28139,1
28140,1
28141,67
28142,63
28143,22
28144,21
28145,26
28146,11
28147,1
28148,46
28149,42
28150,12
28151,11
28152,10
28153,7
28154,1
28155,71
28156,69
28157,25
28158,23
28159,9
28160,9
28161,1
28162,98
28163,90
28164,25
28165,22
28166,10
28167,11
28168,1
28169,49
28170,47
28171,19
28172,17
28173,19
28174,10
28175,2
28176,87
28177,80
28178,27
28179,24
28180,16
28181,11
28182,1
28183,48
28184,45
28185,16
28186,14
28187,14
28188,8
28189,1
28190,30
28191,29
28192,7
28193,7
28194,5
28195,4
28196,1
28197,122
28198,111
28199,34
28200,28
28201,24
28202,15
28203,0
28204,172
28205,150
28206,44
28207,36
28208,23
28209,12
28210,0
28211,55
28212,51
28213,17
28214,16
28215,16
28216,8
28217,2
28218,21
28219,20
28220,7
28221,7
28222,10
28223,4
28224,1
28225,31
28226,28
28227,10
28228,8
28229,14
28230,5
28231,0
28232,52
28233,49
28234,14
28235,14
28236,22
28237,9
28238,1
28239,119
28240,109
28241,45
28242,38
28243,13
28244,5
28245,1
28246,30
28247,27
28248,11
28249,10
28250,21
28251,9
28252,2
28253,172
28254,110
28255,98
28256,20
28257,8
28258,6
28259,31
28260,311
28261,214
28262,199
28263,107
28264,96
28265,95
28266,108
28267,105
28268,57
28269,50
28270,2
28271,6
28272,4
28273,3
28274,709
28275,368
28276,319
28277,186
28278,160
28279,161
28280,249
28281,137
28282,56
28283,44
28284,10
28285,4
28286,3
28287,12
28288,502
28289,250
28290,216
28291,94
28292,61
28293,63
28294,157
28295,14
28296,8
28297,7
28298,0
28299,1
28300,1
28301,1
28302,1
28303,1
28304,1
28305,0
28306,0
28307,0
28308,0
28309,101
28310,77
28311,73
28312,10
28313,19
28314,15
28315,23
28316,33
28317,14
28318,11
28319,0
28320,1
28321,1
28322,0
28323,42
28324,23
28325,21
28326,1
28327,2
28328,2
28329,1
28330,509
28331,352
28332,312
28333,216
28334,191
28335,189
28336,257
28337,6
28338,2
28339,2
28340,0
28341,1
28342,0
28343,0
28344,263
28345,194
28346,182
28347,62
28348,43
28349,37
28350,55
28351,135
28352,73
28353,61
28354,26
28355,14
28356,12
28357,24
28358,130
28359,66
28360,59
28361,8
28362,5
28363,4
28364,10
28365,779
28366,569
28367,511
28368,315
28369,289
28370,293
28371,347
28372,44
28373,27
28374,26
28375,0
28376,3
28377,2
28378,1
28379,203
28380,122
28381,110
28382,50
28383,35
28384,31
28385,76
28386,111
28387,68
28388,59
28389,4
28390,7
28391,5
28392,7
28393,322
28394,184
28395,163
28396,125
28397,111
28398,107
28399,178
28400,79
28401,58
28402,56
28403,9
28404,14
28405,11
28406,14
28407,62
28408,40
28409,37
28410,1
28411,1
28412,1
28413,1
28414,6
28415,4
28416,3
28417,0
28418,1
28419,0
28420,0
28421,335
28422,192
28423,175
28424,145
28425,120
28426,117
28427,223
28428,188
28429,132
28430,121
28431,46
28432,27
28433,24
28434,55
28435,107
28436,81
28437,70
28438,28
28439,23
28440,18
28441,27
28442,393
28443,160
28444,137
28445,80
28446,61
28447,64
28448,132
28449,1257
28450,737
28451,666
28452,410
28453,299
28454,306
28455,483
28456,234
28457,202
28458,188
28459,70
28460,49
28461,43
28462,83
28463,212
28464,113
28465,108
28466,57
28467,36
28468,34
28469,87
28470,100
28471,66
28472,60
28473,8
28474,5
28475,5
28476,5
28477,299
28478,212
28479,198
28480,81
28481,63
28482,56
28483,71
28484,511
28485,201
28486,168
28487,109
28488,93
28489,103
28490,187
28491,21
28492,11
28493,9
28494,0
28495,0
28496,0
28497,0
28498,970
28499,539
28500,478
28501,311
28502,251
28503,257
28504,363
28505,257
28506,146
28507,136
28508,52
28509,34
28510,31
28511,85
28512,231
28513,161
28514,146
28515,62
28516,37
28517,32
28518,79
28519,56
28520,21
28521,19
28522,0
28523,3
28524,2
28525,3
28526,168
28527,104
28528,94
28529,32
28530,21
28531,19
28532,48
28533,63
28534,34
28535,32
28536,1
28537,6
28538,3
28539,3
28540,166
28541,98
28542,90
28543,45
28544,29
28545,26
28546,64
28547,138
28548,76
28549,68
28550,16
28551,10
28552,9
28553,18
28554,99
28555,61
28556,54
28557,7
28558,5
28559,4
28560,3
28561,233
28562,109
28563,98
28564,40
28565,27
28566,24
28567,50
28568,1247
28569,677
28570,614
28571,320
28572,244
28573,243
28574,412
28575,229
28576,152
28577,140
28578,57
28579,42
28580,40
28581,46
28582,430
28583,351
28584,304
28585,165
28586,150
28587,140
28588,229
28589,287
28590,145
28591,131
28592,82
28593,65
28594,63
28595,84
28596,336
28597,179
28598,161
28599,59
28600,43
28601,43
28602,73
28603,278
28604,188
28605,174
28606,71
28607,54
28608,52
28609,82
28610,291
28611,159
28612,142
28613,102
28614,87
28615,79
28616,125
28617,234
28618,99
28619,85
28620,67
28621,54
28622,52
28623,84
28624,260
28625,142
28626,123
28627,66
28628,48
28629,45
28630,68
28631,123
28632,100
28633,90
28634,42
28635,32
28636,28
28637,59
28638,90
28639,65
28640,61
28641,5
28642,8
28643,7
28644,6
28645,240
28646,189
28647,174
28648,40
28649,22
28650,19
28651,70
28652,88
28653,46
28654,44
28655,3
28656,8
28657,6
28658,6
28659,232
28660,180
28661,177
28662,32
28663,23
28664,22
28665,24
28666,235
28667,157
28668,151
28669,51
28670,36
28671,30
28672,36
28673,432
28674,212
28675,184
28676,107
28677,77
28678,79
28679,140
28680,547
28681,288
28682,261
28683,196
28684,165
28685,169
28686,222
28687,83
28688,44
28689,39
28690,5
28691,3
28692,3
28693,2
28694,5
28695,4
28696,4
28697,0
28698,0
28699,0
28700,0
28701,397
28702,266
28703,241
28704,91
28705,65
28706,66
28707,133
28708,272
28709,153
28710,139
28711,55
28712,43
28713,42
28714,64
28715,59
28716,34
28717,29
28718,1
28719,3
28720,2
28721,2
28722,141
28723,66
28724,54
28725,21
28726,10
28727,8
28728,15
28729,511
28730,352
28731,324
28732,301
28733,269
28734,269
28735,285
28736,121
28737,104
28738,97
28739,12
28740,7
28741,6
28742,10
28743,249
28744,218
28745,197
28746,72
28747,51
28748,44
28749,90
28750,226
28751,97
28752,86
28753,42
28754,24
28755,21
28756,58
28757,408
28758,244
28759,210
28760,105
28761,78
28762,76
28763,113
28764,57
28765,48
28766,45
28767,3
28768,10
28769,7
28770,7
28771,94
28772,106
28773,96
28774,5
28775,5
28776,2
28777,0
28778,416
28779,205
28780,185
28781,180
28782,167
28783,165
28784,211
28785,25
28786,9
28787,7
28788,0
28789,0
28790,0
28791,0
28792,215
28793,147
28794,133
28795,54
28796,41
28797,38
28798,51
28799,281
28800,193
28801,175
28802,99
28803,73
28804,66
28805,143
28806,478
28807,250
28808,214
28809,90
28810,70
28811,69
28812,116
28813,75
28814,52
28815,49
28816,2
28817,2
28818,1
28819,1
28820,88
28821,51
28822,46
28823,4
28824,2
28825,2
28826,2
28827,258
28828,248
28829,147
28830,133
28831,126
28832,114
28833,96
28834,917
28835,839
28836,561
28837,507
28838,478
28839,445
28840,378
28841,117
28842,115
28843,69
28844,59
28845,54
28846,42
28847,36
28848,467
28849,420
28850,321
28851,286
28852,251
28853,211
28854,176
28855,401
28856,401
28857,209
28858,186
28859,181
28860,142
28861,123
28862,256
28863,245
28864,111
28865,101
28866,104
28867,82
28868,73
28869,1010
28870,942
28871,478
28872,421
28873,389
28874,343
28875,292
28876,76
28877,72
28878,49
28879,46
28880,33
28881,19
28882,17
28883,56
28884,53
28885,35
28886,32
28887,18
28888,9
28889,9
28890,174
28891,174
28892,147
28893,138
28894,130
28895,123
28896,112
28897,233
28898,230
28899,101
28900,88
28901,87
28902,61
28903,54
28904,69
28905,67
28906,40
28907,36
28908,26
28909,15
28910,15
28911,994
28912,1000
28913,679
28914,590
28915,546
28916,489
28917,395
28918,173
28919,166
28920,82
28921,68
28922,63
28923,47
28924,38
28925,180
28926,174
28927,118
28928,109
28929,93
28930,74
28931,64
28932,142
28933,136
28934,74
28935,63
28936,48
28937,45
28938,42
28939,250
28940,249
28941,122
28942,111
28943,107
28944,91
28945,77
28946,548
28947,538
28948,390
28949,335
28950,313
28951,281
28952,239
28953,234
28954,225
28955,120
28956,105
28957,104
28958,84
28959,73
28960,790
28961,705
28962,427
28963,388
28964,381
28965,378
28966,310
28967,170
28968,165
28969,74
28970,62
28971,56
28972,42
28973,36
28974,420
28975,398
28976,213
28977,187
28978,172
28979,153
28980,131
28981,216
28982,202
28983,153
28984,134
28985,129
28986,122
28987,102
28988,231
28989,214
28990,126
28991,109
28992,99
28993,75
28994,67
28995,291
28996,284
28997,140
28998,118
28999,114
29000,89
29001,79
29002,474
29003,447
29004,299
29005,273
29006,262
29007,227
29008,188
29009,229
29010,211
29011,138
29012,127
29013,115
29014,97
29015,83
29016,917
29017,862
29018,403
29019,367
29020,354
29021,332
29022,292
29023,159
29024,154
29025,106
29026,88
29027,76
29028,69
29029,59
29030,1442
29031,1298
29032,647
29033,606
29034,564
29035,518
29036,440
29037,452
29038,399
29039,352
29040,309
29041,283
29042,251
29043,205
29044,827
29045,734
29046,390
29047,354
29048,331
29049,307
29050,242
29051,432
29052,395
29053,270
29054,242
29055,223
29056,187
29057,160
29058,234
29059,216
29060,150
29061,132
29062,115
29063,104
29064,76
29065,417
29066,410
29067,173
29068,156
29069,135
29070,123
29071,110
29072,1231
29073,1261
29074,646
29075,591
29076,539
29077,479
29078,409
29079,66
29080,57
29081,50
29082,43
29083,38
29084,31
29085,28
29086,865
29087,797
29088,443
29089,391
29090,378
29091,359
29092,300
29093,796
29094,747
29095,512
29096,443
29097,404
29098,371
29099,310
29100,403
29101,407
29102,117
29103,106
29104,97
29105,86
29106,78
29107,243
29108,218
29109,169
29110,134
29111,132
29112,109
29113,91
29114,220
29115,216
29116,104
29117,98
29118,97
29119,82
29120,70
29121,357
29122,336
29123,208
29124,191
29125,175
29126,154
29127,127
29128,342
29129,311
29130,186
29131,175
29132,161
29133,149
29134,129
29135,648
29136,597
29137,347
29138,309
29139,291
29140,272
29141,223
29142,59
29143,57
29144,32
29145,29
29146,17
29147,10
29148,10
29149,375
29150,358
29151,213
29152,180
29153,178
29154,159
29155,130
29156,442
29157,434
29158,202
29159,179
29160,163
29161,141
29162,126
29163,2391
29164,2112
29165,1129
29166,1044
29167,939
29168,825
29169,678
29170,328
29171,312
29172,200
29173,174
29174,156
29175,141
29176,136
29177,735
29178,661
29179,439
29180,373
29181,362
29182,340
29183,289
29184,414
29185,375
29186,322
29187,281
29188,262
29189,226
29190,181
29191,119
29192,118
29193,86
29194,79
29195,74
29196,61
29197,57
29198,462
29199,392
29200,456
29201,384
29202,345
29203,323
29204,265
29205,29
29206,27
29207,15
29208,14
29209,8
29210,7
29211,6
29212,261
29213,249
29214,155
29215,131
29216,126
29217,101
29218,87
29219,397
29220,354
29221,232
29222,204
29223,186
29224,173
29225,136
29226,864
29227,821
29228,653
29229,566
29230,525
29231,491
29232,370
29233,322
29234,287
29235,211
29236,186
29237,172
29238,160
29239,147
29240,483
29241,469
29242,235
29243,213
29244,198
29245,179
29246,143
29247,47
29248,43
29249,27
29250,25
29251,19
29252,15
29253,15
29254,390
29255,345
29256,276
29257,246
29258,222
29259,185
29260,149
29261,296
29262,291
29263,178
29264,160
29265,156
29266,131
29267,113
29268,828
29269,777
29270,377
29271,338
29272,316
29273,280
29274,244
29275,258
29276,239
29277,128
29278,119
29279,113
29280,101
29281,96
29282,154
29283,150
29284,93
29285,82
29286,76
29287,66
29288,57
29289,412
29290,388
29291,265
29292,234
29293,213
29294,187
29295,162
29296,296
29297,264
29298,155
29299,127
29300,108
29301,89
29302,77
29303,287
29304,280
29305,235
29306,205
29307,178
29308,155
29309,120
29310,747
29311,675
29312,437
29313,389
29314,361
29315,333
29316,261
29317,30
29318,27
29319,21
29320,20
29321,9
29322,8
29323,8
29324,387
29325,365
29326,205
29327,186
29328,171
29329,157
29330,133
29331,156
29332,151
29333,88
29334,71
29335,67
29336,51
29337,45
29338,162
29339,156
29340,89
29341,74
29342,67
29343,46
29344,36
29345,379
29346,368
29347,241
29348,217
29349,202
29350,184
29351,155
29352,441
29353,416
29354,331
29355,299
29356,281
29357,265
29358,237
29359,185
29360,179
29361,159
29362,141
29363,123
29364,109
29365,86
29366,326
29367,321
29368,147
29369,130
29370,119
29371,107
29372,100
29373,593
29374,549
29375,319
29376,284
29377,265
29378,261
29379,225
29380,254
29381,235
29382,182
29383,166
29384,153
29385,138
29386,118
29387,159
29388,132
29389,124
29390,107
29391,93
29392,80
29393,65
29394,282
29395,272
29396,153
29397,142
29398,134
29399,130
29400,108
29401,463
29402,469
29403,233
29404,206
29405,195
29406,170
29407,150
29408,246
29409,231
29410,179
29411,152
29412,151
29413,126
29414,98
29415,92
29416,93
29417,53
29418,48
29419,42
29420,37
29421,35
29422,325
29423,292
29424,251
29425,221
29426,206
29427,178
29428,148
29429,42
29430,39
29431,28
29432,26
29433,21
29434,10
29435,10
29436,305
29437,293
29438,241
29439,222
29440,205
29441,185
29442,179
29443,662
29444,642
29445,319
29446,283
29447,268
29448,246
29449,209
29450,141
29451,135
29452,82
29453,73
29454,64
29455,52
29456,45
29457,496
29458,486
29459,269
29460,243
29461,237
29462,206
29463,174
29464,25
29465,17
29466,5
29467,1
29468,0
29469,1
29470,0
29471,60
29472,43
29473,32
29474,4
29475,3
29476,3
29477,3
29478,29
29479,20
29480,24
29481,5
29482,4
29483,5
29484,5
29485,12
29486,7
29487,0
29488,1
29489,1
29490,1
29491,1
29492,7
29493,5
29494,0
29495,1
29496,1
29497,1
29498,1
29499,50
29500,38
29501,15
29502,0
29503,0
29504,0
29505,0
29506,16
29507,11
29508,0
29509,0
29510,0
29511,1
29512,1
29513,22
29514,14
29515,13
29516,2
29517,2
29518,5
29519,4
29520,25
29521,18
29522,3
29523,1
29524,2
29525,2
29526,2
29527,34
29528,22
29529,19
29530,4
29531,3
29532,4
29533,3
29534,8
29535,6
29536,1
29537,1
29538,1
29539,1
29540,1
29541,11
29542,7
29543,1
29544,0
29545,1
29546,1
29547,1
29548,24
29549,17
29550,8
29551,1
29552,1
29553,1
29554,1
29555,19
29556,13
29557,1
29558,1
29559,1
29560,1
29561,1
29562,11
29563,7
29564,0
29565,0
29566,0
29567,0
29568,0
29569,24
29570,16
29571,13
29572,2
29573,1
29574,2
29575,1
29576,75
29577,57
29578,42
29579,17
29580,14
29581,18
29582,15
29583,4
29584,4
29585,0
29586,1
29587,0
29588,1
29589,1
29590,33
29591,23
29592,18
29593,3
29594,3
29595,4
29596,4
29597,30
29598,23
29599,5
29600,1
29601,1
29602,1
29603,1
29604,21
29605,13
29606,6
29607,0
29608,1
29609,2
29610,2
29611,7
29612,5
29613,1
29614,1
29615,1
29616,1
29617,1
29618,4
29619,2
29620,0
29621,0
29622,0
29623,0
29624,0
29625,27
29626,21
29627,6
29628,1
29629,1
29630,1
29631,1
29632,23
29633,13
29634,2
29635,0
29636,0
29637,0
29638,0
29639,17
29640,11
29641,3
29642,1
29643,1
29644,1
29645,1
29646,29
29647,21
29648,15
29649,3
29650,2
29651,2
29652,2
29653,75
29654,52
29655,38
29656,7
29657,4
29658,5
29659,3
29660,15
29661,12
29662,0
29663,0
29664,0
29665,0
29666,0
29667,19
29668,16
29669,2
29670,1
29671,1
29672,1
29673,1
29674,1
29675,1
29676,0
29677,0
29678,0
29679,0
29680,0
29681,44
29682,34
29683,17
29684,2
29685,2
29686,3
29687,3
29688,34
29689,20
29690,16
29691,0
29692,0
29693,0
29694,0
29695,10
29696,7
29697,0
29698,0
29699,0
29700,0
29701,0
29702,34
29703,24
29704,19
29705,0
29706,0
29707,1
29708,0
29709,42
29710,27
29711,17
29712,2
29713,2
29714,2
29715,2
29716,22
29717,15
29718,1
29719,1
29720,1
29721,1
29722,1
29723,5
29724,3
29725,0
29726,0
29727,0
29728,0
29729,0
29730,7
29731,5
29732,0
29733,0
29734,0
29735,0
29736,0
29737,4
29738,4
29739,0
29740,0
29741,0
29742,0
29743,0
29744,5
29745,2
29746,0
29747,0
29748,0
29749,0
29750,0
29751,23
29752,18
29753,8
29754,3
29755,2
29756,3
29757,3
29758,13
29759,9
29760,0
29761,1
29762,0
29763,1
29764,0
29765,17
29766,10
29767,4
29768,1
29769,1
29770,1
29771,1
29772,18
29773,9
29774,2
29775,1
29776,2
29777,2
29778,2
29779,13
29780,9
29781,1
29782,1
29783,1
29784,1
29785,1
29786,45
29787,36
29788,20
29789,9
29790,18
29791,27
29792,27
29793,55
29794,47
29795,33
29796,13
29797,21
29798,33
29799,35
29800,0
29801,0
29802,0
29803,0
29804,0
29805,0
29806,0
29807,59
29808,49
29809,30
29810,17
29811,21
29812,37
29813,37
29814,13
29815,9
29816,5
29817,0
29818,2
29819,3
29820,4
29821,5
29822,2
29823,0
29824,0
29825,0
29826,1
29827,1
29828,47
29829,39
29830,28
29831,14
29832,22
29833,37
29834,37
29835,0
29836,0
29837,0
29838,0
29839,0
29840,0
29841,0
29842,6
29843,3
29844,0
29845,0
29846,1
29847,1
29848,1
29849,1
29850,0
29851,0
29852,0
29853,0
29854,0
29855,0
29856,20
29857,14
29858,3
29859,0
29860,4
29861,8
29862,7
29863,20
29864,14
29865,4
29866,2
29867,8
29868,13
29869,14
29870,2
29871,0
29872,0
29873,0
29874,0
29875,0
29876,0
29877,94
29878,83
29879,57
29880,28
29881,37
29882,51
29883,52
29884,8
29885,3
29886,0
29887,0
29888,1
29889,2
29890,2
29891,38
29892,30
29893,20
29894,12
29895,20
29896,32
29897,32
29898,8
29899,4
29900,0
29901,0
29902,3
29903,5
29904,5
29905,29
29906,21
29907,4
29908,1
29909,9
29910,14
29911,14
29912,21
29913,14
29914,5
29915,0
29916,8
29917,17
29918,17
29919,4
29920,2
29921,0
29922,0
29923,0
29924,0
29925,0
29926,21
29927,13
29928,5
29929,1
29930,7
29931,11
29932,12
29933,8
29934,3
29935,0
29936,0
29937,2
29938,3
29939,3
29940,1
29941,0
29942,0
29943,0
29944,0
29945,0
29946,0
29947,0
29948,0
29949,0
29950,0
29951,0
29952,0
29953,0
29954,0
29955,0
29956,0
29957,0
29958,0
29959,0
29960,0
29961,117
29962,99
29963,63
29964,21
29965,29
29966,44
29967,44
29968,23
29969,16
29970,4
29971,1
29972,8
29973,13
29974,13
29975,41
29976,31
29977,16
29978,1
29979,10
29980,22
29981,22
29982,8
29983,5
29984,1
29985,0
29986,1
29987,1
29988,1
29989,1
29990,0
29991,0
29992,0
29993,0
29994,0
29995,0
29996,16
29997,11
29998,5
29999,1
30000,5
30001,8
30002,9
30003,71
30004,63
30005,45
30006,21
30007,25
30008,34
30009,33
30010,12
30011,7
30012,1
30013,0
30014,2
30015,2
30016,2
30017,4
30018,1
30019,0
30020,0
30021,1
30022,1
30023,1
30024,27
30025,20
30026,11
30027,5
30028,15
30029,25
30030,25
30031,40
30032,32
30033,21
30034,6
30035,15
30036,26
30037,26
30038,13
30039,8
30040,2
30041,0
30042,1
30043,1
30044,2
30045,18
30046,11
30047,2
30048,0
30049,6
30050,11
30051,11
30052,1
30053,0
30054,0
30055,0
30056,0
30057,1
30058,1
30059,22
30060,13
30061,5
30062,0
30063,5
30064,9
30065,9
30066,8
30067,5
30068,0
30069,0
30070,0
30071,0
30072,1
30073,85
30074,45
30075,39
30076,33
30077,2
30078,2
30079,1
30080,348
30081,234
30082,219
30083,190
30084,111
30085,127
30086,106
30087,87
30088,37
30089,30
30090,19
30091,1
30092,1
30093,1
30094,232
30095,89
30096,72
30097,52
30098,13
30099,17
30100,10
30101,71
30102,17
30103,11
30104,2
30105,0
30106,0
30107,0
30108,701
30109,301
30110,255
30111,212
30112,88
30113,159
30114,105
30115,4
30116,2
30117,2
30118,1
30119,0
30120,0
30121,0
30122,37
30123,26
30124,24
30125,15
30126,0
30127,0
30128,0
30129,85
30130,27
30131,23
30132,17
30133,3
30134,4
30135,3
30136,35
30137,18
30138,16
30139,8
30140,0
30141,0
30142,0
30143,99
30144,71
30145,63
30146,54
30147,13
30148,23
30149,10
30150,50
30151,35
30152,29
30153,17
30154,0
30155,0
30156,0
30157,5
30158,3
30159,2
30160,0
30161,0
30162,0
30163,0
30164,26
30165,13
30166,11
30167,7
30168,0
30169,0
30170,0
30171,281
30172,184
30173,169
30174,145
30175,74
30176,99
30177,63
30178,116
30179,53
30180,46
30181,29
30182,18
30183,28
30184,19
30185,201
30186,142
30187,133
30188,117
30189,100
30190,159
30191,91
30192,7
30193,4
30194,3
30195,3
30196,0
30197,0
30198,0
30199,73
30200,44
30201,42
30202,27
30203,3
30204,5
30205,3
30206,98
30207,58
30208,53
30209,39
30210,2
30211,2
30212,1
30213,251
30214,139
30215,126
30216,112
30217,53
30218,57
30219,48
30220,77
30221,36
30222,30
30223,20
30224,1
30225,1
30226,1
30227,174
30228,85
30229,74
30230,61
30231,38
30232,49
30233,35
30234,102
30235,59
30236,53
30237,49
30238,6
30239,6
30240,6
30241,77
30242,41
30243,35
30244,25
30245,0
30246,0
30247,0
30248,63
30249,25
30250,24
30251,14
30252,1
30253,1
30254,1
30255,98
30256,50
30257,43
30258,32
30259,9
30260,8
30261,8
30262,106
30263,74
30264,72
30265,61
30266,17
30267,15
30268,14
30269,30
30270,15
30271,13
30272,8
30273,0
30274,0
30275,0
30276,139
30277,52
30278,45
30279,33
30280,14
30281,14
30282,12
30283,67
30284,34
30285,29
30286,21
30287,1
30288,1
30289,0
30290,706
30291,376
30292,358
30293,299
30294,213
30295,294
30296,222
30297,156
30298,130
30299,125
30300,106
30301,45
30302,61
30303,33
30304,66
30305,30
30306,26
30307,28
30308,1
30309,1
30310,1
30311,115
30312,75
30313,68
30314,56
30315,28
30316,41
30317,29
30318,72
30319,48
30320,43
30321,30
30322,3
30323,3
30324,1
30325,118
30326,44
30327,37
30328,25
30329,5
30330,5
30331,4
30332,37
30333,19
30334,16
30335,9
30336,0
30337,0
30338,0
30339,120
30340,57
30341,55
30342,50
30343,10
30344,10
30345,9
30346,22
30347,24
30348,23
30349,17
30350,1
30351,0
30352,0
30353,34
30354,21
30355,20
30356,11
30357,0
30358,0
30359,0
30360,136
30361,71
30362,69
30363,56
30364,18
30365,19
30366,17
30367,45
30368,23
30369,21
30370,14
30371,1
30372,1
30373,1
30374,111
30375,29
30376,24
30377,17
30378,2
30379,3
30380,2
30381,75
30382,60
30383,50
30384,44
30385,14
30386,15
30387,11
30388,179
30389,67
30390,56
30391,47
30392,24
30393,49
30394,28
30395,103
30396,54
30397,49
30398,41
30399,8
30400,8
30401,7
30402,110
30403,65
30404,60
30405,48
30406,26
30407,27
30408,24
30409,43
30410,19
30411,15
30412,7
30413,0
30414,0
30415,0
30416,271
30417,137
30418,124
30419,101
30420,32
30421,39
30422,24
30423,188
30424,90
30425,82
30426,67
30427,21
30428,24
30429,17
30430,102
30431,61
30432,58
30433,48
30434,3
30435,3
30436,2
30437,511
30438,265
30439,251
30440,178
30441,99
30442,132
30443,102
30444,62
30445,40
30446,37
30447,21
30448,2
30449,3
30450,2
30451,132
30452,96
30453,89
30454,72
30455,18
30456,18
30457,10
30458,141
30459,81
30460,73
30461,58
30462,21
30463,20
30464,18
30465,81
30466,91
30467,84
30468,66
30469,9
30470,2
30471,2
30472,99
30473,43
30474,36
30475,23
30476,4
30477,3
30478,3
30479,93
30480,58
30481,51
30482,41
30483,8
30484,9
30485,9
30486,308
30487,191
30488,172
30489,133
30490,86
30491,98
30492,74
30493,12
30494,7
30495,6
30496,0
30497,0
30498,0
30499,0
30500,146
30501,103
30502,94
30503,79
30504,18
30505,25
30506,12
30507,261
30508,119
30509,107
30510,86
30511,31
30512,37
30513,25
30514,17
30515,8
30516,6
30517,4
30518,0
30519,0
30520,0
30521,90
30522,45
30523,40
30524,32
30525,1
30526,2
30527,1
30528,201
30529,91
30530,85
30531,70
30532,24
30533,27
30534,21
30535,268
30536,137
30537,134
30538,105
30539,67
30540,83
30541,62
30542,98
30543,45
30544,38
30545,28
30546,5
30547,5
30548,4
30549,75
30550,62
30551,58
30552,49
30553,6
30554,5
30555,5
30556,296
30557,168
30558,153
30559,124
30560,42
30561,53
30562,39
30563,15
30564,9
30565,9
30566,4
30567,0
30568,0
30569,0
30570,148
30571,66
30572,58
30573,46
30574,18
30575,24
30576,15
30577,67
30578,40
30579,39
30580,25
30581,1
30582,0
30583,0
30584,69
30585,34
30586,29
30587,21
30588,0
30589,0
30590,0
30591,30
30592,12
30593,9
30594,3
30595,0
30596,0
30597,0
30598,223
30599,132
30600,119
30601,101
30602,51
30603,56
30604,42
30605,180
30606,124
30607,111
30608,97
30609,22
30610,32
30611,12
30612,156
30613,66
30614,62
30615,47
30616,13
30617,17
30618,13
30619,173
30620,93
30621,85
30622,67
30623,25
30624,34
30625,16
30626,70
30627,54
30628,51
30629,39
30630,4
30631,4
30632,3
30633,36
30634,26
30635,24
30636,12
30637,0
30638,0
30639,0
30640,137
30641,63
30642,62
30643,51
30644,13
30645,17
30646,12
30647,115
30648,48
30649,41
30650,30
30651,2
30652,6
30653,1
30654,88
30655,63
30656,54
30657,49
30658,7
30659,7
30660,4
30661,1
30662,5
30663,5
30664,0
30665,0
30666,0
30667,0
30668,60
30669,42
30670,40
30671,23
30672,4
30673,6
30674,3
30675,368
30676,180
30677,161
30678,137
30679,55
30680,76
30681,53
30682,70
30683,33
30684,29
30685,20
30686,0
30687,0
30688,0
30689,693
30690,613
30691,642
30692,571
30693,546
30694,470
30695,463
30696,541
30697,463
30698,489
30699,427
30700,406
30701,380
30702,390
30703,50
30704,46
30705,44
30706,42
30707,38
30708,9
30709,7
30710,9
30711,8
30712,8
30713,9
30714,8
30715,5
30716,4
30717,83
30718,81
30719,76
30720,72
30721,66
30722,15
30723,13
30724,1306
30725,1201
30726,1176
30727,1075
30728,1045
30729,803
30730,791
30731,61
30732,58
30733,56
30734,52
30735,46
30736,7
30737,6
30738,189
30739,170
30740,177
30741,157
30742,148
30743,68
30744,66
30745,123
30746,118
30747,112
30748,108
30749,100
30750,32
30751,32
30752,130
30753,123
30754,130
30755,121
30756,107
30757,42
30758,40
30759,12
30760,12
30761,12
30762,11
30763,10
30764,3
30765,3
30766,35
30767,30
30768,33
30769,31
30770,24
30771,6
30772,5
30773,301
30774,276
30775,291
30776,264
30777,252
30778,194
30779,191
30780,10
30781,9
30782,8
30783,8
30784,7
30785,2
30786,2
30787,87
30788,86
30789,83
30790,79
30791,71
30792,22
30793,23
30794,79
30795,74
30796,71
30797,67
30798,61
30799,13
30800,12
30801,172
30802,151
30803,158
30804,140
30805,130
30806,62
30807,64
30808,193
30809,184
30810,178
30811,163
30812,157
30813,71
30814,72
30815,149
30816,146
30817,148
30818,134
30819,123
30820,63
30821,65
30822,624
30823,564
30824,582
30825,524
30826,502
30827,418
30828,419
30829,80
30830,75
30831,74
30832,71
30833,63
30834,14
30835,11
30836,223
30837,204
30838,208
30839,188
30840,169
30841,74
30842,72
30843,42
30844,42
30845,41
30846,40
30847,37
30848,10
30849,11
30850,29
30851,27
30852,28
30853,27
30854,24
30855,9
30856,10
30857,278
30858,269
30859,263
30860,244
30861,228
30862,124
30863,127
30864,224
30865,213
30866,210
30867,193
30868,176
30869,94
30870,92
30871,20
30872,18
30873,19
30874,18
30875,15
30876,8
30877,8
30878,18
30879,17
30880,15
30881,15
30882,12
30883,3
30884,2
30885,973
30886,886
30887,852
30888,784
30889,761
30890,534
30891,523
30892,109
30893,106
30894,109
30895,102
30896,94
30897,33
30898,33
30899,1227
30900,1049
30901,1069
30902,980
30903,950
30904,791
30905,754
30906,104
30907,95
30908,103
30909,93
30910,86
30911,26
30912,23
30913,802
30914,713
30915,709
30916,655
30917,631
30918,480
30919,485
30920,101
30921,91
30922,94
30923,86
30924,80
30925,32
30926,32
30927,131
30928,122
30929,129
30930,119
30931,112
30932,39
30933,37
30934,281
30935,249
30936,253
30937,223
30938,207
30939,154
30940,153
30941,130
30942,126
30943,118
30944,111
30945,104
30946,29
30947,24
30948,52
30949,47
30950,46
30951,43
30952,38
30953,7
30954,5
30955,34
30956,31
30957,32
30958,30
30959,26
30960,4
30961,4
30962,285
30963,290
30964,281
30965,255
30966,244
30967,151
30968,151
30969,15
30970,11
30971,14
30972,14
30973,13
30974,10
30975,9
30976,171
30977,160
30978,162
30979,143
30980,132
30981,53
30982,54
30983,704
30984,629
30985,647
30986,580
30987,568
30988,455
30989,453
30990,43
30991,42
30992,42
30993,41
30994,36
30995,9
30996,9
30997,168
30998,167
30999,143
31000,144
31001,137
31002,54
31003,53
31004,19
31005,17
31006,16
31007,15
31008,14
31009,2
31010,1
31011,226
31012,208
31013,207
31014,190
31015,177
31016,95
31017,95
31018,45
31019,41
31020,42
31021,41
31022,37
31023,10
31024,9
31025,114
31026,102
31027,101
31028,89
31029,80
31030,27
31031,24
31032,583
31033,537
31034,532
31035,471
31036,461
31037,357
31038,353
31039,441
31040,417
31041,412
31042,371
31043,355
31044,251
31045,250
31046,174
31047,160
31048,162
31049,140
31050,128
31051,75
31052,78
31053,295
31054,283
31055,271
31056,253
31057,242
31058,129
31059,129
31060,2453
31061,2083
31062,2160
31063,1957
31064,1868
31065,1518
31066,1478
31067,84
31068,79
31069,79
31070,74
31071,68
31072,20
31073,19
31074,284
31075,256
31076,255
31077,232
31078,221
31079,162
31080,160
31081,55
31082,51
31083,52
31084,47
31085,43
31086,14
31087,13
31088,44
31089,44
31090,41
31091,39
31092,37
31093,9
31094,7
31095,67
31096,66
31097,64
31098,62
31099,56
31100,17
31101,16
31102,459
31103,376
31104,410
31105,360
31106,343
31107,304
31108,308
31109,168
31110,156
31111,151
31112,135
31113,118
31114,44
31115,45
31116,162
31117,140
31118,164
31119,150
31120,133
31121,88
31122,95
31123,42
31124,39
31125,36
31126,34
31127,31
31128,6
31129,4
31130,385
31131,336
31132,368
31133,326
31134,312
31135,274
31136,276
31137,86
31138,79
31139,82
31140,74
31141,68
31142,16
31143,13
31144,54
31145,49
31146,50
31147,49
31148,45
31149,15
31150,14
31151,748
31152,681
31153,659
31154,595
31155,564
31156,405
31157,398
31158,99
31159,93
31160,93
31161,86
31162,78
31163,17
31164,15
31165,60
31166,54
31167,54
31168,50
31169,45
31170,10
31171,9
31172,10
31173,10
31174,10
31175,9
31176,8
31177,2
31178,2
31179,908
31180,816
31181,794
31182,718
31183,702
31184,497
31185,491
31186,939
31187,813
31188,832
31189,757
31190,729
31191,594
31192,583
31193,144
31194,133
31195,129
31196,117
31197,108
31198,40
31199,39
31200,48
31201,45
31202,44
31203,44
31204,42
31205,12
31206,12
31207,116
31208,102
31209,109
31210,99
31211,88
31212,24
31213,21
31214,149
31215,135
31216,138
31217,120
31218,102
31219,63
31220,70
31221,649
31222,590
31223,623
31224,567
31225,540
31226,465
31227,475
31228,11
31229,10
31230,9
31231,9
31232,8
31233,2
31234,2
31235,263
31236,249
31237,243
31238,223
31239,216
31240,132
31241,131
31242,146
31243,136
31244,134
31245,126
31246,119
31247,40
31248,38
31249,102
31250,99
31251,96
31252,92
31253,82
31254,21
31255,18
31256,58
31257,55
31258,53
31259,50
31260,45
31261,9
31262,8
31263,137
31264,131
31265,128
31266,120
31267,111
31268,37
31269,36
31270,3
31271,2
31272,2
31273,2
31274,2
31275,1
31276,1
31277,37
31278,35
31279,34
31280,33
31281,30
31282,10
31283,9
31284,257
31285,240
31286,220
31287,198
31288,184
31289,101
31290,94
31291,100
31292,92
31293,83
31294,75
31295,68
31296,31
31297,29
31298,432
31299,404
31300,384
31301,347
31302,335
31303,204
31304,198
31305,113
31306,106
31307,106
31308,98
31309,92
31310,32
31311,28
31312,109
31313,98
31314,104
31315,94
31316,86
31317,33
31318,31
31319,114
31320,93
31321,109
31322,93
31323,79
31324,25
31325,28
31326,583
31327,523
31328,536
31329,486
31330,475
31331,349
31332,348
31333,58
31334,53
31335,51
31336,47
31337,43
31338,7
31339,5
31340,166
31341,153
31342,165
31343,148
31344,135
31345,57
31346,59
31347,9
31348,9
31349,8
31350,7
31351,7
31352,2
31353,2
31354,89
31355,85
31356,79
31357,73
31358,63
31359,17
31360,14
31361,94
31362,86
31363,90
31364,84
31365,78
31366,26
31367,24
31368,102
31369,92
31370,91
31371,81
31372,74
31373,16
31374,14
31375,126
31376,116
31377,117
31378,104
31379,97
31380,43
31381,46
31382,362
31383,353
31384,350
31385,318
31386,315
31387,237
31388,237
31389,32
31390,29
31391,29
31392,28
31393,25
31394,11
31395,11
31396,12
31397,11
31398,11
31399,10
31400,8
31401,3
31402,3
31403,165
31404,158
31405,149
31406,138
31407,130
31408,40
31409,39
31410,1
31411,0
31412,0
31413,0
31414,0
31415,0
31416,0
31417,4
31418,0
31419,0
31420,0
31421,0
31422,0
31423,0
31424,1
31425,0
31426,0
31427,0
31428,0
31429,0
31430,1
31431,1
31432,0
31433,0
31434,0
31435,0
31436,0
31437,0
31438,1
31439,0
31440,0
31441,0
31442,0
31443,0
31444,0
31445,2
31446,0
31447,0
31448,0
31449,0
31450,0
31451,0
31452,15
31453,6
31454,5
31455,2
31456,0
31457,0
31458,1
31459,0
31460,0
31461,0
31462,0
31463,0
31464,0
31465,0
31466,0
31467,0
31468,0
31469,0
31470,0
31471,0
31472,0
31473,0
31474,0
31475,0
31476,0
31477,0
31478,0
31479,0
31480,3
31481,0
31482,0
31483,0
31484,0
31485,0
31486,0
31487,1
31488,0
31489,0
31490,0
31491,0
31492,0
31493,0
31494,0
31495,0
31496,0
31497,0
31498,0
31499,0
31500,0
31501,3
31502,1
31503,1
31504,0
31505,0
31506,0
31507,0
31508,5
31509,1
31510,1
31511,0
31512,0
31513,0
31514,1
31515,2
31516,1
31517,0
31518,0
31519,0
31520,0
31521,0
31522,0
31523,0
31524,0
31525,0
31526,0
31527,0
31528,0
31529,1
31530,0
31531,0
31532,0
31533,0
31534,0
31535,0
31536,2114
31537,1816
31538,920
31539,786
31540,741
31541,650
31542,651
31543,2762
31544,2322
31545,1356
31546,1190
31547,1112
31548,983
31549,955
31550,210
31551,200
31552,89
31553,83
31554,66
31555,50
31556,47
31557,407
31558,385
31559,150
31560,128
31561,106
31562,79
31563,78
31564,166
31565,150
31566,97
31567,87
31568,61
31569,50
31570,48
31571,267
31572,247
31573,90
31574,78
31575,67
31576,55
31577,55
31578,3033
31579,2696
31580,1045
31581,893
31582,843
31583,757
31584,784
31585,312
31586,279
31587,165
31588,143
31589,122
31590,106
31591,100
31592,266
31593,240
31594,131
31595,118
31596,105
31597,88
31598,84
31599,306
31600,285
31601,103
31602,94
31603,84
31604,80
31605,79
31606,442
31607,414
31608,223
31609,191
31610,166
31611,144
31612,140
31613,334
31614,318
31615,181
31616,156
31617,139
31618,122
31619,116
31620,169
31621,138
31622,125
31623,111
31624,98
31625,83
31626,79
31627,552
31628,484
31629,287
31630,254
31631,236
31632,219
31633,210
31634,12
31635,12
31636,5
31637,5
31638,1
31639,2
31640,2
31641,58
31642,55
31643,30
31644,27
31645,17
31646,12
31647,13
31648,194
31649,187
31650,97
31651,87
31652,75
31653,81
31654,84
31655,72
31656,66
31657,32
31658,27
31659,20
31660,12
31661,12
31662,1116
31663,962
31664,568
31665,498
31666,451
31667,379
31668,368
31669,168
31670,154
31671,72
31672,65
31673,45
31674,36
31675,33
31676,447
31677,414
31678,175
31679,154
31680,139
31681,124
31682,124
31683,632
31684,599
31685,363
31686,318
31687,283
31688,252
31689,238
31690,215
31691,198
31692,106
31693,94
31694,85
31695,71
31696,70
31697,1125
31698,1016
31699,489
31700,431
31701,415
31702,385
31703,386
31704,149
31705,139
31706,65
31707,57
31708,48
31709,42
31710,40
31711,938
31712,808
31713,395
31714,333
31715,288
31716,239
31717,236
31718,233
31719,222
31720,92
31721,82
31722,73
31723,62
31724,62
31725,135
31726,124
31727,71
31728,64
31729,55
31730,51
31731,49
31732,95
31733,85
31734,45
31735,41
31736,23
31737,16
31738,15
31739,579
31740,545
31741,226
31742,193
31743,170
31744,139
31745,140
31746,422
31747,389
31748,192
31749,169
31750,145
31751,117
31752,110
31753,240
31754,216
31755,122
31756,115
31757,103
31758,87
31759,82
31760,79
31761,77
31762,38
31763,35
31764,26
31765,23
31766,23
31767,1386
31768,1255
31769,443
31770,387
31771,375
31772,348
31773,360
31774,288
31775,265
31776,152
31777,131
31778,120
31779,110
31780,106
31781,6720
31782,5629
31783,2443
31784,2179
31785,2071
31786,1878
31787,1879
31788,611
31789,503
31790,397
31791,366
31792,332
31793,282
31794,255
31795,2421
31796,2038
31797,904
31798,790
31799,757
31800,673
31801,687
31802,168
31803,146
31804,96
31805,84
31806,72
31807,63
31808,62
31809,578
31810,509
31811,312
31812,278
31813,247
31814,213
31815,209
31816,430
31817,384
31818,238
31819,216
31820,198
31821,173
31822,164
31823,667
31824,620
31825,223
31826,194
31827,175
31828,160
31829,160
31830,202
31831,184
31832,100
31833,91
31834,73
31835,54
31836,49
31837,63
31838,59
31839,32
31840,29
31841,17
31842,14
31843,14
31844,1225
31845,1190
31846,466
31847,411
31848,371
31849,323
31850,324
31851,100
31852,82
31853,65
31854,55
31855,43
31856,36
31857,36
31858,75
31859,73
31860,44
31861,41
31862,27
31863,20
31864,19
31865,115
31866,99
31867,68
31868,59
31869,48
31870,42
31871,41
31872,1521
31873,1296
31874,623
31875,535
31876,519
31877,466
31878,463
31879,182
31880,171
31881,84
31882,74
31883,61
31884,50
31885,49
31886,414
31887,402
31888,99
31889,88
31890,77
31891,62
31892,65
31893,206
31894,196
31895,133
31896,120
31897,102
31898,83
31899,80
31900,52
31901,48
31902,33
31903,32
31904,11
31905,11
31906,10
31907,457
31908,414
31909,187
31910,163
31911,144
31912,120
31913,122
31914,291
31915,254
31916,132
31917,123
31918,112
31919,91
31920,92
31921,103
31922,95
31923,44
31924,38
31925,27
31926,20
31927,20
31928,2455
31929,2102
31930,982
31931,843
31932,789
31933,696
31934,697
31935,799
31936,760
31937,335
31938,279
31939,254
31940,233
31941,235
31942,286
31943,264
31944,137
31945,122
31946,110
31947,95
31948,93
31949,275
31950,265
31951,105
31952,96
31953,82
31954,70
31955,74
31956,9500
31957,7901
31958,3724
31959,3258
31960,2955
31961,2595
31962,2608
31963,366
31964,334
31965,178
31966,161
31967,149
31968,136
31969,128
31970,501
31971,446
31972,234
31973,205
31974,193
31975,174
31976,171
31977,136
31978,122
31979,76
31980,68
31981,52
31982,47
31983,43
31984,75
31985,74
31986,36
31987,33
31988,21
31989,14
31990,15
31991,431
31992,408
31993,173
31994,153
31995,140
31996,124
31997,122
31998,463
31999,446
32000,212
32001,184
32002,161
32003,146
32004,143
32005,472
32006,392
32007,240
32008,210
32009,192
32010,173
32011,168
32012,103
32013,97
32014,44
32015,37
32016,25
32017,19
32018,19
32019,283
32020,257
32021,146
32022,129
32023,116
32024,103
32025,101
32026,625
32027,502
32028,472
32029,432
32030,380
32031,339
32032,307
32033,221
32034,205
32035,69
32036,59
32037,53
32038,47
32039,47
32040,136
32041,130
32042,60
32043,54
32044,42
32045,34
32046,32
32047,334
32048,294
32049,174
32050,154
32051,135
32052,115
32053,116
32054,268
32055,243
32056,148
32057,131
32058,117
32059,104
32060,101
32061,874
32062,740
32063,492
32064,438
32065,404
32066,364
32067,360
32068,1439
32069,1282
32070,514
32071,450
32072,416
32073,373
32074,377
32075,327
32076,285
32077,150
32078,131
32079,117
32080,97
32081,92
32082,56
32083,55
32084,29
32085,28
32086,19
32087,13
32088,12
32089,1966
32090,1741
32091,653
32092,570
32093,546
32094,492
32095,498
32096,4725
32097,3944
32098,1648
32099,1445
32100,1376
32101,1251
32102,1258
32103,218
32104,203
32105,103
32106,89
32107,81
32108,70
32109,72
32110,350
32111,326
32112,182
32113,168
32114,147
32115,130
32116,123
32117,299
32118,265
32119,140
32120,119
32121,103
32122,85
32123,83
32124,133
32125,122
32126,85
32127,73
32128,54
32129,40
32130,40
32131,1867
32132,1625
32133,893
32134,788
32135,743
32136,666
32137,662
32138,429
32139,390
32140,158
32141,143
32142,127
32143,112
32144,112
32145,531
32146,493
32147,221
32148,205
32149,187
32150,178
32151,175
32152,322
32153,297
32154,128
32155,115
32156,105
32157,98
32158,99
32159,50
32160,48
32161,26
32162,24
32163,13
32164,8
32165,9
32166,44
32167,43
32168,27
32169,26
32170,10
32171,8
32172,8
32173,32
32174,32
32175,20
32176,19
32177,11
32178,10
32179,11
32180,314
32181,288
32182,113
32183,97
32184,89
32185,80
32186,79
32187,682
32188,611
32189,304
32190,270
32191,247
32192,217
32193,215
32194,111
32195,93
32196,77
32197,68
32198,46
32199,38
32200,32
32201,1110
32202,968
32203,658
32204,578
32205,520
32206,473
32207,466
32208,134
32209,117
32210,91
32211,81
32212,56
32213,44
32214,41
32215,761
32216,674
32217,510
32218,450
32219,383
32220,330
32221,303
32222,776
32223,711
32224,264
32225,229
32226,205
32227,182
32228,186
32229,374
32230,342
32231,173
32232,155
32233,143
32234,128
32235,130
32236,1390
32237,1150
32238,735
32239,641
32240,605
32241,558
32242,540
32243,392
32244,307
32245,281
32246,256
32247,215
32248,184
32249,164
32250,811
32251,731
32252,296
32253,256
32254,239
32255,217
32256,218
32257,67
32258,67
32259,33
32260,32
32261,17
32262,12
32263,11
32264,130
32265,122
32266,73
32267,64
32268,48
32269,40
32270,38
32271,11
32272,11
32273,5
32274,4
32275,3
32276,2
32277,2
32278,576
32279,456
32280,392
32281,351
32282,324
32283,298
32284,285
32285,440
32286,378
32287,261
32288,237
32289,209
32290,180
32291,162
32292,320
32293,296
32294,155
32295,137
32296,122
32297,108
32298,110
32299,1152
32300,1083
32301,453
32302,400
32303,369
32304,320
32305,322
32306,191
32307,175
32308,90
32309,84
32310,73
32311,65
32312,62
32313,421
32314,384
32315,223
32316,193
32317,171
32318,150
32319,144
32320,91
32321,90
32322,45
32323,43
32324,20
32325,15
32326,15
32327,43
32328,38
32329,17
32330,15
32331,0
32332,0
32333,0
32334,132
32335,115
32336,65
32337,58
32338,8
32339,4
32340,3
32341,13
32342,11
32343,3
32344,2
32345,0
32346,0
32347,0
32348,2
32349,2
32350,1
32351,1
32352,0
32353,0
32354,0
32355,4
32356,3
32357,1
32358,1
32359,0
32360,0
32361,0
32362,1
32363,1
32364,0
32365,0
32366,0
32367,0
32368,0
32369,186
32370,168
32371,64
32372,58
32373,11
32374,6
32375,5
32376,8
32377,7
32378,3
32379,2
32380,0
32381,0
32382,0
32383,3
32384,3
32385,1
32386,1
32387,0
32388,0
32389,0
32390,7
32391,7
32392,2
32393,2
32394,0
32395,0
32396,0
32397,24
32398,22
32399,10
32400,9
32401,0
32402,0
32403,0
32404,10
32405,7
32406,3
32407,3
32408,0
32409,0
32410,0
32411,6
32412,5
32413,3
32414,3
32415,0
32416,0
32417,0
32418,10
32419,9
32420,4
32421,4
32422,0
32423,0
32424,0
32425,50
32426,46
32427,21
32428,19
32429,1
32430,0
32431,0
32432,3
32433,2
32434,1
32435,1
32436,0
32437,0
32438,0
32439,6
32440,5
32441,2
32442,2
32443,0
32444,0
32445,0
32446,51
32447,46
32448,22
32449,20
32450,1
32451,0
32452,0
32453,2
32454,2
32455,1
32456,1
32457,0
32458,0
32459,0
32460,11
32461,9
32462,3
32463,3
32464,0
32465,0
32466,0
32467,3
32468,2
32469,2
32470,1
32471,0
32472,0
32473,0
32474,10
32475,9
32476,2
32477,2
32478,0
32479,0
32480,0
32481,4
32482,3
32483,2
32484,1
32485,0
32486,0
32487,0
32488,53
32489,50
32490,18
32491,17
32492,1
32493,1
32494,1
32495,14
32496,12
32497,6
32498,5
32499,0
32500,0
32501,0
32502,322
32503,270
32504,127
32505,117
32506,38
32507,25
32508,22
32509,10
32510,8
32511,3
32512,3
32513,0
32514,0
32515,0
32516,79
32517,70
32518,27
32519,24
32520,1
32521,0
32522,0
32523,3
32524,2
32525,1
32526,1
32527,0
32528,0
32529,0
32530,9
32531,8
32532,3
32533,3
32534,0
32535,0
32536,0
32537,12
32538,11
32539,6
32540,5
32541,0
32542,0
32543,0
32544,27
32545,26
32546,7
32547,6
32548,0
32549,0
32550,0
32551,16
32552,14
32553,4
32554,4
32555,0
32556,0
32557,0
32558,74
32559,72
32560,31
32561,30
32562,0
32563,0
32564,0
32565,16
32566,15
32567,6
32568,6
32569,0
32570,0
32571,0
32572,6
32573,5
32574,2
32575,2
32576,0
32577,0
32578,0
32579,11
32580,11
32581,2
32582,2
32583,0
32584,0
32585,0
32586,8
32587,6
32588,2
32589,2
32590,0
32591,0
32592,0
32593,74
32594,69
32595,28
32596,27
32597,1
32598,0
32599,0
32600,20
32601,19
32602,7
32603,6
32604,0
32605,0
32606,0
32607,1
32608,1
32609,0
32610,0
32611,0
32612,0
32613,0
32614,5
32615,5
32616,2
32617,2
32618,0
32619,0
32620,0
32621,456
32622,376
32623,181
32624,160
32625,53
32626,38
32627,36
32628,26
32629,24
32630,10
32631,9
32632,0
32633,0
32634,0
32635,4
32636,3
32637,1
32638,1
32639,0
32640,0
32641,0
32642,11
32643,10
32644,4
32645,4
32646,0
32647,0
32648,0
32649,10
32650,8
32651,2
32652,2
32653,0
32654,0
32655,0
32656,51
32657,43
32658,24
32659,22
32660,0
32661,0
32662,0
32663,6
32664,5
32665,2
32666,1
32667,0
32668,0
32669,0
32670,7
32671,6
32672,2
32673,2
32674,0
32675,0
32676,0
32677,4
32678,3
32679,2
32680,2
32681,0
32682,0
32683,0
32684,9
32685,8
32686,4
32687,4
32688,0
32689,0
32690,0
32691,2
32692,1
32693,0
32694,0
32695,0
32696,0
32697,0
32698,16
32699,12
32700,6
32701,6
32702,0
32703,0
32704,0
32705,48
32706,45
32707,17
32708,16
32709,0
32710,0
32711,0
32712,1
32713,1
32714,0
32715,0
32716,0
32717,0
32718,0
32719,18
32720,15
32721,6
32722,5
32723,0
32724,0
32725,0
32726,92
32727,87
32728,33
32729,31
32730,2
32731,1
32732,1
32733,250
32734,216
32735,99
32736,92
32737,29
32738,21
32739,19
32740,4
32741,3
32742,1
32743,1
32744,0
32745,0
32746,0
32747,7
32748,6
32749,3
32750,3
32751,0
32752,0
32753,0
32754,5
32755,5
32756,2
32757,2
32758,0
32759,0
32760,0
32761,63
32762,55
32763,24
32764,22
32765,0
32766,0
32767,0
32768,7
32769,7
32770,2
32771,2
32772,0
32773,0
32774,0
32775,21
32776,19
32777,6
32778,6
32779,0
32780,0
32781,0
32782,2
32783,2
32784,0
32785,0
32786,0
32787,0
32788,0
32789,2
32790,2
32791,0
32792,0
32793,0
32794,0
32795,0
32796,43
32797,38
32798,17
32799,16
32800,0
32801,0
32802,0
32803,49
32804,42
32805,23
32806,21
32807,0
32808,0
32809,0
32810,1
32811,1
32812,1
32813,1
32814,0
32815,0
32816,0
32817,13
32818,12
32819,3
32820,3
32821,0
32822,0
32823,0
32824,3
32825,2
32826,1
32827,1
32828,0
32829,0
32830,0
32831,24
32832,20
32833,7
32834,6
32835,0
32836,0
32837,0
32838,22
32839,17
32840,6
32841,6
32842,0
32843,0
32844,0
32845,30
32846,28
32847,13
32848,13
32849,0
32850,0
32851,0
32852,2
32853,2
32854,1
32855,1
32856,0
32857,0
32858,0
32859,2
32860,1
32861,0
32862,0
32863,0
32864,0
32865,0
32866,18
32867,15
32868,9
32869,9
32870,0
32871,0
32872,0
32873,17
32874,14
32875,7
32876,6
32877,0
32878,0
32879,0
32880,5
32881,5
32882,2
32883,2
32884,0
32885,0
32886,0
32887,30
32888,28
32889,11
32890,11
32891,0
32892,0
32893,0
32894,3
32895,3
32896,0
32897,0
32898,0
32899,0
32900,0
32901,1
32902,1
32903,0
32904,0
32905,0
32906,0
32907,0
32908,1
32909,1
32910,0
32911,0
32912,0
32913,0
32914,0
32915,6
32916,3
32917,0
32918,0
32919,0
32920,1
32921,1
32922,105
32923,95
32924,48
32925,30
32926,29
32927,42
32928,42
32929,10
32930,4
32931,0
32932,0
32933,2
32934,3
32935,3
32936,5
32937,2
32938,0
32939,0
32940,1
32941,1
32942,1
32943,3
32944,2
32945,0
32946,0
32947,0
32948,1
32949,1
32950,1
32951,0
32952,0
32953,0
32954,0
32955,0
32956,0
32957,1
32958,0
32959,0
32960,0
32961,0
32962,0
32963,0
32964,14
32965,10
32966,0
32967,0
32968,1
32969,2
32970,2
32971,8
32972,3
32973,0
32974,0
32975,1
32976,1
32977,2
32978,42
32979,34
32980,15
32981,6
32982,14
32983,25
32984,26
32985,4
32986,2
32987,0
32988,0
32989,0
32990,1
32991,1
32992,2
32993,1
32994,0
32995,0
32996,0
32997,0
32998,0
32999,1
33000,1
33001,0
33002,0
33003,0
33004,0
33005,0
33006,22
33007,16
33008,7
33009,4
33010,9
33011,14
33012,14
33013,2
33014,1
33015,0
33016,0
33017,0
33018,0
33019,0
33020,36
33021,31
33022,18
33023,9
33024,14
33025,24
33026,24
33027,2
33028,1
33029,0
33030,0
33031,0
33032,0
33033,0
33034,34
33035,27
33036,15
33037,10
33038,18
33039,30
33040,30
33041,12
33042,7
33043,0
33044,0
33045,3
33046,5
33047,5
33048,3
33049,1
33050,0
33051,0
33052,1
33053,1
33054,1
33055,8
33056,5
33057,0
33058,0
33059,1
33060,1
33061,1
33062,12
33063,8
33064,1
33065,0
33066,2
33067,3
33068,4
33069,7
33070,3
33071,0
33072,0
33073,1
33074,2
33075,2
33076,3
33077,2
33078,0
33079,0
33080,0
33081,0
33082,1
33083,0
33084,0
33085,0
33086,0
33087,0
33088,0
33089,0
33090,5
33091,2
33092,0
33093,0
33094,0
33095,1
33096,1
33097,1
33098,0
33099,0
33100,0
33101,0
33102,0
33103,0
33104,96
33105,81
33106,39
33107,18
33108,24
33109,37
33110,38
33111,2
33112,1
33113,0
33114,0
33115,0
33116,0
33117,0
33118,10
33119,7
33120,0
33121,0
33122,1
33123,1
33124,1
33125,2
33126,1
33127,0
33128,0
33129,0
33130,0
33131,0
33132,0
33133,0
33134,0
33135,0
33136,0
33137,0
33138,0
33139,4
33140,2
33141,0
33142,0
33143,0
33144,1
33145,1
33146,77
33147,67
33148,36
33149,21
33150,26
33151,37
33152,38
33153,4
33154,1
33155,0
33156,0
33157,1
33158,1
33159,1
33160,6
33161,3
33162,0
33163,0
33164,0
33165,0
33166,1
33167,4
33168,2
33169,0
33170,0
33171,1
33172,1
33173,1
33174,4
33175,1
33176,0
33177,0
33178,0
33179,0
33180,1
33181,13
33182,9
33183,0
33184,0
33185,2
33186,3
33187,4
33188,21
33189,14
33190,0
33191,0
33192,5
33193,8
33194,8
33195,1
33196,0
33197,0
33198,0
33199,0
33200,0
33201,0
33202,6
33203,3
33204,0
33205,0
33206,1
33207,1
33208,1
33209,9
33210,6
33211,0
33212,0
33213,1
33214,1
33215,2
33216,1
33217,0
33218,0
33219,0
33220,0
33221,0
33222,0
33223,2
33224,1
33225,0
33226,0
33227,0
33228,0
33229,0
33230,17
33231,12
33232,2
33233,0
33234,3
33235,4
33236,4
33237,6
33238,3
33239,0
33240,0
33241,0
33242,1
33243,1
33244,1
33245,1
33246,0
33247,0
33248,0
33249,0
33250,0
33251,14
33252,9
33253,1
33254,0
33255,2
33256,3
33257,4
33258,1
33259,1
33260,0
33261,0
33262,0
33263,0
33264,0
33265,85
33266,56
33267,48
33268,43
33269,4
33270,8
33271,9
33272,6
33273,1
33274,0
33275,0
33276,0
33277,0
33278,1
33279,137
33280,57
33281,45
33282,41
33283,0
33284,12
33285,21
33286,0
33287,0
33288,0
33289,0
33290,1
33291,0
33292,1
33293,21
33294,7
33295,6
33296,2
33297,0
33298,2
33299,3
33300,0
33301,0
33302,0
33303,0
33304,0
33305,0
33306,0
33307,127
33308,83
33309,70
33310,66
33311,1
33312,5
33313,9
33314,31
33315,15
33316,12
33317,11
33318,0
33319,6
33320,6
33321,1
33322,0
33323,0
33324,0
33325,0
33326,0
33327,0
33328,0
33329,0
33330,0
33331,0
33332,0
33333,0
33334,1
33335,72
33336,35
33337,30
33338,26
33339,3
33340,5
33341,9
33342,7
33343,1
33344,0
33345,0
33346,0
33347,0
33348,1
33349,38
33350,27
33351,21
33352,20
33353,1
33354,3
33355,7
33356,3
33357,0
33358,0
33359,0
33360,0
33361,1
33362,1
33363,13
33364,3
33365,2
33366,1
33367,0
33368,1
33369,1
33370,0
33371,0
33372,0
33373,0
33374,0
33375,0
33376,0
33377,163
33378,88
33379,74
33380,69
33381,4
33382,15
33383,15
33384,6
33385,6
33386,6
33387,6
33388,1
33389,1
33390,3
33391,80
33392,39
33393,34
33394,30
33395,6
33396,10
33397,21
33398,5
33399,1
33400,0
33401,0
33402,0
33403,1
33404,2
33405,49
33406,20
33407,18
33408,11
33409,0
33410,0
33411,1
33412,0
33413,0
33414,0
33415,0
33416,0
33417,0
33418,0
33419,211
33420,97
33421,79
33422,67
33423,28
33424,38
33425,40
33426,8
33427,4
33428,3
33429,0
33430,1
33431,2
33432,2
33433,35
33434,13
33435,9
33436,3
33437,0
33438,3
33439,4
33440,1
33441,0
33442,0
33443,0
33444,0
33445,0
33446,0
33447,175
33448,86
33449,74
33450,64
33451,19
33452,26
33453,23
33454,0
33455,0
33456,0
33457,0
33458,0
33459,0
33460,0
33461,22
33462,12
33463,10
33464,9
33465,0
33466,0
33467,0
33468,17
33469,8
33470,8
33471,7
33472,0
33473,0
33474,1
33475,259
33476,147
33477,121
33478,108
33479,50
33480,73
33481,73
33482,6
33483,1
33484,0
33485,0
33486,0
33487,1
33488,1
33489,6
33490,2
33491,1
33492,0
33493,0
33494,0
33495,1
33496,3
33497,0
33498,0
33499,0
33500,0
33501,0
33502,0
33503,1
33504,0
33505,0
33506,0
33507,0
33508,0
33509,1
33510,23
33511,20
33512,14
33513,12
33514,0
33515,0
33516,0
33517,52
33518,34
33519,30
33520,28
33521,2
33522,2
33523,4
33524,2
33525,0
33526,0
33527,0
33528,0
33529,1
33530,2
33531,5
33532,2
33533,1
33534,0
33535,0
33536,0
33537,0
33538,0
33539,0
33540,0
33541,0
33542,0
33543,0
33544,0
33545,28
33546,12
33547,11
33548,7
33549,1
33550,1
33551,2
33552,34
33553,12
33554,10
33555,4
33556,1
33557,3
33558,5
33559,0
33560,0
33561,0
33562,0
33563,0
33564,0
33565,0
33566,0
33567,0
33568,0
33569,0
33570,0
33571,0
33572,0
33573,1
33574,0
33575,0
33576,0
33577,0
33578,0
33579,0
33580,29
33581,8
33582,6
33583,2
33584,0
33585,0
33586,1
33587,0
33588,0
33589,0
33590,0
33591,0
33592,0
33593,1
33594,50
33595,28
33596,24
33597,22
33598,0
33599,5
33600,7
33601,22
33602,9
33603,7
33604,3
33605,0
33606,3
33607,2
33608,11
33609,5
33610,4
33611,3
33612,0
33613,1
33614,2
33615,88
33616,33
33617,26
33618,24
33619,1
33620,6
33621,10
33622,5
33623,0
33624,0
33625,0
33626,0
33627,0
33628,0
33629,0
33630,0
33631,0
33632,0
33633,0
33634,0
33635,0
33636,10
33637,1
33638,0
33639,0
33640,0
33641,1
33642,0
33643,8
33644,1
33645,0
33646,0
33647,0
33648,0
33649,1
33650,1
33651,0
33652,0
33653,0
33654,0
33655,0
33656,1
33657,118
33658,51
33659,42
33660,32
33661,1
33662,4
33663,8
33664,386
33665,367
33666,146
33667,122
33668,111
33669,110
33670,130
33671,913
33672,852
33673,357
33674,304
33675,289
33676,277
33677,325
33678,639
33679,621
33680,232
33681,188
33682,170
33683,172
33684,214
33685,40
33686,36
33687,18
33688,17
33689,8
33690,8
33691,12
33692,180
33693,178
33694,57
33695,48
33696,35
33697,32
33698,41
33699,11
33700,11
33701,6
33702,6
33703,4
33704,4
33705,4
33706,202
33707,196
33708,63
33709,51
33710,42
33711,43
33712,55
33713,1039
33714,973
33715,328
33716,282
33717,264
33718,255
33719,308
33720,80
33721,78
33722,36
33723,32
33724,22
33725,22
33726,26
33727,144
33728,138
33729,45
33730,39
33731,34
33732,33
33733,41
33734,59
33735,58
33736,28
33737,25
33738,16
33739,16
33740,19
33741,215
33742,213
33743,80
33744,69
33745,62
33746,59
33747,69
33748,96
33749,87
33750,44
33751,38
33752,31
33753,31
33754,37
33755,74
33756,71
33757,34
33758,31
33759,29
33760,28
33761,31
33762,168
33763,166
33764,67
33765,57
33766,52
33767,48
33768,58
33769,16
33770,15
33771,7
33772,6
33773,5
33774,5
33775,6
33776,372
33777,358
33778,151
33779,129
33780,117
33781,111
33782,131
33783,5
33784,5
33785,2
33786,2
33787,1
33788,1
33789,1
33790,27
33791,26
33792,12
33793,12
33794,7
33795,7
33796,8
33797,80
33798,77
33799,27
33800,25
33801,22
33802,22
33803,27
33804,254
33805,253
33806,102
33807,90
33808,81
33809,76
33810,84
33811,24
33812,24
33813,12
33814,12
33815,10
33816,9
33817,11
33818,411
33819,402
33820,157
33821,137
33822,134
33823,128
33824,154
33825,58
33826,56
33827,24
33828,21
33829,15
33830,16
33831,20
33832,301
33833,283
33834,98
33835,80
33836,70
33837,67
33838,83
33839,169
33840,165
33841,54
33842,46
33843,43
33844,43
33845,51
33846,52
33847,51
33848,23
33849,21
33850,17
33851,18
33852,20
33853,31
33854,28
33855,12
33856,10
33857,5
33858,5
33859,8
33860,85
33861,84
33862,31
33863,27
33864,20
33865,19
33866,24
33867,267
33868,256
33869,93
33870,76
33871,66
33872,66
33873,79
33874,26
33875,26
33876,12
33877,11
33878,8
33879,9
33880,11
33881,9
33882,9
33883,4
33884,3
33885,2
33886,2
33887,3
33888,328
33889,312
33890,100
33891,88
33892,81
33893,80
33894,98
33895,100
33896,98
33897,41
33898,35
33899,30
33900,30
33901,36
33902,1431
33903,1307
33904,463
33905,401
33906,377
33907,363
33908,432
33909,205
33910,193
33911,91
33912,79
33913,72
33914,70
33915,80
33916,497
33917,463
33918,162
33919,140
33920,133
33921,130
33922,154
33923,23
33924,21
33925,12
33926,11
33927,6
33928,6
33929,6
33930,71
33931,69
33932,27
33933,25
33934,21
33935,21
33936,25
33937,168
33938,161
33939,75
33940,67
33941,60
33942,57
33943,65
33944,460
33945,440
33946,132
33947,106
33948,98
33949,96
33950,118
33951,82
33952,80
33953,28
33954,26
33955,16
33956,15
33957,22
33958,51
33959,48
33960,22
33961,19
33962,14
33963,15
33964,19
33965,1041
33966,1042
33967,356
33968,314
33969,282
33970,270
33971,324
33972,40
33973,38
33974,21
33975,19
33976,15
33977,16
33978,18
33979,40
33980,39
33981,21
33982,19
33983,14
33984,13
33985,15
33986,12
33987,11
33988,4
33989,3
33990,3
33991,3
33992,4
33993,286
33994,271
33995,99
33996,85
33997,79
33998,78
33999,91
34000,43
34001,43
34002,19
34003,18
34004,12
34005,12
34006,12
34007,94
34008,94
34009,26
34010,23
34011,21
34012,22
34013,26
34014,120
34015,111
34016,51
34017,42
34018,34
34019,34
34020,41
34021,15
34022,15
34023,5
34024,5
34025,3
34026,3
34027,5
34028,99
34029,96
34030,37
34031,33
34032,25
34033,24
34034,30
34035,50
34036,48
34037,20
34038,18
34039,15
34040,15
34041,18
34042,46
34043,44
34044,21
34045,19
34046,13
34047,13
34048,16
34049,950
34050,891
34051,336
34052,285
34053,269
34054,260
34055,307
34056,192
34057,187
34058,64
34059,52
34060,48
34061,48
34062,58
34063,58
34064,58
34065,32
34066,30
34067,27
34068,26
34069,28
34070,197
34071,187
34072,66
34073,57
34074,53
34075,54
34076,62
34077,3696
34078,3381
34079,1269
34080,1068
34081,986
34082,941
34083,1134
34084,186
34085,179
34086,70
34087,58
34088,53
34089,53
34090,64
34091,286
34092,275
34093,103
34094,86
34095,79
34096,78
34097,90
34098,121
34099,113
34100,52
34101,44
34102,35
34103,34
34104,42
34105,84
34106,82
34107,28
34108,24
34109,21
34110,21
34111,25
34112,529
34113,521
34114,184
34115,163
34116,148
34117,148
34118,180
34119,193
34120,194
34121,71
34122,62
34123,53
34124,50
34125,56
34126,68
34127,64
34128,32
34129,29
34130,22
34131,21
34132,25
34133,41
34134,39
34135,18
34136,16
34137,12
34138,12
34139,14
34140,53
34141,50
34142,28
34143,27
34144,25
34145,25
34146,23
34147,634
34148,567
34149,339
34150,304
34151,274
34152,268
34153,317
34154,38
34155,37
34156,15
34157,14
34158,12
34159,12
34160,13
34161,110
34162,110
34163,38
34164,34
34165,26
34166,27
34167,36
34168,84
34169,81
34170,40
34171,37
34172,29
34173,28
34174,33
34175,126
34176,124
34177,54
34178,49
34179,44
34180,42
34181,50
34182,347
34183,329
34184,145
34185,128
34186,121
34187,118
34188,137
34189,414
34190,389
34191,131
34192,114
34193,104
34194,100
34195,118
34196,22
34197,22
34198,8
34199,8
34200,5
34201,5
34202,6
34203,48
34204,45
34205,21
34206,19
34207,13
34208,14
34209,16
34210,102
34211,103
34212,40
34213,35
34214,25
34215,25
34216,34
34217,449
34218,422
34219,135
34220,114
34221,107
34222,104
34223,126
34224,1523
34225,1394
34226,472
34227,401
34228,381
34229,369
34230,444
34231,25
34232,25
34233,11
34234,10
34235,8
34236,8
34237,10
34238,111
34239,108
34240,43
34241,37
34242,30
34243,30
34244,36
34245,62
34246,58
34247,23
34248,20
34249,14
34250,15
34251,19
34252,67
34253,65
34254,36
34255,33
34256,23
34257,23
34258,27
34259,535
34260,511
34261,194
34262,166
34263,158
34264,150
34265,180
34266,308
34267,293
34268,100
34269,85
34270,79
34271,78
34272,94
34273,250
34274,243
34275,85
34276,72
34277,67
34278,67
34279,81
34280,211
34281,202
34282,71
34283,61
34284,56
34285,58
34286,70
34287,24
34288,24
34289,9
34290,8
34291,6
34292,6
34293,8
34294,27
34295,26
34296,13
34297,12
34298,9
34299,9
34300,11
34301,11
34302,11
34303,5
34304,4
34305,4
34306,3
34307,4
34308,35
34309,33
34310,13
34311,11
34312,9
34313,9
34314,11
34315,604
34316,582
34317,216
34318,178
34319,162
34320,157
34321,188
34322,7
34323,6
34324,4
34325,4
34326,2
34327,2
34328,2
34329,361
34330,342
34331,158
34332,136
34333,128
34334,125
34335,154
34336,134
34337,131
34338,65
34339,58
34340,49
34341,46
34342,52
34343,123
34344,119
34345,40
34346,36
34347,27
34348,27
34349,35
34350,53
34351,52
34352,21
34353,19
34354,16
34355,15
34356,18
34357,288
34358,270
34359,117
34360,100
34361,98
34362,93
34363,108
34364,201
34365,179
34366,92
34367,79
34368,64
34369,62
34370,74
34371,143
34372,141
34373,55
34374,52
34375,40
34376,39
34377,47
34378,89
34379,87
34380,34
34381,30
34382,30
34383,27
34384,31
34385,47
34386,46
34387,22
34388,20
34389,13
34390,12
34391,14
34392,20
34393,19
34394,7
34395,7
34396,6
34397,6
34398,7
34399,136
34400,131
34401,58
34402,49
34403,44
34404,42
34405,51
34406,19
34407,18
34408,8
34409,7
34410,6
34411,6
34412,8
34413,25
34414,25
34415,11
34416,11
34417,9
34418,9
34419,10
34420,298
34421,291
34422,105
34423,90
34424,82
34425,80
34426,98
34427,382
34428,369
34429,150
34430,131
34431,126
34432,126
34433,151
34434,77
34435,78
34436,35
34437,33
34438,24
34439,23
34440,27
34441,36
34442,35
34443,15
34444,14
34445,10
34446,9
34447,10
34448,493
34449,288
34450,249
34451,176
34452,80
34453,85
34454,97
34455,863
34456,629
34457,581
34458,509
34459,338
34460,335
34461,346
34462,54
34463,28
34464,26
34465,3
34466,0
34467,0
34468,0
34469,94
34470,61
34471,57
34472,46
34473,1
34474,1
34475,1
34476,81
34477,30
34478,25
34479,8
34480,0
34481,0
34482,0
34483,1080
34484,541
34485,469
34486,381
34487,180
34488,198
34489,261
34490,127
34491,80
34492,71
34493,55
34494,7
34495,6
34496,5
34497,94
34498,61
34499,54
34500,34
34501,4
34502,3
34503,2
34504,187
34505,67
34506,57
34507,48
34508,32
34509,34
34510,43
34511,239
34512,153
34513,139
34514,103
34515,54
34516,51
34517,50
34518,19
34519,13
34520,12
34521,4
34522,0
34523,0
34524,0
34525,339
34526,233
34527,217
34528,190
34529,118
34530,118
34531,117
34532,118
34533,49
34534,44
34535,27
34536,6
34537,5
34538,6
34539,64
34540,42
34541,38
34542,24
34543,0
34544,0
34545,0
34546,291
34547,208
34548,190
34549,159
34550,80
34551,75
34552,77
34553,88
34554,44
34555,37
34556,27
34557,2
34558,2
34559,1
34560,341
34561,258
34562,237
34563,186
34564,124
34565,122
34566,123
34567,217
34568,113
34569,102
34570,90
34571,34
34572,32
34573,35
34574,261
34575,181
34576,171
34577,139
34578,56
34579,53
34580,48
34581,704
34582,439
34583,398
34584,361
34585,261
34586,263
34587,280
34588,98
34589,51
34590,46
34591,32
34592,5
34593,4
34594,4
34595,170
34596,102
34597,90
34598,59
34599,15
34600,14
34601,14
34602,206
34603,118
34604,109
34605,89
34606,56
34607,54
34608,58
34609,118
34610,92
34611,88
34612,74
34613,13
34614,12
34615,12
34616,61
34617,39
34618,35
34619,15
34620,0
34621,0
34622,0
34623,312
34624,133
34625,115
34626,93
34627,37
34628,37
34629,44
34630,229
34631,145
34632,134
34633,103
34634,55
34635,51
34636,52
34637,44
34638,29
34639,26
34640,14
34641,0
34642,0
34643,0
34644,600
34645,228
34646,202
34647,165
34648,102
34649,113
34650,155
34651,194
34652,149
34653,137
34654,114
34655,65
34656,64
34657,60
34658,2540
34659,1477
34660,1367
34661,1120
34662,946
34663,954
34664,1131
34665,225
34666,221
34667,212
34668,180
34669,94
34670,85
34671,79
34672,678
34673,339
34674,310
34675,262
34676,177
34677,188
34678,215
34679,144
34680,115
34681,106
34682,90
34683,37
34684,35
34685,36
34686,64
34687,47
34688,45
34689,17
34690,2
34691,1
34692,1
34693,187
34694,134
34695,124
34696,85
34697,52
34698,50
34699,51
34700,276
34701,118
34702,103
34703,82
34704,38
34705,39
34706,47
34707,49
34708,30
34709,26
34710,15
34711,1
34712,1
34713,0
34714,401
34715,212
34716,198
34717,153
34718,86
34719,87
34720,90
34721,39
34722,35
34723,33
34724,21
34725,2
34726,1
34727,1
34728,85
34729,49
34730,43
34731,28
34732,0
34733,0
34734,0
34735,674
34736,382
34737,348
34738,301
34739,184
34740,189
34741,218
34742,221
34743,142
34744,130
34745,117
34746,35
34747,32
34748,31
34749,318
34750,109
34751,91
34752,73
34753,42
34754,42
34755,63
34756,264
34757,173
34758,161
34759,137
34760,64
34761,64
34762,68
34763,136
34764,65
34765,55
34766,38
34767,11
34768,10
34769,11
34770,651
34771,341
34772,296
34773,232
34774,116
34775,118
34776,139
34777,449
34778,237
34779,209
34780,169
34781,104
34782,111
34783,128
34784,73
34785,45
34786,41
34787,26
34788,1
34789,1
34790,0
34791,447
34792,211
34793,188
34794,148
34795,84
34796,90
34797,117
34798,3217
34799,1729
34800,1573
34801,1237
34802,914
34803,941
34804,1103
34805,84
34806,57
34807,53
34808,34
34809,2
34810,2
34811,1
34812,265
34813,165
34814,152
34815,137
34816,56
34817,55
34818,51
34819,121
34820,96
34821,88
34822,64
34823,16
34824,15
34825,12
34826,197
34827,96
34828,84
34829,58
34830,22
34831,21
34832,22
34833,245
34834,155
34835,144
34836,118
34837,59
34838,56
34839,56
34840,219
34841,164
34842,147
34843,123
34844,103
34845,100
34846,98
34847,46
34848,25
34849,22
34850,5
34851,0
34852,0
34853,0
34854,106
34855,72
34856,66
34857,54
34858,9
34859,7
34860,6
34861,195
34862,168
34863,158
34864,125
34865,38
34866,36
34867,31
34868,109
34869,32
34870,26
34871,18
34872,4
34873,4
34874,6
34875,83
34876,50
34877,47
34878,34
34879,0
34880,0
34881,0
34882,313
34883,236
34884,217
34885,184
34886,121
34887,117
34888,119
34889,155
34890,115
34891,114
34892,92
34893,15
34894,14
34895,12
34896,86
34897,48
34898,42
34899,34
34900,2
34901,2
34902,2
34903,105
34904,73
34905,69
34906,50
34907,8
34908,8
34909,7
34910,775
34911,381
34912,344
34913,271
34914,154
34915,162
34916,195
34917,99
34918,74
34919,69
34920,54
34921,3
34922,3
34923,2
34924,750
34925,329
34926,293
34927,243
34928,165
34929,176
34930,226
34931,889
34932,453
34933,413
34934,337
34935,292
34936,311
34937,358
34938,187
34939,108
34940,95
34941,76
34942,32
34943,31
34944,36
34945,121
34946,75
34947,65
34948,54
34949,12
34950,10
34951,11
34952,197
34953,166
34954,155
34955,120
34956,53
34957,48
34958,44
34959,1004
34960,702
34961,626
34962,505
34963,268
34964,265
34965,288
34966,8
34967,5
34968,5
34969,1
34970,0
34971,0
34972,0
34973,293
34974,138
34975,128
34976,114
34977,83
34978,87
34979,95
34980,213
34981,124
34982,115
34983,95
34984,41
34985,40
34986,42
34987,122
34988,77
34989,72
34990,58
34991,7
34992,7
34993,7
34994,74
34995,53
34996,51
34997,35
34998,1
34999,0
35000,0
35001,117
35002,55
35003,49
35004,37
35005,11
35006,10
35007,13
35008,128
35009,59
35010,52
35011,34
35012,12
35013,11
35014,12
35015,295
35016,192
35017,177
35018,147
35019,90
35020,87
35021,87
35022,384
35023,275
35024,246
35025,196
35026,79
35027,78
35028,71
35029,187
35030,169
35031,159
35032,119
35033,51
35034,48
35035,41
35036,352
35037,147
35038,125
35039,98
35040,48
35041,50
35042,63
35043,260
35044,158
35045,145
35046,122
35047,68
35048,65
35049,63
35050,522
35051,444
35052,414
35053,340
35054,211
35055,204
35056,200
35057,112
35058,115
35059,106
35060,63
35061,4
35062,2
35063,0
35064,472
35065,257
35066,235
35067,211
35068,127
35069,133
35070,168
35071,219
35072,150
35073,144
35074,118
35075,31
35076,30
35077,26
35078,36
35079,17
35080,15
35081,9
35082,1
35083,0
35084,0
35085,305
35086,253
35087,235
35088,217
35089,144
35090,140
35091,129
35092,213
35093,164
35094,154
35095,129
35096,84
35097,79
35098,81
35099,665
35100,357
35101,318
35102,279
35103,147
35104,156
35105,189
35106,38
35107,24
35108,22
35109,10
35110,0
35111,0
35112,0
35113,1519
35114,819
35115,724
35116,612
35117,544
35118,560
35119,683
35120,240
35121,198
35122,178
35123,180
35124,184
35125,280
35126,267
35127,351
35128,299
35129,247
35130,233
35131,229
35132,386
35133,351
35134,90
35135,77
35136,73
35137,71
35138,69
35139,117
35140,114
35141,69
35142,49
35143,37
35144,32
35145,30
35146,60
35147,59
35148,108
35149,83
35150,75
35151,72
35152,71
35153,117
35154,115
35155,71
35156,49
35157,43
35158,43
35159,42
35160,91
35161,91
35162,366
35163,286
35164,272
35165,288
35166,301
35167,525
35168,502
35169,26
35170,25
35171,15
35172,10
35173,10
35174,14
35175,14
35176,51
35177,41
35178,34
35179,37
35180,38
35181,56
35182,55
35183,67
35184,39
35185,34
35186,33
35187,40
35188,131
35189,126
35190,107
35191,85
35192,73
35193,73
35194,70
35195,105
35196,103
35197,25
35198,23
35199,11
35200,9
35201,7
35202,13
35203,13
35204,182
35205,173
35206,156
35207,151
35208,141
35209,212
35210,188
35211,69
35212,49
35213,48
35214,41
35215,43
35216,74
35217,73
35218,20
35219,17
35220,13
35221,6
35222,5
35223,12
35224,12
35225,323
35226,280
35227,228
35228,160
35229,174
35230,303
35231,301
35232,78
35233,50
35234,40
35235,35
35236,36
35237,79
35238,79
35239,176
35240,158
35241,146
35242,132
35243,128
35244,189
35245,183
35246,65
35247,49
35248,44
35249,45
35250,46
35251,82
35252,80
35253,51
35254,37
35255,29
35256,29
35257,25
35258,43
35259,43
35260,119
35261,109
35262,102
35263,86
35264,66
35265,103
35266,99
35267,206
35268,191
35269,152
35270,120
35271,113
35272,179
35273,173
35274,70
35275,55
35276,53
35277,48
35278,50
35279,89
35280,87
35281,278
35282,237
35283,221
35284,219
35285,232
35286,406
35287,378
35288,51
35289,43
35290,38
35291,41
35292,41
35293,64
35294,63
35295,91
35296,78
35297,66
35298,52
35299,50
35300,110
35301,101
35302,113
35303,104
35304,104
35305,93
35306,95
35307,178
35308,168
35309,151
35310,135
35311,117
35312,111
35313,111
35314,182
35315,167
35316,36
35317,28
35318,22
35319,25
35320,21
35321,33
35322,33
35323,79
35324,66
35325,61
35326,60
35327,65
35328,101
35329,100
35330,46
35331,37
35332,30
35333,28
35334,26
35335,38
35336,38
35337,66
35338,53
35339,46
35340,35
35341,38
35342,77
35343,72
35344,34
35345,29
35346,20
35347,8
35348,7
35349,14
35350,14
35351,332
35352,271
35353,263
35354,261
35355,307
35356,611
35357,576
35358,141
35359,109
35360,83
35361,76
35362,79
35363,155
35364,149
35365,349
35366,298
35367,278
35368,258
35369,267
35370,536
35371,475
35372,227
35373,208
35374,168
35375,166
35376,153
35377,205
35378,192
35379,373
35380,318
35381,312
35382,299
35383,335
35384,660
35385,597
35386,129
35387,111
35388,99
35389,97
35390,95
35391,135
35392,131
35393,181
35394,154
35395,146
35396,139
35397,136
35398,198
35399,193
35400,130
35401,105
35402,90
35403,88
35404,90
35405,138
35406,136
35407,42
35408,31
35409,22
35410,18
35411,16
35412,31
35413,30
35414,5
35415,5
35416,2
35417,3
35418,2
35419,4
35420,4
35421,173
35422,133
35423,114
35424,97
35425,100
35426,211
35427,215
35428,19
35429,17
35430,9
35431,7
35432,6
35433,10
35434,10
35435,81
35436,69
35437,67
35438,67
35439,68
35440,92
35441,90
35442,401
35443,321
35444,314
35445,302
35446,349
35447,613
35448,571
35449,129
35450,104
35451,92
35452,89
35453,89
35454,142
35455,140
35456,51
35457,33
35458,26
35459,16
35460,25
35461,119
35462,118
35463,44
35464,40
35465,33
35466,30
35467,28
35468,34
35469,33
35470,212
35471,171
35472,149
35473,135
35474,144
35475,303
35476,287
35477,92
35478,80
35479,69
35480,57
35481,57
35482,124
35483,110
35484,289
35485,229
35486,210
35487,186
35488,195
35489,420
35490,390
35491,241
35492,179
35493,166
35494,178
35495,184
35496,309
35497,307
35498,89
35499,81
35500,75
35501,75
35502,78
35503,110
35504,108
35505,140
35506,112
35507,95
35508,62
35509,69
35510,193
35511,189
35512,432
35513,349
35514,296
35515,258
35516,267
35517,502
35518,461
35519,98
35520,86
35521,79
35522,78
35523,72
35524,126
35525,112
35526,249
35527,214
35528,190
35529,178
35530,184
35531,323
35532,284
35533,64
35534,58
35535,52
35536,52
35537,51
35538,70
35539,69
35540,49
35541,39
35542,36
35543,35
35544,32
35545,51
35546,51
35547,205
35548,171
35549,152
35550,143
35551,153
35552,301
35553,284
35554,170
35555,141
35556,127
35557,130
35558,127
35559,185
35560,183
35561,151
35562,132
35563,126
35564,114
35565,117
35566,167
35567,144
35568,62
35569,50
35570,42
35571,44
35572,42
35573,65
35574,64
35575,453
35576,414
35577,324
35578,275
35579,258
35580,340
35581,295
35582,25
35583,24
35584,14
35585,12
35586,11
35587,21
35588,20
35589,102
35590,74
35591,62
35592,61
35593,64
35594,110
35595,107
35596,183
35597,160
35598,131
35599,107
35600,112
35601,184
35602,172
35603,292
35604,259
35605,208
35606,172
35607,173
35608,251
35609,245
35610,27
35611,23
35612,14
35613,15
35614,14
35615,22
35616,22
35617,291
35618,213
35619,198
35620,202
35621,206
35622,374
35623,362
35624,86
35625,79
35626,73
35627,61
35628,46
35629,72
35630,69
35631,25
35632,19
35633,15
35634,9
35635,7
35636,16
35637,16
35638,285
35639,209
35640,182
35641,166
35642,189
35643,432
35644,402
35645,198
35646,149
35647,150
35648,155
35649,163
35650,343
35651,308
35652,32
35653,27
35654,22
35655,17
35656,16
35657,25
35658,25
35659,79
35660,65
35661,49
35662,38
35663,37
35664,67
35665,66
35666,123
35667,90
35668,84
35669,89
35670,93
35671,150
35672,144
35673,94
35674,81
35675,78
35676,65
35677,63
35678,88
35679,87
35680,408
35681,341
35682,281
35683,249
35684,257
35685,497
35686,463
35687,78
35688,71
35689,64
35690,70
35691,71
35692,125
35693,116
35694,114
35695,94
35696,92
35697,104
35698,105
35699,156
35700,152
35701,185
35702,142
35703,126
35704,116
35705,124
35706,303
35707,281
35708,56
35709,42
35710,34
35711,35
35712,34
35713,59
35714,58
35715,56
35716,46
35717,40
35718,35
35719,33
35720,46
35721,45
35722,47
35723,35
35724,30
35725,31
35726,28
35727,54
35728,54
35729,62
35730,57
35731,53
35732,42
35733,31
35734,47
35735,45
35736,312
35737,257
35738,228
35739,202
35740,226
35741,429
35742,410
35743,193
35744,177
35745,151
35746,144
35747,141
35748,196
35749,184
35750,58
35751,53
35752,37
35753,25
35754,22
35755,28
35756,28
35757,289
35758,223
35759,213
35760,228
35761,235
35762,410
35763,396
35764,214
35765,173
35766,149
35767,139
35768,150
35769,269
35770,257
35771,106
35772,103
35773,95
35774,92
35775,88
35776,113
35777,108
35778,123
35779,112
35780,84
35781,53
35782,45
35783,61
35784,59
35785,268
35786,182
35787,162
35788,150
35789,171
35790,347
35791,336
35792,83
35793,61
35794,54
35795,53
35796,51
35797,87
35798,87
35799,136
35800,105
35801,91
35802,88
35803,87
35804,160
35805,156
35806,46
35807,36
35808,32
35809,35
35810,34
35811,59
35812,60
35813,100
35814,91
35815,80
35816,80
35817,75
35818,100
35819,95
35820,115
35821,100
35822,88
35823,84
35824,82
35825,123
35826,119
35827,71
35828,57
35829,53
35830,57
35831,59
35832,97
35833,94
35834,90
35835,75
35836,66
35837,73
35838,71
35839,113
35840,112
35841,341
35842,286
35843,265
35844,243
35845,250
35846,536
35847,499
35848,153
35849,119
35850,112
35851,123
35852,132
35853,212
35854,208
35855,50
35856,44
35857,36
35858,24
35859,22
35860,30
35861,30
35862,75
35863,71
35864,46
35865,41
35866,9
35867,10
35868,4
35869,242
35870,223
35871,188
35872,173
35873,102
35874,114
35875,83
35876,160
35877,153
35878,114
35879,106
35880,64
35881,79
35882,53
35883,215
35884,193
35885,111
35886,103
35887,63
35888,82
35889,51
35890,50
35891,45
35892,30
35893,28
35894,2
35895,4
35896,2
35897,47
35898,44
35899,24
35900,23
35901,3
35902,5
35903,2
35904,140
35905,136
35906,113
35907,100
35908,58
35909,73
35910,48
35911,47
35912,37
35913,34
35914,31
35915,3
35916,2
35917,2
35918,123
35919,113
35920,99
35921,92
35922,62
35923,64
35924,51
35925,272
35926,264
35927,243
35928,216
35929,162
35930,209
35931,141
35932,292
35933,265
35934,251
35935,225
35936,156
35937,207
35938,137
35939,25
35940,22
35941,15
35942,15
35943,0
35944,0
35945,0
35946,170
35947,157
35948,136
35949,127
35950,101
35951,104
35952,88
35953,37
35954,34
35955,22
35956,20
35957,0
35958,0
35959,0
35960,79
35961,71
35962,57
35963,51
35964,2
35965,4
35966,0
35967,105
35968,98
35969,92
35970,82
35971,51
35972,58
35973,43
35974,25
35975,23
35976,14
35977,14
35978,1
35979,0
35980,0
35981,169
35982,161
35983,131
35984,122
35985,81
35986,95
35987,67
35988,105
35989,91
35990,74
35991,67
35992,22
35993,19
35994,14
35995,38
35996,34
35997,24
35998,22
35999,0
36000,0
36001,0
36002,75
36003,70
36004,39
36005,38
36006,8
36007,7
36008,5
36009,301
36010,246
36011,145
36012,144
36013,139
36014,146
36015,121
36016,168
36017,137
36018,156
36019,141
36020,98
36021,110
36022,77
36023,151
36024,137
36025,99
36026,95
36027,59
36028,63
36029,50
36030,157
36031,134
36032,138
36033,122
36034,84
36035,106
36036,68
36037,183
36038,167
36039,150
36040,137
36041,52
36042,60
36043,40
36044,16
36045,15
36046,10
36047,9
36048,0
36049,1
36050,0
36051,84
36052,75
36053,47
36054,43
36055,5
36056,4
36057,1
36058,25
36059,22
36060,16
36061,15
36062,0
36063,0
36064,0
36065,176
36066,183
36067,97
36068,87
36069,50
36070,84
36071,39
36072,257
36073,241
36074,224
36075,198
36076,162
36077,190
36078,140
36079,24
36080,23
36081,11
36082,11
36083,0
36084,0
36085,0
36086,92
36087,87
36088,74
36089,68
36090,16
36091,14
36092,10
36093,94
36094,75
36095,61
36096,56
36097,5
36098,8
36099,3
36100,102
36101,97
36102,79
36103,73
36104,23
36105,20
36106,18
36107,97
36108,93
36109,57
36110,51
36111,14
36112,22
36113,9
36114,99
36115,88
36116,73
36117,62
36118,21
36119,27
36120,11
36121,57
36122,54
36123,31
36124,30
36125,2
36126,2
36127,1
36128,469
36129,378
36130,245
36131,240
36132,233
36133,304
36134,211
36135,96
36136,87
36137,61
36138,55
36139,3
36140,7
36141,0
36142,155
36143,139
36144,115
36145,102
36146,31
36147,37
36148,23
36149,118
36150,106
36151,107
36152,95
36153,48
36154,49
36155,39
36156,86
36157,84
36158,60
36159,53
36160,11
36161,14
36162,8
36163,135
36164,131
36165,93
36166,86
36167,33
36168,43
36169,26
36170,84
36171,70
36172,59
36173,53
36174,18
36175,30
36176,10
36177,104
36178,90
36179,88
36180,80
36181,36
36182,40
36183,27
36184,76
36185,73
36186,55
36187,51
36188,3
36189,2
36190,1
36191,18
36192,15
36193,8
36194,7
36195,0
36196,0
36197,0
36198,121
36199,111
36200,95
36201,88
36202,39
36203,38
36204,33
36205,154
36206,141
36207,75
36208,70
36209,43
36210,68
36211,34
36212,97
36213,90
36214,59
36215,56
36216,16
36217,15
36218,12
36219,122
36220,111
36221,77
36222,75
36223,25
36224,23
36225,21
36226,78
36227,70
36228,48
36229,43
36230,2
36231,3
36232,0
36233,192
36234,172
36235,133
36236,123
36237,82
36238,95
36239,69
36240,125
36241,117
36242,126
36243,113
36244,22
36245,16
36246,7
36247,182
36248,166
36249,105
36250,93
36251,61
36252,69
36253,51
36254,76
36255,71
36256,42
36257,40
36258,10
36259,16
36260,5
36261,6
36262,5
36263,5
36264,5
36265,0
36266,0
36267,0
36268,86
36269,80
36270,66
36271,60
36272,19
36273,20
36274,16
36275,138
36276,130
36277,110
36278,100
36279,28
36280,29
36281,19
36282,95
36283,88
36284,71
36285,62
36286,15
36287,19
36288,10
36289,50
36290,46
36291,33
36292,31
36293,3
36294,2
36295,2
36296,144
36297,139
36298,106
36299,98
36300,28
36301,29
36302,20
36303,119
36304,102
36305,68
36306,62
36307,10
36308,13
36309,4
36310,34
36311,25
36312,22
36313,21
36314,7
36315,9
36316,6
36317,69
36318,58
36319,57
36320,49
36321,2
36322,2
36323,0
36324,109
36325,100
36326,74
36327,69
36328,38
36329,49
36330,29
36331,44
36332,43
36333,21
36334,21
36335,0
36336,0
36337,0
36338,114
36339,102
36340,77
36341,64
36342,13
36343,15
36344,6
36345,165
36346,145
36347,138
36348,121
36349,57
36350,69
36351,46
36352,51
36353,45
36354,26
36355,24
36356,0
36357,0
36358,0
36359,108
36360,100
36361,79
36362,73
36363,25
36364,23
36365,16
36366,118
36367,116
36368,92
36369,84
36370,23
36371,19
36372,17
36373,5
36374,4
36375,4
36376,4
36377,0
36378,0
36379,0
36380,70
36381,66
36382,53
36383,47
36384,1
36385,0
36386,0
36387,66
36388,58
36389,55
36390,49
36391,47
36392,8
36393,6
36394,1126
36395,937
36396,1021
36397,790
36398,832
36399,643
36400,552
36401,66
36402,62
36403,58
36404,53
36405,51
36406,6
36407,4
36408,737
36409,644
36410,647
36411,524
36412,563
36413,396
36414,337
36415,70
36416,63
36417,60
36418,58
36419,58
36420,12
36421,9
36422,230
36423,206
36424,223
36425,172
36426,177
36427,81
36428,56
36429,15
36430,13
36431,13
36432,11
36433,11
36434,4
36435,3
36436,6
36437,4
36438,4
36439,3
36440,3
36441,0
36442,0
36443,201
36444,192
36445,191
36446,152
36447,155
36448,64
36449,43
36450,161
36451,141
36452,144
36453,107
36454,103
36455,44
36456,30
36457,287
36458,248
36459,251
36460,199
36461,206
36462,115
36463,90
36464,22
36465,19
36466,19
36467,16
36468,15
36469,1
36470,1
36471,383
36472,345
36473,345
36474,279
36475,300
36476,143
36477,107
36478,163
36479,155
36480,160
36481,125
36482,125
36483,40
36484,28
36485,211
36486,187
36487,198
36488,153
36489,156
36490,65
36491,40
36492,475
36493,421
36494,449
36495,363
36496,385
36497,273
36498,227
36499,130
36500,116
36501,120
36502,97
36503,97
36504,14
36505,9
36506,214
36507,204
36508,206
36509,167
36510,172
36511,51
36512,32
36513,134
36514,119
36515,130
36516,108
36517,111
36518,39
36519,28
36520,7
36521,7
36522,6
36523,6
36524,5
36525,1
36526,1
36527,119
36528,109
36529,107
36530,84
36531,85
36532,15
36533,9
36534,30
36535,25
36536,25
36537,22
36538,20
36539,3
36540,3
36541,531
36542,481
36543,473
36544,404
36545,426
36546,241
36547,197
36548,162
36549,139
36550,143
36551,109
36552,115
36553,32
36554,21
36555,1666
36556,1370
36557,1409
36558,1143
36559,1205
36560,865
36561,734
36562,236
36563,195
36564,222
36565,173
36566,179
36567,56
36568,35
36569,686
36570,585
36571,603
36572,498
36573,534
36574,378
36575,327
36576,178
36577,157
36578,174
36579,133
36580,144
36581,44
36582,23
36583,48
36584,44
36585,41
36586,39
36587,37
36588,3
36589,3
36590,331
36591,324
36592,314
36593,264
36594,270
36595,150
36596,112
36597,1055
36598,902
36599,957
36600,748
36601,807
36602,583
36603,482
36604,71
36605,70
36606,60
36607,59
36608,60
36609,15
36610,13
36611,259
36612,226
36613,234
36614,188
36615,189
36616,79
36617,56
36618,106
36619,88
36620,93
36621,76
36622,78
36623,10
36624,7
36625,186
36626,171
36627,169
36628,139
36629,143
36630,47
36631,35
36632,709
36633,652
36634,674
36635,527
36636,556
36637,317
36638,263
36639,316
36640,294
36641,295
36642,247
36643,252
36644,74
36645,47
36646,937
36647,774
36648,809
36649,653
36650,671
36651,494
36652,403
36653,86
36654,79
36655,79
36656,77
36657,66
36658,5
36659,4
36660,11
36661,9
36662,10
36663,8
36664,8
36665,2
36666,2
36667,62
36668,58
36669,55
36670,52
36671,47
36672,5
36673,5
36674,17
36675,16
36676,15
36677,14
36678,13
36679,4
36680,3
36681,139
36682,107
36683,137
36684,93
36685,98
36686,19
36687,2
36688,273
36689,233
36690,259
36691,201
36692,211
36693,120
36694,90
36695,228
36696,203
36697,207
36698,157
36699,158
36700,73
36701,51
36702,181
36703,162
36704,174
36705,146
36706,147
36707,55
36708,36
36709,652
36710,577
36711,593
36712,479
36713,508
36714,322
36715,266
36716,484
36717,422
36718,410
36719,346
36720,366
36721,230
36722,194
36723,644
36724,546
36725,564
36726,458
36727,474
36728,339
36729,286
36730,205
36731,179
36732,179
36733,143
36734,148
36735,53
36736,34
36737,74
36738,67
36739,66
36740,56
36741,56
36742,10
36743,7
36744,1047
36745,891
36746,931
36747,715
36748,774
36749,516
36750,425
36751,297
36752,274
36753,272
36754,227
36755,226
36756,143
36757,110
36758,95
36759,86
36760,85
36761,76
36762,75
36763,12
36764,8
36765,29
36766,27
36767,24
36768,23
36769,22
36770,5
36771,5
36772,293
36773,270
36774,275
36775,228
36776,226
36777,131
36778,102
36779,71
36780,64
36781,60
36782,51
36783,49
36784,11
36785,8
36786,91
36787,82
36788,75
36789,64
36790,59
36791,17
36792,11
36793,253
36794,230
36795,220
36796,182
36797,185
36798,59
36799,36
36800,269
36801,237
36802,237
36803,188
36804,198
36805,80
36806,54
36807,319
36808,274
36809,273
36810,227
36811,238
36812,133
36813,106
36814,194
36815,170
36816,170
36817,138
36818,140
36819,33
36820,21
36821,37
36822,33
36823,29
36824,28
36825,25
36826,5
36827,4
36828,44
36829,39
36830,36
36831,34
36832,32
36833,3
36834,3
36835,218
36836,194
36837,211
36838,163
36839,164
36840,48
36841,28
36842,274
36843,217
36844,243
36845,183
36846,196
36847,124
36848,94
36849,74
36850,69
36851,68
36852,64
36853,61
36854,13
36855,10
36856,434
36857,402
36858,408
36859,326
36860,344
36861,206
36862,169
36863,4
36864,3
36865,3
36866,2
36867,1
36868,2
36869,1
36870,18
36871,17
36872,15
36873,14
36874,13
36875,3
36876,2
36877,185
36878,133
36879,117
36880,106
36881,84
36882,63
36883,85
36884,524
36885,461
36886,442
36887,424
36888,371
36889,395
36890,473
36891,92
36892,55
36893,45
36894,39
36895,14
36896,8
36897,9
36898,119
36899,98
36900,89
36901,77
36902,51
36903,41
36904,41
36905,358
36906,213
36907,185
36908,164
36909,110
36910,116
36911,128
36912,91
36913,43
36914,39
36915,32
36916,10
36917,11
36918,12
36919,564
36920,344
36921,310
36922,301
36923,245
36924,268
36925,384
36926,83
36927,67
36928,58
36929,46
36930,19
36931,20
36932,20
36933,76
36934,43
36935,42
36936,31
36937,20
36938,23
36939,26
36940,70
36941,50
36942,45
36943,38
36944,14
36945,12
36946,13
36947,59
36948,65
36949,61
36950,50
36951,21
36952,20
36953,21
36954,157
36955,134
36956,131
36957,123
36958,100
36959,94
36960,106
36961,28
36962,16
36963,14
36964,8
36965,0
36966,1
36967,1
36968,38
36969,24
36970,21
36971,17
36972,7
36973,3
36974,4
36975,387
36976,309
36977,283
36978,261
36979,222
36980,222
36981,252
36982,60
36983,41
36984,37
36985,35
36986,20
36987,12
36988,12
36989,484
36990,426
36991,399
36992,376
36993,327
36994,334
36995,374
36996,33
36997,22
36998,20
36999,14
37000,6
37001,2
37002,2
37003,114
37004,69
37005,63
37006,61
37007,45
37008,46
37009,56
37010,69
37011,43
37012,40
37013,36
37014,13
37015,5
37016,5
37017,392
37018,291
37019,266
37020,255
37021,216
37022,243
37023,300
37024,74
37025,51
37026,47
37027,45
37028,26
37029,7
37030,7
37031,181
37032,121
37033,104
37034,94
37035,65
37036,57
37037,73
37038,180
37039,125
37040,116
37041,110
37042,89
37043,76
37044,87
37045,247
37046,212
37047,200
37048,196
37049,172
37050,171
37051,200
37052,139
37053,86
37054,75
37055,71
37056,39
37057,22
37058,22
37059,58
37060,36
37061,34
37062,23
37063,7
37064,6
37065,6
37066,254
37067,175
37068,159
37069,144
37070,104
37071,100
37072,117
37073,151
37074,130
37075,121
37076,116
37077,80
37078,77
37079,84
37080,36
37081,31
37082,30
37083,20
37084,1
37085,2
37086,2
37087,161
37088,97
37089,89
37090,84
37091,56
37092,45
37093,57
37094,126
37095,106
37096,97
37097,91
37098,72
37099,70
37100,78
37101,424
37102,277
37103,258
37104,245
37105,175
37106,176
37107,242
37108,274
37109,279
37110,267
37111,249
37112,203
37113,215
37114,236
37115,223
37116,150
37117,141
37118,135
37119,111
37120,117
37121,151
37122,134
37123,101
37124,98
37125,90
37126,44
37127,30
37128,29
37129,94
37130,70
37131,64
37132,59
37133,36
37134,18
37135,21
37136,161
37137,86
37138,78
37139,74
37140,67
37141,69
37142,87
37143,134
37144,102
37145,93
37146,80
37147,48
37148,51
37149,55
37150,5
37151,3
37152,3
37153,1
37154,1
37155,2
37156,2
37157,574
37158,364
37159,351
37160,342
37161,278
37162,293
37163,387
37164,113
37165,91
37166,87
37167,78
37168,36
37169,18
37170,17
37171,37
37172,31
37173,30
37174,18
37175,4
37176,3
37177,3
37178,268
37179,190
37180,175
37181,169
37182,133
37183,132
37184,173
37185,224
37186,186
37187,178
37188,170
37189,144
37190,146
37191,171
37192,121
37193,45
37194,42
37195,40
37196,26
37197,33
37198,47
37199,101
37200,64
37201,59
37202,56
37203,36
37204,24
37205,27
37206,205
37207,159
37208,146
37209,138
37210,113
37211,102
37212,127
37213,131
37214,103
37215,96
37216,91
37217,68
37218,64
37219,75
37220,80
37221,50
37222,45
37223,42
37224,17
37225,26
37226,28
37227,281
37228,182
37229,162
37230,152
37231,131
37232,115
37233,149
37234,248
37235,169
37236,153
37237,144
37238,122
37239,120
37240,157
37241,138
37242,95
37243,81
37244,74
37245,59
37246,72
37247,83
37248,216
37249,119
37250,108
37251,101
37252,73
37253,78
37254,105
37255,1071
37256,758
37257,702
37258,659
37259,492
37260,518
37261,688
37262,148
37263,108
37264,98
37265,93
37266,79
37267,86
37268,101
37269,205
37270,163
37271,150
37272,145
37273,126
37274,128
37275,146
37276,150
37277,141
37278,133
37279,119
37280,89
37281,87
37282,101
37283,126
37284,76
37285,72
37286,63
37287,31
37288,38
37289,43
37290,125
37291,95
37292,90
37293,85
37294,58
37295,35
37296,37
37297,146
37298,106
37299,97
37300,93
37301,71
37302,49
37303,53
37304,208
37305,237
37306,227
37307,208
37308,182
37309,141
37310,154
37311,53
37312,25
37313,22
37314,19
37315,7
37316,3
37317,4
37318,82
37319,52
37320,47
37321,42
37322,21
37323,6
37324,7
37325,137
37326,116
37327,105
37328,96
37329,71
37330,72
37331,85
37332,344
37333,283
37334,263
37335,240
37336,211
37337,213
37338,235
37339,63
37340,38
37341,37
37342,31
37343,7
37344,13
37345,14
37346,282
37347,245
37348,228
37349,216
37350,181
37351,179
37352,203
37353,252
37354,152
37355,141
37356,134
37357,100
37358,94
37359,126
37360,20
37361,14
37362,12
37363,9
37364,3
37365,1
37366,1
37367,195
37368,147
37369,134
37370,122
37371,89
37372,71
37373,70
37374,249
37375,135
37376,121
37377,114
37378,93
37379,97
37380,123
37381,434
37382,268
37383,245
37384,236
37385,215
37386,237
37387,312
37388,116
37389,80
37390,72
37391,66
37392,44
37393,45
37394,57
37395,261
37396,217
37397,206
37398,192
37399,181
37400,185
37401,202
37402,63
37403,43
37404,38
37405,33
37406,13
37407,11
37408,13
37409,100
37410,86
37411,84
37412,77
37413,26
37414,24
37415,26
37416,535
37417,434
37418,398
37419,372
37420,304
37421,297
37422,372
37423,127
37424,76
37425,71
37426,68
37427,58
37428,59
37429,74
37430,214
37431,145
37432,133
37433,129
37434,106
37435,99
37436,118
37437,109
37438,80
37439,76
37440,72
37441,48
37442,46
37443,53
37444,69
37445,46
37446,40
37447,30
37448,7
37449,4
37450,4
37451,100
37452,60
37453,57
37454,57
37455,33
37456,39
37457,49
37458,21
37459,11
37460,10
37461,6
37462,1
37463,0
37464,0
37465,243
37466,186
37467,173
37468,164
37469,146
37470,152
37471,179
37472,239
37473,209
37474,189
37475,181
37476,153
37477,125
37478,144
37479,130
37480,128
37481,120
37482,109
37483,93
37484,92
37485,99
37486,217
37487,115
37488,104
37489,96
37490,74
37491,86
37492,112
37493,154
37494,110
37495,101
37496,95
37497,81
37498,84
37499,95
37500,177
37501,147
37502,140
37503,131
37504,108
37505,96
37506,113
37507,83
37508,92
37509,84
37510,71
37511,23
37512,18
37513,16
37514,143
37515,92
37516,86
37517,82
37518,60
37519,59
37520,72
37521,135
37522,80
37523,73
37524,67
37525,44
37526,46
37527,58
37528,234
37529,190
37530,167
37531,153
37532,112
37533,99
37534,115
37535,21
37536,12
37537,11
37538,10
37539,3
37540,2
37541,2
37542,121
37543,111
37544,109
37545,99
37546,82
37547,81
37548,86
37549,136
37550,118
37551,112
37552,104
37553,84
37554,77
37555,92
37556,53
37557,35
37558,31
37559,28
37560,9
37561,4
37562,4
37563,76
37564,54
37565,50
37566,46
37567,29
37568,21
37569,21
37570,502
37571,304
37572,269
37573,266
37574,216
37575,221
37576,303
37577,76
37578,54
37579,51
37580,48
37581,26
37582,29
37583,31
37584,81
37585,61
37586,54
37587,49
37588,22
37589,14
37590,13
37591,101
37592,68
37593,63
37594,63
37595,35
37596,20
37597,23
37598,109
37599,60
37600,52
37601,21
37602,1
37603,0
37604,1
37605,160
37606,93
37607,85
37608,34
37609,0
37610,0
37611,0
37612,3
37613,0
37614,0
37615,0
37616,0
37617,0
37618,0
37619,270
37620,124
37621,110
37622,60
37623,0
37624,0
37625,0
37626,75
37627,41
37628,34
37629,14
37630,1
37631,0
37632,0
37633,4
37634,0
37635,0
37636,0
37637,0
37638,0
37639,0
37640,2
37641,1
37642,1
37643,0
37644,0
37645,0
37646,0
37647,42
37648,16
37649,14
37650,5
37651,0
37652,0
37653,0
37654,2
37655,3
37656,3
37657,1
37658,0
37659,0
37660,0
37661,95
37662,54
37663,48
37664,21
37665,0
37666,0
37667,0
37668,97
37669,50
37670,45
37671,26
37672,0
37673,0
37674,0
37675,56
37676,25
37677,20
37678,2
37679,0
37680,0
37681,0
37682,95
37683,42
37684,37
37685,12
37686,0
37687,0
37688,0
37689,86
37690,48
37691,41
37692,17
37693,1
37694,1
37695,1
37696,1
37697,1
37698,1
37699,1
37700,0
37701,0
37702,0
37703,3
37704,3
37705,2
37706,1
37707,0
37708,0
37709,0
37710,86
37711,50
37712,43
37713,13
37714,0
37715,0
37716,0
37717,21
37718,15
37719,13
37720,1
37721,1
37722,1
37723,1
37724,181
37725,76
37726,66
37727,33
37728,6
37729,5
37730,4
37731,0
37732,1
37733,0
37734,0
37735,0
37736,0
37737,0
37738,397
37739,215
37740,199
37741,117
37742,39
37743,39
37744,43
37745,78
37746,46
37747,41
37748,11
37749,0
37750,0
37751,0
37752,94
37753,44
37754,39
37755,21
37756,1
37757,1
37758,1
37759,154
37760,84
37761,73
37762,32
37763,10
37764,8
37765,7
37766,106
37767,47
37768,42
37769,19
37770,0
37771,0
37772,0
37773,124
37774,68
37775,62
37776,43
37777,1
37778,0
37779,0
37780,101
37781,52
37782,45
37783,20
37784,2
37785,1
37786,1
37787,86
37788,42
37789,38
37790,22
37791,1
37792,1
37793,1
37794,91
37795,42
37796,35
37797,17
37798,0
37799,0
37800,1
37801,7
37802,3
37803,3
37804,0
37805,0
37806,0
37807,0
37808,99
37809,38
37810,32
37811,8
37812,0
37813,0
37814,0
37815,625
37816,322
37817,287
37818,144
37819,50
37820,51
37821,59
37822,6
37823,3
37824,2
37825,0
37826,0
37827,0
37828,0
37829,54
37830,20
37831,16
37832,1
37833,1
37834,0
37835,0
37836,109
37837,59
37838,52
37839,22
37840,2
37841,2
37842,1
37843,79
37844,32
37845,24
37846,8
37847,0
37848,0
37849,0
37850,28
37851,16
37852,14
37853,4
37854,0
37855,0
37856,0
37857,106
37858,47
37859,45
37860,27
37861,0
37862,0
37863,0
37864,88
37865,40
37866,36
37867,20
37868,1
37869,0
37870,0
37871,248
37872,126
37873,117
37874,72
37875,20
37876,16
37877,14
37878,1
37879,1
37880,0
37881,1
37882,0
37883,0
37884,0
37885,7
37886,3
37887,2
37888,0
37889,0
37890,0
37891,0
37892,89
37893,57
37894,50
37895,20
37896,1
37897,1
37898,0
37899,335
37900,197
37901,179
37902,95
37903,17
37904,14
37905,15
37906,5
37907,1
37908,1
37909,0
37910,0
37911,0
37912,0
37913,2
37914,4
37915,3
37916,3
37917,1
37918,0
37919,0
37920,105
37921,45
37922,38
37923,17
37924,1
37925,1
37926,1
37927,12
37928,2
37929,2
37930,0
37931,0
37932,0
37933,0
37934,154
37935,93
37936,82
37937,39
37938,0
37939,0
37940,0
37941,0
37942,0
37943,0
37944,0
37945,0
37946,0
37947,0
37948,96
37949,43
37950,37
37951,15
37952,0
37953,0
37954,0
37955,6
37956,0
37957,0
37958,0
37959,0
37960,0
37961,1
37962,96
37963,52
37964,44
37965,17
37966,0
37967,0
37968,0
37969,134
37970,74
37971,67
37972,38
37973,2
37974,1
37975,2
37976,6
37977,1
37978,0
37979,0
37980,0
37981,0
37982,0
37983,2
37984,1
37985,0
37986,0
37987,0
37988,0
37989,0
37990,77
37991,55
37992,47
37993,31
37994,0
37995,0
37996,0
37997,11
37998,7
37999,6
38000,0
38001,0
38002,0
38003,0
38004,1
38005,2
38006,2
38007,0
38008,0
38009,0
38010,0
38011,0
38012,0
38013,0
38014,0
38015,0
38016,0
38017,0
38018,0
38019,0
38020,0
38021,0
38022,0
38023,0
38024,0
38025,0
38026,0
38027,0
38028,0
38029,0
38030,0
38031,0
38032,1
38033,0
38034,0
38035,0
38036,0
38037,0
38038,0
38039,0
38040,0
38041,0
38042,0
38043,0
38044,0
38045,0
38046,0
38047,0
38048,0
38049,0
38050,0
38051,0
38052,0
38053,10
38054,1
38055,0
38056,0
38057,0
38058,0
38059,0
38060,0
38061,0
38062,0
38063,0
38064,0
38065,0
38066,0
38067,114
38068,67
38069,51
38070,29
38071,0
38072,0
38073,0
38074,0
38075,1
38076,1
38077,0
38078,0
38079,0
38080,0
38081,1
38082,0
38083,0
38084,0
38085,0
38086,0
38087,0
38088,0
38089,0
38090,0
38091,0
38092,0
38093,0
38094,0
38095,1
38096,0
38097,0
38098,0
38099,0
38100,0
38101,0
38102,1
38103,0
38104,0
38105,0
38106,0
38107,0
38108,0
38109,1
38110,1
38111,1
38112,0
38113,0
38114,0
38115,0
38116,0
38117,1
38118,1
38119,0
38120,0
38121,0
38122,0
38123,0
38124,1
38125,1
38126,0
38127,0
38128,0
38129,0
38130,0
38131,0
38132,0
38133,0
38134,0
38135,0
38136,0
38137,78
38138,45
38139,33
38140,13
38141,0
38142,0
38143,0
38144,0
38145,0
38146,0
38147,0
38148,0
38149,0
38150,0
38151,35
38152,12
38153,8
38154,0
38155,0
38156,0
38157,0
38158,0
38159,1
38160,1
38161,0
38162,0
38163,0
38164,0
38165,13
38166,6
38167,5
38168,2
38169,0
38170,0
38171,0
38172,8
38173,2
38174,2
38175,0
38176,0
38177,0
38178,0
38179,0
38180,0
38181,0
38182,0
38183,0
38184,0
38185,0
38186,2
38187,0
38188,0
38189,0
38190,0
38191,0
38192,0
38193,0
38194,0
38195,0
38196,0
38197,0
38198,0
38199,0
38200,0
38201,0
38202,0
38203,0
38204,0
38205,0
38206,0
38207,0
38208,0
38209,0
38210,0
38211,0
38212,0
38213,0
38214,0
38215,0
38216,0
38217,0
38218,0
38219,0
38220,0
38221,17
38222,9
38223,7
38224,0
38225,0
38226,0
38227,0
38228,0
38229,0
38230,0
38231,0
38232,0
38233,0
38234,0
38235,1034
38236,614
38237,511
38238,465
38239,403
38240,416
38241,578
38242,1465
38243,962
38244,859
38245,799
38246,721
38247,717
38248,853
38249,214
38250,98
38251,81
38252,65
38253,47
38254,51
38255,94
38256,421
38257,177
38258,151
38259,118
38260,90
38261,96
38262,196
38263,88
38264,41
38265,33
38266,22
38267,18
38268,19
38269,32
38270,1002
38271,436
38272,366
38273,318
38274,280
38275,314
38276,561
38277,154
38278,95
38279,80
38280,63
38281,47
38282,48
38283,73
38284,211
38285,66
38286,56
38287,48
38288,48
38289,55
38290,109
38291,293
38292,189
38293,163
38294,136
38295,114
38296,114
38297,152
38298,222
38299,154
38300,133
38301,116
38302,102
38303,101
38304,121
38305,99
38306,102
38307,91
38308,68
38309,51
38310,48
38311,44
38312,503
38313,316
38314,286
38315,267
38316,245
38317,244
38318,288
38319,112
38320,53
38321,45
38322,35
38323,28
38324,28
38325,46
38326,52
38327,34
38328,32
38329,17
38330,12
38331,13
38332,23
38333,228
38334,158
38335,143
38336,128
38337,103
38338,103
38339,125
38340,27
38341,15
38342,12
38343,8
38344,4
38345,5
38346,8
38347,332
38348,211
38349,191
38350,161
38351,137
38352,137
38353,187
38354,86
38355,42
38356,36
38357,22
38358,18
38359,18
38360,30
38361,245
38362,123
38363,110
38364,103
38365,88
38366,92
38367,134
38368,194
38369,146
38370,135
38371,120
38372,100
38373,98
38374,115
38375,168
38376,90
38377,79
38378,67
38379,52
38380,54
38381,80
38382,876
38383,504
38384,448
38385,424
38386,398
38387,413
38388,557
38389,68
38390,32
38391,27
38392,18
38393,15
38394,15
38395,27
38396,418
38397,223
38398,188
38399,159
38400,131
38401,140
38402,230
38403,362
38404,202
38405,177
38406,162
38407,145
38408,150
38409,222
38410,153
38411,105
38412,96
38413,88
38414,78
38415,77
38416,95
38417,184
38418,107
38419,92
38420,78
38421,67
38422,67
38423,79
38424,390
38425,150
38426,123
38427,98
38428,84
38429,92
38430,172
38431,523
38432,269
38433,225
38434,198
38435,168
38436,172
38437,253
38438,215
38439,123
38440,112
38441,100
38442,88
38443,88
38444,111
38445,62
38446,42
38447,36
38448,26
38449,22
38450,22
38451,29
38452,515
38453,174
38454,152
38455,133
38456,120
38457,142
38458,289
38459,1506
38460,790
38461,726
38462,665
38463,565
38464,610
38465,899
38466,441
38467,396
38468,366
38469,331
38470,286
38471,275
38472,295
38473,442
38474,224
38475,203
38476,184
38477,158
38478,164
38479,255
38480,213
38481,133
38482,121
38483,107
38484,92
38485,87
38486,105
38487,308
38488,197
38489,169
38490,144
38491,120
38492,123
38493,167
38494,289
38495,128
38496,106
38497,94
38498,89
38499,94
38500,147
38501,72
38502,40
38503,34
38504,25
38505,21
38506,22
38507,29
38508,524
38509,264
38510,231
38511,204
38512,175
38513,182
38514,268
38515,57
38516,59
38517,54
38518,36
38519,30
38520,29
38521,29
38522,193
38523,103
38524,84
38525,68
38526,56
38527,57
38528,81
38529,631
38530,313
38531,273
38532,252
38533,225
38534,231
38535,343
38536,64
38537,43
38538,39
38539,29
38540,24
38541,23
38542,31
38543,424
38544,113
38545,89
38546,69
38547,64
38548,80
38549,211
38550,314
38551,164
38552,148
38553,129
38554,113
38555,118
38556,178
38557,127
38558,74
38559,66
38560,57
38561,46
38562,48
38563,68
38564,243
38565,115
38566,92
38567,74
38568,64
38569,68
38570,111
38571,465
38572,245
38573,205
38574,178
38575,157
38576,164
38577,227
38578,295
38579,148
38580,128
38581,114
38582,98
38583,101
38584,145
38585,71
38586,47
38587,44
38588,38
38589,33
38590,33
38591,42
38592,481
38593,207
38594,178
38595,152
38596,128
38597,141
38598,238
38599,1652
38600,809
38601,697
38602,565
38603,495
38604,532
38605,774
38606,166
38607,84
38608,74
38609,69
38610,59
38611,61
38612,83
38613,235
38614,175
38615,149
38616,123
38617,104
38618,102
38619,115
38620,197
38621,87
38622,75
38623,57
38624,38
38625,41
38626,74
38627,400
38628,192
38629,171
38630,148
38631,128
38632,136
38633,218
38634,521
38635,318
38636,275
38637,243
38638,220
38639,220
38640,284
38641,78
38642,53
38643,50
38644,39
38645,29
38646,28
38647,38
38648,134
38649,56
38650,47
38651,42
38652,38
38653,41
38654,66
38655,229
38656,121
38657,104
38658,91
38659,73
38660,73
38661,103
38662,508
38663,348
38664,301
38665,277
38666,238
38667,238
38668,308
38669,190
38670,107
38671,90
38672,69
38673,64
38674,66
38675,97
38676,114
38677,76
38678,70
38679,58
38680,45
38681,45
38682,53
38683,450
38684,199
38685,172
38686,152
38687,133
38688,144
38689,233
38690,213
38691,135
38692,119
38693,100
38694,86
38695,83
38696,102
38697,525
38698,227
38699,190
38700,166
38701,148
38702,167
38703,278
38704,521
38705,239
38706,210
38707,185
38708,167
38709,179
38710,268
38711,297
38712,155
38713,129
38714,115
38715,105
38716,112
38717,170
38718,151
38719,102
38720,93
38721,77
38722,63
38723,61
38724,77
38725,276
38726,235
38727,210
38728,173
38729,144
38730,136
38731,127
38732,575
38733,344
38734,304
38735,267
38736,221
38737,227
38738,319
38739,31
38740,17
38741,15
38742,6
38743,6
38744,6
38745,9
38746,532
38747,291
38748,255
38749,245
38750,232
38751,238
38752,305
38753,364
38754,191
38755,172
38756,156
38757,136
38758,144
38759,224
38760,156
38761,74
38762,62
38763,53
38764,43
38765,44
38766,73
38767,239
38768,137
38769,120
38770,107
38771,90
38772,88
38773,111
38774,87
38775,39
38776,35
38777,26
38778,21
38779,22
38780,37
38781,140
38782,71
38783,62
38784,58
38785,51
38786,52
38787,68
38788,271
38789,174
38790,159
38791,144
38792,128
38793,129
38794,166
38795,372
38796,309
38797,273
38798,233
38799,202
38800,189
38801,188
38802,589
38803,207
38804,161
38805,133
38806,117
38807,137
38808,290
38809,348
38810,204
38811,182
38812,173
38813,159
38814,165
38815,217
38816,590
38817,471
38818,433
38819,414
38820,364
38821,359
38822,392
38823,176
38824,177
38825,156
38826,123
38827,97
38828,90
38829,83
38830,201
38831,96
38832,87
38833,80
38834,64
38835,67
38836,98
38837,243
38838,106
38839,94
38840,83
38841,74
38842,76
38843,120
38844,228
38845,147
38846,126
38847,106
38848,87
38849,88
38850,116
38851,70
38852,33
38853,28
38854,20
38855,18
38856,19
38857,32
38858,304
38859,231
38860,225
38861,197
38862,156
38863,154
38864,171
38865,178
38866,138
38867,121
38868,103
38869,87
38870,84
38871,102
38872,268
38873,193
38874,173
38875,151
38876,132
38877,131
38878,171
38879,544
38880,236
38881,204
38882,188
38883,158
38884,174
38885,298
38886,195
38887,98
38888,84
38889,68
38890,61
38891,64
38892,98
38893,347
38894,161
38895,140
38896,124
38897,112
38898,117
38899,195
38900,1141
38901,1055
38902,376
38903,313
38904,253
38905,362
38906,402
38907,1466
38908,1326
38909,547
38910,462
38911,395
38912,583
38913,620
38914,282
38915,271
38916,94
38917,81
38918,67
38919,83
38920,88
38921,153
38922,135
38923,58
38924,47
38925,37
38926,36
38927,39
38928,656
38929,627
38930,194
38931,154
38932,104
38933,164
38934,173
38935,123
38936,114
38937,56
38938,51
38939,29
38940,17
38941,18
38942,234
38943,224
38944,60
38945,48
38946,31
38947,42
38948,46
38949,1439
38950,1316
38951,395
38952,329
38953,292
38954,407
38955,458
38956,123
38957,116
38958,49
38959,43
38960,25
38961,6
38962,6
38963,173
38964,165
38965,61
38966,52
38967,38
38968,24
38969,24
38970,288
38971,269
38972,74
38973,61
38974,52
38975,81
38976,87
38977,227
38978,219
38979,88
38980,76
38981,59
38982,70
38983,77
38984,356
38985,349
38986,130
38987,109
38988,81
38989,135
38990,143
38991,132
38992,115
38993,63
38994,54
38995,39
38996,35
38997,38
38998,245
38999,227
39000,98
39001,89
39002,71
39003,104
39004,113
39005,23
39006,22
39007,10
39008,10
39009,4
39010,3
39011,3
39012,275
39013,273
39014,108
39015,99
39016,77
39017,115
39018,125
39019,124
39020,112
39021,40
39022,32
39023,19
39024,26
39025,27
39026,790
39027,728
39028,312
39029,271
39030,209
39031,296
39032,308
39033,152
39034,142
39035,48
39036,38
39037,19
39038,16
39039,18
39040,248
39041,232
39042,78
39043,70
39044,59
39045,48
39046,50
39047,664
39048,653
39049,283
39050,252
39051,196
39052,285
39053,296
39054,116
39055,113
39056,47
39057,43
39058,29
39059,14
39060,14
39061,417
39062,400
39063,142
39064,125
39065,115
39066,151
39067,173
39068,136
39069,131
39070,46
39071,40
39072,25
39073,11
39074,11
39075,721
39076,660
39077,224
39078,180
39079,129
39080,197
39081,206
39082,275
39083,261
39084,81
39085,67
39086,57
39087,80
39088,86
39089,110
39090,107
39091,48
39092,44
39093,25
39094,21
39095,23
39096,130
39097,118
39098,43
39099,35
39100,18
39101,3
39102,4
39103,299
39104,289
39105,93
39106,77
39107,62
39108,83
39109,94
39110,241
39111,231
39112,79
39113,69
39114,48
39115,58
39116,62
39117,224
39118,212
39119,74
39120,61
39121,46
39122,67
39123,74
39124,26
39125,25
39126,9
39127,9
39128,3
39129,2
39130,2
39131,44
39132,42
39133,22
39134,21
39135,6
39136,2
39137,3
39138,864
39139,813
39140,239
39141,221
39142,187
39143,270
39144,298
39145,189
39146,182
39147,71
39148,61
39149,47
39150,54
39151,58
39152,3367
39153,2977
39154,968
39155,823
39156,671
39157,1008
39158,1115
39159,450
39160,405
39161,222
39162,205
39163,169
39164,250
39165,258
39166,1209
39167,1079
39168,347
39169,292
39170,256
39171,382
39172,414
39173,104
39174,98
39175,55
39176,51
39177,24
39178,11
39179,12
39180,308
39181,291
39182,118
39183,106
39184,76
39185,100
39186,112
39187,261
39188,244
39189,121
39190,110
39191,84
39192,103
39193,111
39194,582
39195,550
39196,148
39197,118
39198,95
39199,144
39200,158
39201,185
39202,173
39203,66
39204,54
39205,30
39206,36
39207,38
39208,10
39209,9
39210,3
39211,3
39212,1
39213,1
39214,1
39215,1158
39216,1140
39217,328
39218,279
39219,218
39220,321
39221,352
39222,28
39223,26
39224,17
39225,16
39226,8
39227,3
39228,4
39229,57
39230,54
39231,25
39232,23
39233,9
39234,1
39235,1
39236,28
39237,26
39238,13
39239,12
39240,7
39241,2
39242,3
39243,779
39244,721
39245,246
39246,210
39247,181
39248,265
39249,290
39250,31
39251,32
39252,15
39253,15
39254,7
39255,5
39256,5
39257,178
39258,175
39259,40
39260,35
39261,25
39262,18
39263,20
39264,174
39265,165
39266,80
39267,69
39268,57
39269,36
39270,36
39271,12
39272,11
39273,6
39274,6
39275,1
39276,1
39277,1
39278,254
39279,240
39280,81
39281,70
39282,50
39283,73
39284,83
39285,187
39286,172
39287,58
39288,48
39289,36
39290,42
39291,47
39292,41
39293,39
39294,19
39295,18
39296,9
39297,2
39298,2
39299,1199
39300,1094
39301,390
39302,321
39303,269
39304,392
39305,424
39306,363
39307,355
39308,112
39309,95
39310,79
39311,107
39312,123
39313,192
39314,181
39315,76
39316,69
39317,53
39318,68
39319,70
39320,302
39321,290
39322,96
39323,88
39324,72
39325,106
39326,115
39327,5718
39328,5094
39329,1788
39330,1496
39331,1213
39332,1820
39333,1948
39334,294
39335,281
39336,106
39337,94
39338,72
39339,105
39340,115
39341,453
39342,431
39343,151
39344,129
39345,110
39346,149
39347,157
39348,158
39349,146
39350,64
39351,54
39352,37
39353,40
39354,45
39355,91
39356,89
39357,30
39358,27
39359,12
39360,1
39361,2
39362,457
39363,443
39364,145
39365,125
39366,103
39367,156
39368,168
39369,511
39370,507
39371,173
39372,146
39373,111
39374,156
39375,167
39376,196
39377,174
39378,80
39379,68
39380,49
39381,66
39382,68
39383,111
39384,108
39385,41
39386,37
39387,15
39388,9
39389,9
39390,779
39391,675
39392,399
39393,351
39394,287
39395,351
39396,347
39397,169
39398,158
39399,41
39400,33
39401,25
39402,23
39403,25
39404,148
39405,142
39406,45
39407,36
39408,25
39409,11
39410,13
39411,250
39412,231
39413,107
39414,97
39415,76
39416,94
39417,103
39418,219
39419,211
39420,97
39421,88
39422,70
39423,72
39424,80
39425,17
39426,16
39427,7
39428,6
39429,2
39430,3
39431,3
39432,582
39433,534
39434,238
39435,213
39436,179
39437,236
39438,250
39439,621
39440,574
39441,174
39442,152
39443,126
39444,155
39445,176
39446,315
39447,284
39448,107
39449,90
39450,72
39451,90
39452,91
39453,33
39454,32
39455,15
39456,14
39457,8
39458,0
39459,0
39460,1208
39461,1111
39462,312
39463,259
39464,214
39465,330
39466,355
39467,2153
39468,1923
39469,609
39470,507
39471,427
39472,685
39473,741
39474,112
39475,109
39476,42
39477,38
39478,25
39479,0
39480,0
39481,336
39482,325
39483,118
39484,105
39485,84
39486,134
39487,142
39488,209
39489,191
39490,65
39491,52
39492,40
39493,51
39494,54
39495,109
39496,101
39497,50
39498,43
39499,21
39500,9
39501,11
39502,1020
39503,957
39504,358
39505,309
39506,261
39507,374
39508,406
39509,273
39510,257
39511,79
39512,68
39513,58
39514,91
39515,94
39516,337
39517,321
39518,103
39519,87
39520,73
39521,94
39522,106
39523,370
39524,344
39525,106
39526,88
39527,78
39528,107
39529,113
39530,67
39531,65
39532,25
39533,22
39534,11
39535,2
39536,2
39537,72
39538,70
39539,31
39540,28
39541,10
39542,3
39543,4
39544,72
39545,70
39546,30
39547,28
39548,17
39549,7
39550,7
39551,203
39552,189
39553,60
39554,49
39555,36
39556,41
39557,42
39558,584
39559,550
39560,192
39561,160
39562,129
39563,212
39564,227
39565,39
39566,34
39567,22
39568,21
39569,4
39570,3
39571,3
39572,691
39573,636
39574,304
39575,268
39576,216
39577,283
39578,303
39579,93
39580,84
39581,44
39582,40
39583,16
39584,6
39585,7
39586,480
39587,450
39588,226
39589,196
39590,135
39591,216
39592,228
39593,526
39594,494
39595,145
39596,122
39597,93
39598,133
39599,145
39600,383
39601,370
39602,139
39603,125
39604,117
39605,151
39606,162
39607,526
39608,483
39609,207
39610,184
39611,154
39612,211
39613,232
39614,351
39615,296
39616,164
39617,143
39618,91
39619,126
39620,132
39621,512
39622,478
39623,152
39624,130
39625,110
39626,143
39627,155
39628,137
39629,137
39630,45
39631,40
39632,24
39633,6
39634,5
39635,167
39636,160
39637,64
39638,52
39639,35
39640,19
39641,23
39642,42
39643,41
39644,15
39645,14
39646,9
39647,2
39648,2
39649,295
39650,262
39651,143
39652,131
39653,105
39654,147
39655,153
39656,304
39657,278
39658,135
39659,118
39660,89
39661,122
39662,130
39663,220
39664,213
39665,82
39666,74
39667,63
39668,63
39669,67
39670,771
39671,739
39672,248
39673,210
39674,178
39675,231
39676,253
39677,209
39678,199
39679,68
39680,56
39681,47
39682,54
39683,60
39684,344
39685,330
39686,151
39687,132
39688,103
39689,118
39690,117
39691,110
39692,107
39693,43
39694,40
39695,14
39696,2
39697,2
39698,70
39699,64
39700,23
39701,20
39702,0
39703,0
39704,0
39705,71
39706,65
39707,23
39708,20
39709,0
39710,0
39711,0
39712,277
39713,248
39714,89
39715,75
39716,11
39717,0
39718,0
39719,316
39720,284
39721,85
39722,72
39723,14
39724,0
39725,0
39726,303
39727,285
39728,94
39729,77
39730,30
39731,4
39732,3
39733,223
39734,201
39735,57
39736,46
39737,16
39738,2
39739,2
39740,208
39741,193
39742,72
39743,61
39744,11
39745,0
39746,0
39747,215
39748,192
39749,58
39750,51
39751,21
39752,0
39753,1
39754,207
39755,186
39756,61
39757,48
39758,18
39759,0
39760,0
39761,141
39762,133
39763,29
39764,24
39765,8
39766,0
39767,0
39768,412
39769,369
39770,121
39771,100
39772,21
39773,0
39774,0
39775,618
39776,530
39777,184
39778,157
39779,34
39780,4
39781,2
39782,177
39783,162
39784,51
39785,45
39786,22
39787,0
39788,0
39789,169
39790,156
39791,55
39792,52
39793,22
39794,0
39795,0
39796,243
39797,213
39798,69
39799,60
39800,6
39801,0
39802,0
39803,269
39804,246
39805,86
39806,73
39807,9
39808,0
39809,0
39810,232
39811,211
39812,96
39813,80
39814,5
39815,0
39816,0
39817,226
39818,202
39819,82
39820,71
39821,2
39822,0
39823,0
39824,137
39825,62
39826,52
39827,24
39828,4
39829,3
39830,4
39831,395
39832,195
39833,176
39834,123
39835,72
39836,84
39837,91
39838,151
39839,56
39840,47
39841,26
39842,5
39843,5
39844,7
39845,20
39846,10
39847,8
39848,0
39849,0
39850,0
39851,0
39852,73
39853,36
39854,31
39855,8
39856,0
39857,1
39858,0
39859,110
39860,51
39861,44
39862,12
39863,0
39864,0
39865,0
39866,55
39867,24
39868,20
39869,8
39870,0
39871,0
39872,0
39873,106
39874,46
39875,38
39876,25
39877,3
39878,4
39879,4
39880,33
39881,15
39882,12
39883,2
39884,0
39885,0
39886,0
39887,31
39888,13
39889,11
39890,1
39891,0
39892,0
39893,0
39894,18
39895,7
39896,5
39897,0
39898,0
39899,0
39900,0
39901,36
39902,17
39903,14
39904,0
39905,0
39906,0
39907,0
39908,4
39909,2
39910,1
39911,0
39912,0
39913,0
39914,0
39915,86
39916,27
39917,22
39918,13
39919,1
39920,2
39921,2
39922,414
39923,181
39924,164
39925,115
39926,60
39927,67
39928,79
39929,88
39930,39
39931,32
39932,12
39933,0
39934,0
39935,1
39936,391
39937,157
39938,137
39939,111
39940,85
39941,106
39942,131
39943,10
39944,6
39945,5
39946,0
39947,0
39948,0
39949,0
39950,139
39951,54
39952,44
39953,22
39954,5
39955,8
39956,11
39957,51
39958,21
39959,16
39960,1
39961,0
39962,0
39963,0
39964,45
39965,18
39966,15
39967,5
39968,0
39969,0
39970,0
39971,64
39972,26
39973,21
39974,9
39975,0
39976,0
39977,0
39978,37
39979,15
39980,12
39981,0
39982,0
39983,0
39984,0
39985,92
39986,21
39987,14
39988,10
39989,1
39990,2
39991,4
39992,13
39993,6
39994,5
39995,0
39996,0
39997,0
39998,0
39999,13
40000,3
40001,2
40002,0
40003,0
40004,0
40005,0
40006,24
40007,10
40008,9
40009,1
40010,0
40011,0
40012,0
40013,2
40014,1
40015,0
40016,0
40017,0
40018,0
40019,0
40020,0
40021,0
40022,0
40023,0
40024,0
40025,0
40026,0
40027,788
40028,330
40029,284
40030,180
40031,96
40032,103
40033,126
40034,69
40035,29
40036,23
40037,9
40038,0
40039,0
40040,0
40041,135
40042,58
40043,46
40044,24
40045,5
40046,7
40047,8
40048,138
40049,61
40050,52
40051,26
40052,8
40053,8
40054,8
40055,90
40056,55
40057,46
40058,11
40059,0
40060,0
40061,0
40062,5
40063,3
40064,3
40065,0
40066,0
40067,0
40068,0
40069,150
40070,83
40071,73
40072,41
40073,7
40074,7
40075,8
40076,119
40077,44
40078,37
40079,20
40080,3
40081,2
40082,4
40083,98
40084,39
40085,35
40086,20
40087,4
40088,4
40089,4
40090,606
40091,242
40092,212
40093,163
40094,121
40095,134
40096,171
40097,104
40098,53
40099,45
40100,22
40101,4
40102,6
40103,7
40104,48
40105,22
40106,19
40107,2
40108,0
40109,1
40110,1
40111,250
40112,117
40113,100
40114,62
40115,20
40116,21
40117,25
40118,47
40119,19
40120,16
40121,1
40122,0
40123,0
40124,0
40125,52
40126,27
40127,22
40128,7
40129,0
40130,0
40131,0
40132,99
40133,56
40134,48
40135,25
40136,6
40137,6
40138,5
40139,81
40140,41
40141,35
40142,16
40143,1
40144,1
40145,1
40146,51
40147,18
40148,14
40149,2
40150,0
40151,0
40152,0
40153,117
40154,54
40155,47
40156,23
40157,0
40158,1
40159,3
40160,17
40161,7
40162,5
40163,0
40164,0
40165,0
40166,0
40167,71
40168,34
40169,27
40170,4
40171,0
40172,0
40173,0
40174,70
40175,26
40176,21
40177,8
40178,0
40179,0
40180,0
40181,30
40182,17
40183,15
40184,1
40185,0
40186,0
40187,0
40188,56
40189,23
40190,17
40191,3
40192,0
40193,0
40194,0
40195,98
40196,41
40197,34
40198,12
40199,0
40200,1
40201,2
40202,12
40203,3
40204,2
40205,0
40206,0
40207,0
40208,0
40209,12
40210,10
40211,6
40212,6
40213,8
40214,12
40215,12
40216,59
40217,50
40218,39
40219,38
40220,44
40221,65
40222,64
40223,8
40224,6
40225,3
40226,3
40227,4
40228,7
40229,7
40230,4
40231,2
40232,1
40233,1
40234,1
40235,2
40236,2
40237,28
40238,22
40239,10
40240,10
40241,14
40242,27
40243,27
40244,75
40245,62
40246,46
40247,47
40248,60
40249,122
40250,117
40251,8
40252,6
40253,3
40254,3
40255,4
40256,6
40257,6
40258,1
40259,1
40260,0
40261,0
40262,0
40263,0
40264,0
40265,47
40266,38
40267,25
40268,24
40269,30
40270,52
40271,52
40272,30
40273,26
40274,17
40275,17
40276,20
40277,28
40278,28
40279,1
40280,1
40281,1
40282,1
40283,1
40284,1
40285,1
40286,17
40287,14
40288,8
40289,8
40290,10
40291,16
40292,17
40293,22
40294,16
40295,8
40296,8
40297,10
40298,19
40299,19
40300,16
40301,11
40302,7
40303,7
40304,9
40305,14
40306,14
40307,11
40308,9
40309,5
40310,5
40311,7
40312,11
40313,11
40314,26
40315,20
40316,9
40317,9
40318,12
40319,22
40320,22
40321,35
40322,30
40323,18
40324,18
40325,22
40326,39
40327,40
40328,16
40329,13
40330,7
40331,6
40332,9
40333,17
40334,17
40335,19
40336,13
40337,8
40338,9
40339,11
40340,20
40341,21
40342,6
40343,6
40344,4
40345,4
40346,4
40347,6
40348,6
40349,6
40350,5
40351,2
40352,2
40353,3
40354,6
40355,6
40356,6
40357,5
40358,3
40359,3
40360,4
40361,6
40362,6
40363,23
40364,18
40365,9
40366,9
40367,11
40368,22
40369,22
40370,18
40371,16
40372,9
40373,9
40374,11
40375,19
40376,18
40377,15
40378,12
40379,6
40380,6
40381,8
40382,12
40383,13
40384,86
40385,77
40386,59
40387,59
40388,71
40389,126
40390,117
40391,12
40392,9
40393,4
40394,4
40395,5
40396,9
40397,9
40398,14
40399,14
40400,11
40401,11
40402,11
40403,15
40404,15
40405,17
40406,15
40407,8
40408,8
40409,9
40410,20
40411,20
40412,7
40413,6
40414,3
40415,3
40416,4
40417,5
40418,5
40419,18
40420,14
40421,5
40422,5
40423,9
40424,26
40425,26
40426,1
40427,0
40428,0
40429,0
40430,0
40431,1
40432,1
40433,27
40434,24
40435,13
40436,13
40437,16
40438,29
40439,29
40440,9
40441,7
40442,4
40443,4
40444,5
40445,8
40446,8
40447,2
40448,2
40449,1
40450,1
40451,1
40452,2
40453,2
40454,9
40455,9
40456,6
40457,6
40458,6
40459,9
40460,9
40461,8
40462,6
40463,4
40464,4
40465,5
40466,8
40467,8
40468,14
40469,9
40470,5
40471,5
40472,7
40473,19
40474,19
40475,6
40476,4
40477,2
40478,2
40479,2
40480,4
40481,4
40482,1
40483,1
40484,1
40485,1
40486,1
40487,1
40488,1
40489,9
40490,7
40491,4
40492,4
40493,5
40494,10
40495,10
40496,55
40497,45
40498,32
40499,32
40500,39
40501,71
40502,68
40503,19
40504,14
40505,5
40506,5
40507,7
40508,19
40509,19
40510,8
40511,6
40512,3
40513,3
40514,4
40515,8
40516,8
40517,139
40518,122
40519,91
40520,88
40521,106
40522,189
40523,178
40524,30
40525,25
40526,12
40527,12
40528,15
40529,27
40530,28
40531,3
40532,3
40533,1
40534,1
40535,2
40536,3
40537,3
40538,4
40539,3
40540,2
40541,2
40542,3
40543,4
40544,4
40545,28
40546,23
40547,13
40548,13
40549,16
40550,24
40551,24
40552,4
40553,4
40554,3
40555,3
40556,3
40557,5
40558,5
40559,19
40560,15
40561,9
40562,9
40563,10
40564,16
40565,16
40566,12
40567,9
40568,5
40569,5
40570,6
40571,10
40572,11
40573,3
40574,2
40575,1
40576,1
40577,1
40578,2
40579,2
40580,12
40581,10
40582,6
40583,6
40584,8
40585,12
40586,12
40587,28
40588,24
40589,12
40590,12
40591,16
40592,32
40593,32
40594,34
40595,29
40596,17
40597,17
40598,22
40599,40
40600,39
40601,129
40602,114
40603,89
40604,91
40605,111
40606,205
40607,193
40608,25
40609,18
40610,10
40611,10
40612,12
40613,22
40614,23
40615,1
40616,1
40617,0
40618,0
40619,0
40620,1
40621,1
40622,9
40623,7
40624,5
40625,5
40626,5
40627,7
40628,7
40629,55
40630,44
40631,32
40632,32
40633,39
40634,69
40635,67
40636,41
40637,33
40638,20
40639,20
40640,26
40641,53
40642,53
40643,7
40644,6
40645,4
40646,4
40647,4
40648,6
40649,6
40650,2
40651,1
40652,0
40653,0
40654,1
40655,2
40656,2
40657,5
40658,4
40659,2
40660,2
40661,3
40662,6
40663,6
40664,6
40665,4
40666,2
40667,2
40668,3
40669,6
40670,6
40671,30
40672,22
40673,12
40674,12
40675,16
40676,31
40677,31
40678,5
40679,5
40680,4
40681,4
40682,4
40683,5
40684,5
40685,16
40686,13
40687,8
40688,8
40689,9
40690,14
40691,14
40692,11
40693,8
40694,3
40695,3
40696,5
40697,11
40698,11
40699,30
40700,21
40701,12
40702,12
40703,16
40704,29
40705,29
40706,14
40707,9
40708,4
40709,4
40710,6
40711,11
40712,11
40713,16
40714,13
40715,5
40716,4
40717,6
40718,11
40719,10
40720,19
40721,16
40722,10
40723,10
40724,12
40725,19
40726,20
40727,4
40728,3
40729,2
40730,2
40731,2
40732,5
40733,5
40734,5
40735,4
40736,2
40737,2
40738,3
40739,5
40740,5
40741,18
40742,15
40743,7
40744,7
40745,9
40746,13
40747,13
40748,8
40749,7
40750,5
40751,4
40752,5
40753,8
40754,8
40755,13
40756,11
40757,5
40758,4
40759,6
40760,12
40761,12
40762,4
40763,3
40764,2
40765,1
40766,2
40767,5
40768,5
40769,9
40770,7
40771,3
40772,3
40773,4
40774,9
40775,9
40776,334
40777,192
40778,175
40779,80
40780,72
40781,72
40782,111
40783,584
40784,404
40785,377
40786,241
40787,207
40788,209
40789,260
40790,183
40791,92
40792,83
40793,13
40794,8
40795,7
40796,12
40797,33
40798,22
40799,21
40800,0
40801,2
40802,1
40803,0
40804,294
40805,128
40806,115
40807,29
40808,14
40809,12
40810,43
40811,1080
40812,486
40813,441
40814,282
40815,220
40816,233
40817,427
40818,83
40819,50
40820,43
40821,1
40822,3
40823,1
40824,0
40825,170
40826,47
40827,39
40828,18
40829,10
40830,9
40831,25
40832,63
40833,41
40834,38
40835,0
40836,3
40837,1
40838,2
40839,210
40840,125
40841,112
40842,48
40843,31
40844,28
40845,66
40846,41
40847,46
40848,45
40849,0
40850,2
40851,1
40852,3
40853,141
40854,94
40855,88
40856,26
40857,17
40858,14
40859,44
40860,87
40861,32
40862,27
40863,2
40864,0
40865,0
40866,1
40867,105
40868,67
40869,61
40870,14
40871,5
40872,2
40873,15
40874,642
40875,404
40876,368
40877,297
40878,273
40879,271
40880,353
40881,52
40882,33
40883,30
40884,0
40885,1
40886,0
40887,0
40888,282
40889,198
40890,182
40891,68
40892,49
40893,45
40894,68
40895,64
40896,43
40897,41
40898,1
40899,3
40900,1
40901,1
40902,117
40903,61
40904,52
40905,7
40906,1
40907,0
40908,11
40909,234
40910,116
40911,108
40912,37
40913,22
40914,19
40915,51
40916,480
40917,311
40918,288
40919,147
40920,121
40921,122
40922,149
40923,117
40924,75
40925,69
40926,8
40927,0
40928,0
40929,9
40930,514
40931,277
40932,255
40933,189
40934,169
40935,169
40936,259
40937,141
40938,57
40939,50
40940,13
40941,4
40942,2
40943,10
40944,400
40945,208
40946,180
40947,52
40948,39
40949,41
40950,89
40951,292
40952,161
40953,148
40954,78
40955,64
40956,61
40957,113
40958,96
40959,76
40960,74
40961,11
40962,12
40963,9
40964,15
40965,183
40966,94
40967,82
40968,30
40969,12
40970,8
40971,41
40972,339
40973,147
40974,128
40975,48
40976,43
40977,42
40978,74
40979,132
40980,73
40981,68
40982,12
40983,5
40984,4
40985,17
40986,136
40987,98
40988,90
40989,14
40990,6
40991,3
40992,20
40993,97
40994,63
40995,57
40996,7
40997,4
40998,3
40999,2
41000,322
41001,120
41002,112
41003,80
41004,65
41005,66
41006,126
41007,111
41008,82
41009,75
41010,12
41011,5
41012,3
41013,22
41014,1052
41015,510
41016,485
41017,261
41018,189
41019,179
41020,337
41021,363
41022,298
41023,284
41024,164
41025,138
41026,132
41027,187
41028,124
41029,61
41030,59
41031,12
41032,5
41033,4
41034,16
41035,41
41036,36
41037,35
41038,0
41039,2
41040,1
41041,1
41042,112
41043,81
41044,78
41045,9
41046,10
41047,9
41048,7
41049,93
41050,58
41051,51
41052,3
41053,2
41054,1
41055,1
41056,95
41057,46
41058,42
41059,4
41060,2
41061,2
41062,1
41063,81
41064,44
41065,38
41066,1
41067,3
41068,1
41069,1
41070,94
41071,58
41072,51
41073,9
41074,3
41075,1
41076,8
41077,421
41078,205
41079,195
41080,86
41081,67
41082,67
41083,122
41084,56
41085,46
41086,43
41087,1
41088,4
41089,2
41090,1
41091,59
41092,37
41093,33
41094,0
41095,3
41096,1
41097,2
41098,528
41099,279
41100,258
41101,146
41102,100
41103,99
41104,186
41105,142
41106,90
41107,86
41108,15
41109,12
41110,10
41111,15
41112,308
41113,55
41114,46
41115,17
41116,11
41117,11
41118,50
41119,81
41120,58
41121,50
41122,4
41123,1
41124,1
41125,1
41126,165
41127,106
41128,101
41129,25
41130,16
41131,15
41132,39
41133,75
41134,44
41135,41
41136,1
41137,4
41138,2
41139,3
41140,496
41141,243
41142,221
41143,141
41144,113
41145,118
41146,190
41147,367
41148,176
41149,157
41150,69
41151,62
41152,61
41153,93
41154,299
41155,120
41156,111
41157,48
41158,39
41159,36
41160,69
41161,1452
41162,743
41163,680
41164,370
41165,273
41166,269
41167,469
41168,122
41169,78
41170,72
41171,16
41172,11
41173,9
41174,16
41175,108
41176,76
41177,68
41178,10
41179,4
41180,2
41181,9
41182,384
41183,186
41184,174
41185,90
41186,73
41187,71
41188,113
41189,362
41190,229
41191,219
41192,96
41193,86
41194,84
41195,104
41196,123
41197,56
41198,50
41199,7
41200,3
41201,1
41202,4
41203,316
41204,327
41205,305
41206,77
41207,64
41208,58
41209,99
41210,170
41211,92
41212,84
41213,10
41214,5
41215,2
41216,18
41217,215
41218,150
41219,136
41220,64
41221,49
41222,42
41223,95
41224,364
41225,272
41226,258
41227,154
41228,137
41229,132
41230,187
41231,75
41232,36
41233,32
41234,2
41235,3
41236,2
41237,2
41238,21
41239,26
41240,25
41241,2
41242,3
41243,2
41244,4
41245,455
41246,233
41247,220
41248,93
41249,59
41250,60
41251,137
41252,103
41253,75
41254,69
41255,5
41256,0
41257,0
41258,2
41259,40
41260,25
41261,23
41262,0
41263,1
41264,0
41265,0
41266,372
41267,151
41268,137
41269,81
41270,63
41271,64
41272,104
41273,286
41274,124
41275,116
41276,51
41277,34
41278,32
41279,55
41280,231
41281,108
41282,92
41283,29
41284,16
41285,13
41286,50
41287,213
41288,139
41289,133
41290,37
41291,23
41292,19
41293,53
41294,91
41295,46
41296,37
41297,0
41298,1
41299,1
41300,2
41301,164
41302,134
41303,125
41304,32
41305,21
41306,18
41307,28
41308,835
41309,502
41310,454
41311,186
41312,140
41313,145
41314,273
41315,363
41316,194
41317,180
41318,121
41319,108
41320,110
41321,159
41322,80
41323,51
41324,48
41325,0
41326,4
41327,2
41328,3
41329,117
41330,64
41331,55
41332,8
41333,3
41334,1
41335,6
41336,204
41337,82
41338,69
41339,22
41340,13
41341,12
41342,69
41343,231
41344,143
41345,132
41346,57
41347,44
41348,39
41349,54
41350,206
41351,162
41352,150
41353,34
41354,25
41355,22
41356,38
41357,129
41358,123
41359,116
41360,22
41361,11
41362,6
41363,26
41364,216
41365,79
41366,70
41367,21
41368,11
41369,9
41370,30
41371,329
41372,184
41373,165
41374,56
41375,41
41376,38
41377,66
41378,487
41379,384
41380,364
41381,197
41382,180
41383,182
41384,241
41385,154
41386,129
41387,116
41388,13
41389,2
41390,0
41391,15
41392,271
41393,142
41394,135
41395,67
41396,45
41397,41
41398,101
41399,312
41400,208
41401,183
41402,84
41403,64
41404,63
41405,102
41406,46
41407,25
41408,22
41409,1
41410,2
41411,1
41412,2
41413,185
41414,150
41415,134
41416,48
41417,37
41418,31
41419,66
41420,476
41421,234
41422,214
41423,105
41424,79
41425,79
41426,133
41427,146
41428,81
41429,72
41430,16
41431,13
41432,10
41433,22
41434,66
41435,44
41436,41
41437,1
41438,3
41439,2
41440,2
41441,377
41442,177
41443,162
41444,90
41445,78
41446,76
41447,123
41448,8
41449,4
41450,3
41451,0
41452,0
41453,1
41454,1
41455,23
41456,8
41457,7
41458,0
41459,0
41460,4
41461,5
41462,13
41463,3
41464,3
41465,0
41466,0
41467,1
41468,2
41469,48
41470,22
41471,18
41472,1
41473,0
41474,10
41475,16
41476,3
41477,0
41478,0
41479,0
41480,0
41481,0
41482,1
41483,7
41484,4
41485,3
41486,0
41487,0
41488,2
41489,3
41490,38
41491,14
41492,12
41493,3
41494,3
41495,11
41496,15
41497,3
41498,1
41499,0
41500,0
41501,0
41502,1
41503,2
41504,15
41505,3
41506,3
41507,0
41508,0
41509,1
41510,2
41511,6
41512,2
41513,1
41514,0
41515,0
41516,0
41517,1
41518,9
41519,2
41520,2
41521,0
41522,0
41523,1
41524,1
41525,0
41526,0
41527,0
41528,0
41529,0
41530,0
41531,0
41532,14
41533,5
41534,5
41535,0
41536,0
41537,2
41538,3
41539,6
41540,1
41541,1
41542,0
41543,0
41544,2
41545,3
41546,4
41547,1
41548,1
41549,0
41550,0
41551,0
41552,1
41553,8
41554,4
41555,3
41556,0
41557,0
41558,2
41559,2
41560,25
41561,8
41562,7
41563,1
41564,1
41565,4
41566,6
41567,0
41568,0
41569,0
41570,0
41571,0
41572,0
41573,0
41574,3
41575,0
41576,0
41577,0
41578,0
41579,0
41580,0
41581,4
41582,2
41583,2
41584,0
41585,0
41586,1
41587,2
41588,9
41589,3
41590,2
41591,0
41592,0
41593,1
41594,1
41595,45
41596,25
41597,23
41598,13
41599,12
41600,24
41601,32
41602,0
41603,0
41604,0
41605,0
41606,0
41607,0
41608,0
41609,24
41610,5
41611,2
41612,0
41613,0
41614,3
41615,9
41616,5
41617,2
41618,1
41619,0
41620,0
41621,1
41622,1
41623,3
41624,1
41625,1
41626,0
41627,0
41628,0
41629,0
41630,5
41631,2
41632,1
41633,0
41634,0
41635,1
41636,1
41637,9
41638,4
41639,3
41640,0
41641,0
41642,1
41643,1
41644,43
41645,16
41646,13
41647,7
41648,6
41649,15
41650,21
41651,2
41652,1
41653,1
41654,0
41655,0
41656,1
41657,1
41658,35
41659,9
41660,6
41661,0
41662,0
41663,6
41664,9
41665,0
41666,0
41667,0
41668,0
41669,0
41670,0
41671,0
41672,3
41673,1
41674,1
41675,0
41676,0
41677,2
41678,2
41679,5
41680,0
41681,0
41682,0
41683,0
41684,1
41685,1
41686,0
41687,0
41688,0
41689,0
41690,0
41691,0
41692,0
41693,0
41694,1
41695,1
41696,0
41697,0
41698,0
41699,0
41700,0
41701,0
41702,0
41703,0
41704,0
41705,0
41706,0
41707,440
41708,251
41709,227
41710,200
41711,186
41712,185
41713,287
41714,720
41715,462
41716,439
41717,415
41718,397
41719,374
41720,475
41721,47
41722,24
41723,22
41724,11
41725,6
41726,6
41727,19
41728,83
41729,58
41730,54
41731,39
41732,31
41733,29
41734,45
41735,117
41736,55
41737,50
41738,41
41739,36
41740,35
41741,58
41742,94
41743,34
41744,29
41745,17
41746,12
41747,12
41748,37
41749,885
41750,377
41751,340
41752,309
41753,307
41754,330
41755,595
41756,174
41757,120
41758,109
41759,94
41760,90
41761,86
41762,104
41763,88
41764,52
41765,48
41766,41
41767,37
41768,37
41769,54
41770,176
41771,49
41772,44
41773,38
41774,39
41775,47
41776,111
41777,231
41778,141
41779,130
41780,117
41781,113
41782,109
41783,145
41784,42
41785,25
41786,24
41787,13
41788,11
41789,11
41790,19
41791,85
41792,81
41793,77
41794,65
41795,56
41796,52
41797,53
41798,275
41799,179
41800,173
41801,165
41802,157
41803,152
41804,196
41805,99
41806,40
41807,36
41808,27
41809,23
41810,22
41811,45
41812,48
41813,33
41814,31
41815,23
41816,17
41817,17
41818,28
41819,277
41820,166
41821,155
41822,142
41823,131
41824,126
41825,165
41826,68
41827,41
41828,38
41829,26
41830,22
41831,20
41832,35
41833,208
41834,132
41835,125
41836,112
41837,104
41838,99
41839,137
41840,47
41841,25
41842,24
41843,13
41844,9
41845,9
41846,21
41847,233
41848,111
41849,104
41850,96
41851,95
41852,97
41853,154
41854,187
41855,122
41856,117
41857,109
41858,103
41859,97
41860,116
41861,26
41862,17
41863,17
41864,12
41865,9
41866,9
41867,15
41868,566
41869,311
41870,288
41871,273
41872,268
41873,270
41874,398
41875,144
41876,65
41877,60
41878,52
41879,47
41880,48
41881,80
41882,171
41883,81
41884,71
41885,58
41886,51
41887,53
41888,95
41889,130
41890,90
41891,87
41892,82
41893,80
41894,76
41895,99
41896,47
41897,24
41898,22
41899,12
41900,6
41901,5
41902,14
41903,382
41904,160
41905,147
41906,129
41907,127
41908,130
41909,223
41910,140
41911,77
41912,73
41913,64
41914,58
41915,57
41916,87
41917,239
41918,155
41919,146
41920,139
41921,129
41922,127
41923,164
41924,8
41925,4
41926,4
41927,3
41928,2
41929,2
41930,4
41931,41
41932,30
41933,28
41934,16
41935,11
41936,11
41937,18
41938,594
41939,202
41940,183
41941,168
41942,163
41943,184
41944,382
41945,168
41946,121
41947,115
41948,107
41949,102
41950,100
41951,124
41952,2265
41953,1307
41954,1249
41955,1183
41956,1108
41957,1095
41958,1697
41959,213
41960,168
41961,163
41962,153
41963,143
41964,134
41965,152
41966,825
41967,414
41968,388
41969,366
41970,362
41971,372
41972,608
41973,163
41974,103
41975,97
41976,91
41977,88
41978,85
41979,108
41980,423
41981,292
41982,280
41983,264
41984,252
41985,237
41986,303
41987,118
41988,72
41989,67
41990,57
41991,54
41992,52
41993,73
41994,175
41995,68
41996,62
41997,56
41998,56
41999,60
42000,110
42001,74
42002,44
42003,40
42004,25
42005,20
42006,18
42007,34
42008,4
42009,3
42010,3
42011,1
42012,1
42013,1
42014,2
42015,286
42016,149
42017,142
42018,128
42019,119
42020,114
42021,173
42022,63
42023,59
42024,56
42025,46
42026,42
42027,41
42028,45
42029,95
42030,51
42031,47
42032,39
42033,33
42034,30
42035,47
42036,778
42037,427
42038,402
42039,379
42040,372
42041,371
42042,564
42043,180
42044,111
42045,106
42046,97
42047,92
42048,88
42049,120
42050,262
42051,61
42052,52
42053,44
42054,43
42055,53
42056,155
42057,23
42058,19
42059,18
42060,8
42061,5
42062,4
42063,7
42064,288
42065,146
42066,137
42067,127
42068,122
42069,124
42070,191
42071,103
42072,56
42073,53
42074,47
42075,43
42076,44
42077,68
42078,69
42079,32
42080,29
42081,21
42082,17
42083,16
42084,33
42085,621
42086,300
42087,274
42088,249
42089,239
42090,247
42091,406
42092,637
42093,287
42094,257
42095,234
42096,228
42097,228
42098,388
42099,125
42100,66
42101,61
42102,53
42103,49
42104,46
42105,68
42106,235
42107,94
42108,85
42109,77
42110,70
42111,74
42112,138
42113,3567
42114,1708
42115,1570
42116,1405
42117,1325
42118,1298
42119,2133
42120,140
42121,83
42122,79
42123,73
42124,71
42125,71
42126,97
42127,518
42128,312
42129,289
42130,273
42131,267
42132,261
42133,364
42134,101
42135,67
42136,63
42137,52
42138,47
42139,44
42140,63
42141,259
42142,152
42143,143
42144,130
42145,124
42146,119
42147,168
42148,225
42149,137
42150,126
42151,120
42152,116
42153,109
42154,146
42155,169
42156,160
42157,153
42158,142
42159,123
42160,113
42161,112
42162,71
42163,24
42164,20
42165,15
42166,14
42167,16
42168,38
42169,243
42170,155
42171,143
42172,129
42173,122
42174,116
42175,157
42176,274
42177,173
42178,166
42179,154
42180,145
42181,136
42182,168
42183,63
42184,35
42185,32
42186,26
42187,23
42188,23
42189,38
42190,49
42191,36
42192,35
42193,22
42194,17
42195,17
42196,25
42197,927
42198,425
42199,390
42200,357
42201,341
42202,345
42203,588
42204,161
42205,117
42206,110
42207,100
42208,93
42209,88
42210,104
42211,9
42212,6
42213,6
42214,2
42215,1
42216,1
42217,3
42218,809
42219,304
42220,273
42221,247
42222,242
42223,264
42224,519
42225,995
42226,457
42227,426
42228,401
42229,383
42230,399
42231,696
42232,69
42233,37
42234,34
42235,28
42236,23
42237,23
42238,39
42239,153
42240,101
42241,98
42242,89
42243,82
42244,78
42245,96
42246,87
42247,42
42248,37
42249,29
42250,28
42251,28
42252,51
42253,130
42254,86
42255,80
42256,70
42257,62
42258,56
42259,65
42260,1138
42261,739
42262,686
42263,637
42264,614
42265,589
42266,829
42267,135
42268,62
42269,60
42270,55
42271,54
42272,57
42273,87
42274,237
42275,117
42276,113
42277,109
42278,107
42279,108
42280,164
42281,233
42282,108
42283,99
42284,92
42285,90
42286,91
42287,149
42288,124
42289,67
42290,61
42291,56
42292,55
42293,55
42294,81
42295,83
42296,45
42297,41
42298,30
42299,25
42300,23
42301,37
42302,150
42303,55
42304,49
42305,44
42306,43
42307,45
42308,86
42309,48
42310,22
42311,20
42312,10
42313,8
42314,8
42315,19
42316,310
42317,172
42318,161
42319,150
42320,144
42321,139
42322,196
42323,336
42324,232
42325,215
42326,197
42327,190
42328,178
42329,221
42330,81
42331,72
42332,69
42333,51
42334,43
42335,39
42336,41
42337,476
42338,171
42339,149
42340,127
42341,125
42342,138
42343,288
42344,220
42345,126
42346,119
42347,111
42348,108
42349,106
42350,148
42351,510
42352,379
42353,362
42354,341
42355,314
42356,291
42357,343
42358,98
42359,91
42360,86
42361,70
42362,59
42363,49
42364,49
42365,524
42366,249
42367,230
42368,219
42369,218
42370,220
42371,361
42372,23
42373,16
42374,16
42375,10
42376,6
42377,6
42378,10
42379,226
42380,139
42381,127
42382,117
42383,109
42384,103
42385,140
42386,18
42387,9
42388,9
42389,6
42390,6
42391,6
42392,12
42393,264
42394,242
42395,230
42396,217
42397,214
42398,203
42399,226
42400,143
42401,102
42402,96
42403,85
42404,77
42405,71
42406,90
42407,200
42408,124
42409,115
42410,105
42411,100
42412,97
42413,131
42414,702
42415,330
42416,299
42417,282
42418,275
42419,282
42420,459
42421,110
42422,58
42423,54
42424,48
42425,46
42426,47
42427,70
42428,65
42429,43
42430,42
42431,27
42432,20
42433,20
42434,34
42435,179
42436,77
42437,71
42438,65
42439,58
42440,57
42441,106
42442,7
42443,3
42444,0
42445,0
42446,0
42447,0
42448,0
42449,46
42450,40
42451,27
42452,2
42453,2
42454,2
42455,2
42456,0
42457,0
42458,0
42459,0
42460,0
42461,0
42462,0
42463,24
42464,18
42465,8
42466,0
42467,0
42468,0
42469,0
42470,2
42471,1
42472,0
42473,0
42474,0
42475,0
42476,0
42477,3
42478,1
42479,0
42480,0
42481,0
42482,0
42483,0
42484,5
42485,3
42486,0
42487,0
42488,0
42489,0
42490,0
42491,0
42492,0
42493,0
42494,0
42495,0
42496,0
42497,0
42498,10
42499,7
42500,0
42501,0
42502,0
42503,0
42504,0
42505,0
42506,0
42507,0
42508,0
42509,0
42510,0
42511,0
42512,10
42513,7
42514,0
42515,0
42516,0
42517,0
42518,0
42519,88
42520,76
42521,44
42522,28
42523,21
42524,22
42525,20
42526,33
42527,25
42528,15
42529,0
42530,0
42531,0
42532,0
42533,2
42534,1
42535,0
42536,0
42537,0
42538,0
42539,0
42540,10
42541,6
42542,0
42543,0
42544,0
42545,0
42546,0
42547,0
42548,0
42549,0
42550,0
42551,0
42552,0
42553,0
42554,0
42555,0
42556,0
42557,0
42558,0
42559,0
42560,0
42561,1
42562,0
42563,0
42564,0
42565,0
42566,0
42567,0
42568,5
42569,2
42570,0
42571,0
42572,0
42573,0
42574,0
42575,15
42576,9
42577,0
42578,0
42579,0
42580,0
42581,0
42582,0
42583,0
42584,0
42585,0
42586,0
42587,0
42588,0
42589,112
42590,93
42591,45
42592,18
42593,12
42594,12
42595,11
42596,2
42597,1
42598,0
42599,0
42600,0
42601,0
42602,0
42603,5
42604,4
42605,0
42606,0
42607,0
42608,0
42609,0
42610,1
42611,0
42612,0
42613,0
42614,0
42615,0
42616,0
42617,1
42618,0
42619,0
42620,0
42621,0
42622,0
42623,0
42624,2
42625,1
42626,0
42627,0
42628,0
42629,0
42630,0
42631,0
42632,0
42633,0
42634,0
42635,0
42636,0
42637,0
42638,3
42639,1
42640,0
42641,0
42642,0
42643,0
42644,0
42645,0
42646,0
42647,0
42648,0
42649,0
42650,0
42651,0
42652,4
42653,2
42654,0
42655,0
42656,0
42657,0
42658,0
42659,81
42660,70
42661,44
42662,23
42663,17
42664,18
42665,16
42666,0
42667,0
42668,0
42669,0
42670,0
42671,0
42672,0
42673,2
42674,0
42675,0
42676,0
42677,0
42678,0
42679,0
42680,1
42681,0
42682,0
42683,0
42684,0
42685,0
42686,0
42687,12
42688,6
42689,0
42690,0
42691,0
42692,0
42693,0
42694,2
42695,1
42696,0
42697,0
42698,0
42699,0
42700,0
42701,31
42702,22
42703,5
42704,0
42705,0
42706,0
42707,0
42708,1
42709,1
42710,0
42711,0
42712,0
42713,0
42714,0
42715,10
42716,4
42717,1
42718,0
42719,0
42720,0
42721,0
42722,1
42723,1
42724,0
42725,0
42726,0
42727,0
42728,0
42729,4
42730,2
42731,0
42732,0
42733,0
42734,0
42735,0
42736,9
42737,8
42738,4
42739,3
42740,0
42741,0
42742,0
42743,2
42744,2
42745,1
42746,1
42747,0
42748,0
42749,0
42750,12
42751,8
42752,2
42753,2
42754,0
42755,0
42756,0
42757,8
42758,8
42759,2
42760,1
42761,0
42762,0
42763,0
42764,52
42765,49
42766,19
42767,18
42768,0
42769,0
42770,0
42771,1
42772,1
42773,0
42774,0
42775,0
42776,0
42777,0
42778,2
42779,1
42780,0
42781,0
42782,0
42783,0
42784,0
42785,3
42786,3
42787,0
42788,0
42789,0
42790,0
42791,0
42792,3
42793,3
42794,1
42795,1
42796,0
42797,0
42798,0
42799,9
42800,8
42801,3
42802,2
42803,0
42804,0
42805,0
42806,1
42807,1
42808,0
42809,0
42810,0
42811,0
42812,0
42813,5
42814,4
42815,2
42816,2
42817,0
42818,0
42819,0
42820,0
42821,0
42822,0
42823,0
42824,0
42825,0
42826,0
42827,0
42828,0
42829,0
42830,0
42831,0
42832,0
42833,0
42834,2
42835,2
42836,1
42837,1
42838,0
42839,0
42840,0
42841,4
42842,3
42843,3
42844,3
42845,0
42846,0
42847,0
42848,1
42849,1
42850,0
42851,0
42852,0
42853,0
42854,0
42855,2
42856,2
42857,0
42858,0
42859,0
42860,0
42861,0
42862,1
42863,1
42864,1
42865,1
42866,0
42867,0
42868,0
42869,3
42870,2
42871,0
42872,0
42873,0
42874,0
42875,0
42876,3
42877,3
42878,1
42879,0
42880,0
42881,0
42882,0
42883,1
42884,1
42885,0
42886,0
42887,0
42888,0
42889,0
42890,25
42891,23
42892,9
42893,9
42894,0
42895,0
42896,0
42897,138
42898,113
42899,61
42900,58
42901,17
42902,12
42903,11
42904,0
42905,0
42906,0
42907,0
42908,0
42909,0
42910,0
42911,13
42912,10
42913,6
42914,6
42915,0
42916,0
42917,0
42918,0
42919,0
42920,0
42921,0
42922,0
42923,0
42924,0
42925,0
42926,0
42927,0
42928,0
42929,0
42930,0
42931,0
42932,1
42933,1
42934,0
42935,0
42936,0
42937,0
42938,0
42939,1
42940,1
42941,0
42942,0
42943,0
42944,0
42945,0
42946,10
42947,9
42948,4
42949,5
42950,0
42951,0
42952,0
42953,4
42954,2
42955,1
42956,1
42957,0
42958,0
42959,0
42960,28
42961,26
42962,8
42963,8
42964,0
42965,0
42966,0
42967,0
42968,0
42969,0
42970,0
42971,0
42972,0
42973,0
42974,1
42975,1
42976,0
42977,0
42978,0
42979,0
42980,0
42981,9
42982,8
42983,4
42984,4
42985,0
42986,0
42987,0
42988,1
42989,1
42990,0
42991,0
42992,0
42993,0
42994,0
42995,0
42996,0
42997,0
42998,0
42999,0
43000,0
43001,0
43002,277
43003,236
43004,104
43005,96
43006,19
43007,10
43008,7
43009,3
43010,3
43011,1
43012,1
43013,0
43014,0
43015,0
43016,1
43017,1
43018,0
43019,0
43020,0
43021,0
43022,0
43023,6
43024,5
43025,1
43026,1
43027,0
43028,0
43029,0
43030,9
43031,9
43032,4
43033,3
43034,0
43035,0
43036,0
43037,5
43038,4
43039,2
43040,2
43041,0
43042,0
43043,0
43044,1
43045,0
43046,0
43047,0
43048,0
43049,0
43050,0
43051,0
43052,0
43053,1
43054,1
43055,0
43056,0
43057,0
43058,4
43059,4
43060,1
43061,1
43062,0
43063,0
43064,0
43065,0
43066,0
43067,0
43068,0
43069,0
43070,0
43071,0
43072,2
43073,1
43074,1
43075,1
43076,0
43077,0
43078,0
43079,1
43080,0
43081,0
43082,0
43083,0
43084,0
43085,0
43086,3
43087,1
43088,1
43089,1
43090,0
43091,0
43092,0
43093,17
43094,16
43095,5
43096,5
43097,0
43098,0
43099,0
43100,91
43101,78
43102,40
43103,39
43104,5
43105,4
43106,4
43107,0
43108,0
43109,0
43110,0
43111,0
43112,0
43113,0
43114,2
43115,1
43116,0
43117,0
43118,0
43119,0
43120,0
43121,15
43122,13
43123,3
43124,3
43125,0
43126,0
43127,0
43128,32
43129,28
43130,9
43131,8
43132,0
43133,0
43134,0
43135,2
43136,2
43137,1
43138,1
43139,0
43140,0
43141,0
43142,3
43143,2
43144,0
43145,0
43146,0
43147,0
43148,0
43149,3
43150,2
43151,2
43152,2
43153,0
43154,0
43155,0
43156,10
43157,8
43158,4
43159,3
43160,0
43161,0
43162,0
43163,23
43164,19
43165,9
43166,8
43167,0
43168,0
43169,0
43170,3
43171,2
43172,0
43173,0
43174,0
43175,0
43176,0
43177,0
43178,0
43179,0
43180,0
43181,0
43182,0
43183,0
43184,1
43185,1
43186,0
43187,0
43188,0
43189,0
43190,0
43191,1
43192,1
43193,0
43194,0
43195,0
43196,0
43197,0
43198,1
43199,1
43200,1
43201,1
43202,0
43203,0
43204,0
43205,4
43206,4
43207,1
43208,1
43209,0
43210,0
43211,0
43212,2
43213,2
43214,1
43215,1
43216,0
43217,0
43218,0
43219,6
43220,5
43221,3
43222,3
43223,0
43224,0
43225,0
43226,0
43227,0
43228,0
43229,0
43230,0
43231,0
43232,0
43233,3
43234,3
43235,1
43236,1
43237,0
43238,0
43239,0
43240,161
43241,92
43242,82
43243,47
43244,17
43245,5
43246,2
43247,220
43248,158
43249,150
43250,121
43251,61
43252,32
43253,27
43254,379
43255,176
43256,159
43257,110
43258,53
43259,39
43260,44
43261,84
43262,42
43263,36
43264,19
43265,8
43266,1
43267,3
43268,106
43269,63
43270,58
43271,35
43272,9
43273,0
43274,0
43275,177
43276,111
43277,100
43278,68
43279,26
43280,10
43281,10
43282,105
43283,49
43284,42
43285,26
43286,9
43287,1
43288,2
43289,273
43290,145
43291,130
43292,96
43293,48
43294,32
43295,30
43296,134
43297,69
43298,58
43299,27
43300,5
43301,0
43302,0
43303,114
43304,66
43305,57
43306,35
43307,6
43308,0
43309,0
43310,166
43311,64
43312,52
43313,23
43314,0
43315,0
43316,0
43317,105
43318,55
43319,49
43320,26
43321,7
43322,0
43323,0
43324,102
43325,55
43326,44
43327,19
43328,4
43329,0
43330,0
43331,120
43332,48
43333,43
43334,25
43335,11
43336,3
43337,3
43338,563
43339,264
43340,240
43341,160
43342,63
43343,42
43344,46
43345,195
43346,114
43347,100
43348,67
43349,12
43350,0
43351,0
43352,90
43353,51
43354,47
43355,30
43356,8
43357,0
43358,0
43359,205
43360,80
43361,69
43362,46
43363,16
43364,6
43365,11
43366,119
43367,62
43368,52
43369,20
43370,4
43371,0
43372,0
43373,365
43374,165
43375,149
43376,106
43377,40
43378,19
43379,17
43380,129
43381,65
43382,59
43383,35
43384,14
43385,2
43386,0
43387,245
43388,131
43389,116
43390,88
43391,33
43392,18
43393,17
43394,103
43395,24
43396,19
43397,9
43398,5
43399,0
43400,5
43401,156
43402,86
43403,76
43404,48
43405,13
43406,4
43407,6
43408,71
43409,29
43410,23
43411,10
43412,1
43413,0
43414,0
43415,147
43416,74
43417,68
43418,42
43419,14
43420,4
43421,2
43422,92
43423,45
43424,40
43425,20
43426,9
43427,0
43428,0
43429,178
43430,75
43431,67
43432,32
43433,3
43434,0
43435,0
43436,518
43437,262
43438,232
43439,137
43440,53
43441,33
43442,29
43443,299
43444,166
43445,150
43446,119
43447,65
43448,51
43449,52
43450,168
43451,111
43452,99
43453,74
43454,38
43455,25
43456,23
43457,105
43458,66
43459,59
43460,36
43461,12
43462,0
43463,0
43464,56
43465,23
43466,21
43467,7
43468,3
43469,1
43470,1
43471,324
43472,145
43473,130
43474,83
43475,48
43476,38
43477,42
43478,172
43479,80
43480,74
43481,40
43482,12
43483,0
43484,0
43485,113
43486,49
43487,42
43488,19
43489,4
43490,0
43491,0
43492,268
43493,158
43494,141
43495,109
43496,54
43497,34
43498,34
43499,103
43500,75
43501,69
43502,42
43503,16
43504,3
43505,0
43506,78
43507,30
43508,25
43509,13
43510,5
43511,1
43512,1
43513,158
43514,88
43515,80
43516,51
43517,13
43518,0
43519,0
43520,27
43521,11
43522,9
43523,9
43524,3
43525,0
43526,0
43527,98
43528,54
43529,47
43530,24
43531,8
43532,0
43533,0
43534,348
43535,170
43536,153
43537,115
43538,49
43539,32
43540,46
43541,459
43542,275
43543,244
43544,238
43545,117
43546,126
43547,143
43548,301
43549,220
43550,206
43551,203
43552,88
43553,90
43554,89
43555,76
43556,39
43557,35
43558,33
43559,0
43560,5
43561,11
43562,21
43563,6
43564,4
43565,3
43566,0
43567,0
43568,2
43569,509
43570,240
43571,215
43572,215
43573,92
43574,104
43575,130
43576,133
43577,72
43578,61
43579,54
43580,4
43581,8
43582,18
43583,93
43584,30
43585,25
43586,23
43587,5
43588,8
43589,17
43590,4
43591,2
43592,2
43593,1
43594,0
43595,0
43596,1
43597,67
43598,63
43599,54
43600,49
43601,0
43602,1
43603,7
43604,147
43605,97
43606,90
43607,84
43608,18
43609,19
43610,20
43611,72
43612,43
43613,37
43614,34
43615,1
43616,3
43617,9
43618,352
43619,228
43620,208
43621,200
43622,87
43623,88
43624,95
43625,553
43626,375
43627,336
43628,331
43629,162
43630,158
43631,170
43632,260
43633,176
43634,159
43635,154
43636,41
43637,41
43638,41
43639,220
43640,139
43641,129
43642,127
43643,40
43644,43
43645,43
43646,218
43647,121
43648,101
43649,97
43650,13
43651,16
43652,28
43653,283
43654,187
43655,169
43656,177
43657,66
43658,64
43659,81
43660,166
43661,121
43662,111
43663,109
43664,24
43665,20
43666,25
43667,28
43668,13
43669,11
43670,7
43671,1
43672,4
43673,7
43674,124
43675,59
43676,52
43677,50
43678,6
43679,11
43680,18
43681,82
43682,50
43683,45
43684,42
43685,2
43686,7
43687,13
43688,63
43689,39
43690,33
43691,29
43692,2
43693,5
43694,9
43695,207
43696,95
43697,87
43698,82
43699,20
43700,25
43701,33
43702,4
43703,3
43704,3
43705,2
43706,1
43707,1
43708,2
43709,1199
43710,584
43711,543
43712,550
43713,231
43714,240
43715,293
43716,391
43717,329
43718,300
43719,294
43720,119
43721,112
43722,129
43723,12
43724,6
43725,6
43726,5
43727,0
43728,0
43729,1
43730,94
43731,51
43732,43
43733,33
43734,2
43735,7
43736,16
43737,89
43738,48
43739,41
43740,38
43741,7
43742,11
43743,19
43744,450
43745,231
43746,211
43747,200
43748,66
43749,71
43750,82
43751,380
43752,232
43753,215
43754,220
43755,110
43756,113
43757,121
43758,271
43759,173
43760,158
43761,150
43762,53
43763,52
43764,61
43765,90
43766,54
43767,48
43768,47
43769,5
43770,8
43771,18
43772,550
43773,282
43774,254
43775,244
43776,126
43777,135
43778,158
43779,261
43780,127
43781,112
43782,106
43783,33
43784,36
43785,42
43786,235
43787,107
43788,97
43789,101
43790,9
43791,10
43792,26
43793,912
43794,442
43795,398
43796,386
43797,127
43798,135
43799,141
43800,126
43801,82
43802,73
43803,72
43804,13
43805,13
43806,17
43807,43
43808,19
43809,17
43810,15
43811,0
43812,4
43813,7
43814,284
43815,149
43816,135
43817,123
43818,41
43819,43
43820,55
43821,23
43822,9
43823,8
43824,8
43825,0
43826,2
43827,3
43828,133
43829,89
43830,79
43831,72
43832,12
43833,16
43834,25
43835,466
43836,364
43837,330
43838,330
43839,165
43840,164
43841,173
43842,155
43843,84
43844,67
43845,61
43846,0
43847,0
43848,4
43849,68
43850,61
43851,57
43852,50
43853,11
43854,12
43855,16
43856,232
43857,126
43858,117
43859,117
43860,35
43861,38
43862,46
43863,6
43864,4
43865,3
43866,4
43867,1
43868,2
43869,3
43870,268
43871,140
43872,127
43873,118
43874,42
43875,46
43876,49
43877,553
43878,262
43879,238
43880,243
43881,133
43882,143
43883,174
43884,195
43885,101
43886,84
43887,80
43888,7
43889,8
43890,19
43891,154
43892,116
43893,108
43894,102
43895,21
43896,20
43897,23
43898,42
43899,16
43900,13
43901,6
43902,0
43903,3
43904,8
43905,196
43906,162
43907,144
43908,143
43909,31
43910,27
43911,23
43912,325
43913,198
43914,177
43915,166
43916,38
43917,41
43918,42
43919,78
43920,43
43921,36
43922,33
43923,6
43924,9
43925,16
43926,54
43927,26
43928,21
43929,18
43930,0
43931,4
43932,9
43933,94
43934,41
43935,34
43936,33
43937,4
43938,9
43939,16
43940,239
43941,163
43942,148
43943,144
43944,40
43945,38
43946,37
43947,194
43948,174
43949,160
43950,157
43951,54
43952,52
43953,51
43954,324
43955,194
43956,170
43957,170
43958,29
43959,25
43960,26
43961,159
43962,129
43963,122
43964,113
43965,20
43966,21
43967,18
43968,84
43969,71
43970,61
43971,51
43972,2
43973,8
43974,14
43975,15
43976,11
43977,10
43978,8
43979,1
43980,2
43981,3
43982,182
43983,125
43984,108
43985,104
43986,18
43987,18
43988,22
43989,72
43990,25
43991,21
43992,20
43993,3
43994,5
43995,12
43996,124
43997,104
43998,91
43999,89
44000,12
44001,14
44002,19
44003,583
44004,290
44005,256
44006,261
44007,100
44008,105
44009,148
44010,63
44011,36
44012,33
44013,28
44014,5
44015,10
44016,17
44017,126
44018,109
44019,56
44020,9
44021,3
44022,2
44023,1
44024,201
44025,179
44026,103
44027,48
44028,40
44029,43
44030,41
44031,19
44032,14
44033,3
44034,0
44035,0
44036,0
44037,0
44038,1
44039,1
44040,0
44041,0
44042,0
44043,0
44044,0
44045,26
44046,20
44047,4
44048,0
44049,0
44050,0
44051,0
44052,7
44053,5
44054,0
44055,0
44056,0
44057,0
44058,0
44059,16
44060,11
44061,1
44062,0
44063,0
44064,0
44065,0
44066,101
44067,85
44068,49
44069,13
44070,5
44071,7
44072,5
44073,17
44074,13
44075,2
44076,1
44077,1
44078,1
44079,1
44080,26
44081,20
44082,7
44083,1
44084,0
44085,1
44086,1
44087,14
44088,11
44089,1
44090,0
44091,0
44092,0
44093,0
44094,35
44095,29
44096,10
44097,0
44098,0
44099,0
44100,0
44101,10
44102,8
44103,1
44104,0
44105,0
44106,0
44107,0
44108,41
44109,36
44110,13
44111,1
44112,1
44113,0
44114,0
44115,1
44116,1
44117,0
44118,0
44119,0
44120,0
44121,0
44122,18
44123,15
44124,2
44125,0
44126,0
44127,0
44128,0
44129,39
44130,29
44131,11
44132,0
44133,0
44134,0
44135,0
44136,21
44137,17
44138,3
44139,0
44140,0
44141,0
44142,0
44143,79
44144,61
44145,26
44146,1
44147,0
44148,0
44149,0
44150,7
44151,5
44152,0
44153,0
44154,0
44155,0
44156,0
44157,89
44158,76
44159,46
44160,8
44161,0
44162,0
44163,0
44164,10
44165,7
44166,0
44167,0
44168,0
44169,0
44170,0
44171,15
44172,12
44173,2
44174,0
44175,0
44176,0
44177,0
44178,27
44179,19
44180,4
44181,1
44182,1
44183,0
44184,0
44185,4
44186,3
44187,0
44188,0
44189,0
44190,0
44191,0
44192,11
44193,8
44194,0
44195,0
44196,0
44197,0
44198,0
44199,4
44200,3
44201,0
44202,0
44203,0
44204,0
44205,0
44206,74
44207,64
44208,35
44209,13
44210,7
44211,9
44212,7
44213,7
44214,6
44215,1
44216,0
44217,0
44218,0
44219,0
44220,291
44221,259
44222,152
44223,63
44224,49
44225,65
44226,64
44227,25
44228,19
44229,5
44230,1
44231,1
44232,1
44233,0
44234,89
44235,76
44236,44
44237,7
44238,1
44239,1
44240,0
44241,2
44242,1
44243,0
44244,0
44245,0
44246,0
44247,0
44248,12
44249,9
44250,1
44251,0
44252,0
44253,0
44254,0
44255,43
44256,36
44257,10
44258,1
44259,1
44260,1
44261,0
44262,43
44263,34
44264,16
44265,0
44266,0
44267,0
44268,0
44269,54
44270,40
44271,19
44272,3
44273,1
44274,1
44275,0
44276,1
44277,1
44278,0
44279,0
44280,0
44281,0
44282,0
44283,80
44284,69
44285,36
44286,8
44287,2
44288,2
44289,2
44290,28
44291,23
44292,4
44293,0
44294,0
44295,0
44296,0
44297,1
44298,0
44299,0
44300,0
44301,0
44302,0
44303,0
44304,50
44305,42
44306,27
44307,3
44308,1
44309,2
44310,2
44311,25
44312,17
44313,9
44314,0
44315,0
44316,0
44317,0
44318,41
44319,35
44320,13
44321,2
44322,1
44323,1
44324,1
44325,5
44326,3
44327,0
44328,0
44329,0
44330,0
44331,0
44332,2
44333,1
44334,0
44335,0
44336,0
44337,0
44338,0
44339,110
44340,96
44341,56
44342,11
44343,3
44344,3
44345,2
44346,6
44347,4
44348,0
44349,0
44350,0
44351,0
44352,0
44353,19
44354,14
44355,2
44356,0
44357,0
44358,0
44359,0
44360,470
44361,409
44362,212
44363,81
44364,59
44365,79
44366,78
44367,53
44368,40
44369,17
44370,1
44371,0
44372,0
44373,0
44374,17
44375,12
44376,2
44377,0
44378,0
44379,0
44380,0
44381,31
44382,25
44383,6
44384,0
44385,0
44386,0
44387,0
44388,34
44389,28
44390,5
44391,0
44392,0
44393,0
44394,0
44395,68
44396,57
44397,19
44398,1
44399,0
44400,0
44401,0
44402,30
44403,23
44404,5
44405,0
44406,0
44407,0
44408,0
44409,27
44410,20
44411,3
44412,1
44413,0
44414,0
44415,0
44416,4
44417,3
44418,2
44419,0
44420,0
44421,0
44422,0
44423,57
44424,48
44425,22
44426,2
44427,1
44428,0
44429,0
44430,46
44431,38
44432,17
44433,2
44434,1
44435,1
44436,1
44437,5
44438,4
44439,0
44440,0
44441,0
44442,0
44443,0
44444,95
44445,83
44446,47
44447,13
44448,5
44449,5
44450,4
44451,186
44452,163
44453,97
44454,52
44455,45
44456,52
44457,49
44458,4
44459,2
44460,0
44461,0
44462,0
44463,0
44464,0
44465,115
44466,90
44467,42
44468,10
44469,5
44470,3
44471,2
44472,24
44473,15
44474,3
44475,0
44476,0
44477,0
44478,0
44479,6
44480,5
44481,1
44482,0
44483,0
44484,0
44485,0
44486,63
44487,53
44488,23
44489,2
44490,2
44491,2
44492,2
44493,56
44494,48
44495,28
44496,14
44497,12
44498,12
44499,10
44500,8
44501,6
44502,0
44503,0
44504,0
44505,0
44506,0
44507,35
44508,27
44509,8
44510,1
44511,1
44512,1
44513,1
44514,2
44515,1
44516,0
44517,0
44518,0
44519,0
44520,0
44521,38
44522,32
44523,9
44524,1
44525,0
44526,0
44527,0
44528,2
44529,1
44530,0
44531,0
44532,0
44533,0
44534,0
44535,55
44536,47
44537,19
44538,1
44539,0
44540,0
44541,0
44542,125
44543,103
44544,51
44545,14
44546,4
44547,3
44548,1
44549,30
44550,24
44551,5
44552,1
44553,1
44554,1
44555,1
44556,13
44557,9
44558,1
44559,0
44560,0
44561,0
44562,0
44563,53
44564,42
44565,18
44566,1
44567,1
44568,1
44569,0
44570,31
44571,25
44572,3
44573,0
44574,0
44575,0
44576,0
44577,58
44578,49
44579,22
44580,3
44581,1
44582,1
44583,1
44584,22
44585,18
44586,4
44587,0
44588,0
44589,0
44590,0
44591,18
44592,14
44593,2
44594,0
44595,0
44596,0
44597,0
44598,19
44599,15
44600,1
44601,0
44602,0
44603,0
44604,0
44605,75
44606,63
44607,31
44608,2
44609,0
44610,0
44611,0
44612,9
44613,6
44614,0
44615,0
44616,0
44617,0
44618,0
44619,33
44620,28
44621,3
44622,1
44623,0
44624,0
44625,0
44626,2
44627,1
44628,0
44629,0
44630,0
44631,0
44632,0
44633,35
44634,34
44635,29
44636,3
44637,1
44638,7
44639,12
44640,127
44641,199
44642,167
44643,48
44644,30
44645,46
44646,51
44647,61
44648,61
44649,48
44650,6
44651,0
44652,9
44653,18
44654,151
44655,196
44656,170
44657,30
44658,11
44659,41
44660,66
44661,23
44662,21
44663,13
44664,0
44665,0
44666,2
44667,5
44668,54
44669,65
44670,49
44671,0
44672,0
44673,7
44674,22
44675,116
44676,136
44677,106
44678,23
44679,17
44680,29
44681,36
44682,0
44683,0
44684,0
44685,0
44686,0
44687,0
44688,0
44689,32
44690,27
44691,20
44692,1
44693,0
44694,2
44695,7
44696,18
44697,15
44698,11
44699,0
44700,0
44701,1
44702,3
44703,252
44704,289
44705,246
44706,87
44707,72
44708,93
44709,109
44710,83
44711,95
44712,74
44713,8
44714,2
44715,13
44716,30
44717,74
44718,96
44719,80
44720,16
44721,9
44722,20
44723,38
44724,115
44725,144
44726,122
44727,26
44728,18
44729,30
44730,43
44731,51
44732,47
44733,38
44734,2
44735,0
44736,4
44737,13
44738,94
44739,128
44740,108
44741,25
44742,16
44743,26
44744,45
44745,105
44746,116
44747,95
44748,6
44749,3
44750,16
44751,37
44752,69
44753,85
44754,66
44755,7
44756,4
44757,16
44758,33
44759,108
44760,122
44761,103
44762,20
44763,9
44764,20
44765,33
44766,111
44767,99
44768,83
44769,8
44770,5
44771,16
44772,25
44773,76
44774,106
44775,82
44776,13
44777,8
44778,20
44779,31
44780,169
44781,249
44782,213
44783,39
44784,16
44785,49
44786,63
44787,27
44788,34
44789,24
44790,2
44791,0
44792,6
44793,16
44794,125
44795,165
44796,145
44797,24
44798,13
44799,33
44800,50
44801,77
44802,98
44803,80
44804,13
44805,9
44806,20
44807,39
44808,109
44809,125
44810,103
44811,20
44812,10
44813,21
44814,35
44815,86
44816,113
44817,84
44818,11
44819,8
44820,20
44821,36
44822,14
44823,12
44824,9
44825,0
44826,0
44827,2
44828,3
44829,18
44830,18
44831,14
44832,0
44833,0
44834,2
44835,5
44836,38
44837,35
44838,27
44839,0
44840,0
44841,4
44842,9
44843,70
44844,115
44845,100
44846,20
44847,17
44848,31
44849,63
44850,153
44851,200
44852,162
44853,36
44854,26
44855,44
44856,58
44857,15
44858,10
44859,8
44860,0
44861,0
44862,1
44863,2
44864,102
44865,103
44866,88
44867,16
44868,11
44869,23
44870,38
44871,102
44872,133
44873,109
44874,24
44875,18
44876,27
44877,44
44878,95
44879,118
44880,96
44881,8
44882,9
44883,23
44884,43
44885,56
44886,59
44887,45
44888,10
44889,5
44890,12
44891,22
44892,150
44893,184
44894,150
44895,22
44896,14
44897,33
44898,48
44899,71
44900,78
44901,61
44902,1
44903,0
44904,12
44905,28
44906,388
44907,492
44908,400
44909,58
44910,43
44911,97
44912,116
44913,237
44914,295
44915,246
44916,55
44917,56
44918,81
44919,101
44920,81
44921,80
44922,55
44923,9
44924,3
44925,14
44926,25
44927,110
44928,154
44929,123
44930,32
44931,24
44932,38
44933,46
44934,48
44935,83
44936,65
44937,12
44938,2
44939,18
44940,32
44941,80
44942,65
44943,56
44944,4
44945,3
44946,10
44947,22
44948,185
44949,211
44950,174
44951,50
44952,42
44953,60
44954,69
44955,2
44956,2
44957,1
44958,0
44959,0
44960,0
44961,0
44962,78
44963,115
44964,94
44965,23
44966,12
44967,25
44968,42
44969,239
44970,290
44971,244
44972,37
44973,30
44974,64
44975,88
44976,272
44977,286
44978,244
44979,41
44980,33
44981,64
44982,87
44983,84
44984,115
44985,88
44986,23
44987,10
44988,22
44989,41
44990,86
44991,88
44992,68
44993,11
44994,6
44995,13
44996,26
44997,46
44998,46
44999,36
45000,0
45001,0
45002,4
45003,15
45004,97
45005,151
45006,124
45007,22
45008,7
45009,27
45010,41
45011,53
45012,65
45013,51
45014,6
45015,2
45016,11
45017,21
45018,55
45019,76
45020,64
45021,11
45022,2
45023,12
45024,29
45025,14
45026,11
45027,9
45028,2
45029,1
45030,2
45031,3
45032,64
45033,53
45034,47
45035,13
45036,5
45037,7
45038,14
45039,238
45040,299
45041,257
45042,80
45043,61
45044,84
45045,91
45046,109
45047,105
45048,86
45049,10
45050,5
45051,18
45052,32
45053,87
45054,113
45055,96
45056,19
45057,13
45058,24
45059,38
45060,125
45061,170
45062,137
45063,30
45064,16
45065,34
45066,37
45067,0
45068,0
45069,0
45070,0
45071,0
45072,0
45073,1
45074,93
45075,121
45076,101
45077,11
45078,7
45079,20
45080,43
45081,162
45082,207
45083,176
45084,32
45085,21
45086,39
45087,53
45088,232
45089,263
45090,223
45091,42
45092,27
45093,54
45094,80
45095,16
45096,13
45097,8
45098,0
45099,0
45100,2
45101,3
45102,65
45103,59
45104,48
45105,4
45106,0
45107,7
45108,20
45109,45
45110,17
45111,14
45112,3
45113,2
45114,1
45115,1
45116,7
45117,3
45118,3
45119,0
45120,0
45121,0
45122,0
45123,9
45124,3
45125,2
45126,0
45127,0
45128,0
45129,0
45130,2
45131,0
45132,0
45133,0
45134,0
45135,0
45136,0
45137,120
45138,44
45139,37
45140,22
45141,8
45142,0
45143,0
45144,0
45145,0
45146,0
45147,0
45148,0
45149,0
45150,0
45151,9
45152,2
45153,1
45154,0
45155,0
45156,0
45157,0
45158,8
45159,3
45160,2
45161,0
45162,0
45163,0
45164,0
45165,0
45166,0
45167,0
45168,0
45169,0
45170,0
45171,0
45172,16
45173,6
45174,6
45175,0
45176,0
45177,0
45178,0
45179,4
45180,1
45181,1
45182,0
45183,0
45184,0
45185,0
45186,97
45187,39
45188,35
45189,6
45190,2
45191,4
45192,9
45193,47
45194,19
45195,16
45196,6
45197,2
45198,0
45199,0
45200,0
45201,0
45202,0
45203,0
45204,0
45205,0
45206,0
45207,38
45208,13
45209,10
45210,1
45211,0
45212,0
45213,0
45214,30
45215,12
45216,9
45217,1
45218,1
45219,0
45220,0
45221,6
45222,2
45223,1
45224,0
45225,0
45226,0
45227,0
45228,8
45229,3
45230,2
45231,0
45232,0
45233,0
45234,0
45235,2
45236,0
45237,0
45238,0
45239,0
45240,0
45241,0
45242,1
45243,2
45244,2
45245,1
45246,1
45247,0
45248,0
45249,63
45250,27
45251,24
45252,19
45253,9
45254,1
45255,1
45256,15
45257,5
45258,4
45259,0
45260,0
45261,0
45262,0
45263,0
45264,0
45265,0
45266,0
45267,0
45268,0
45269,0
45270,29
45271,6
45272,3
45273,0
45274,0
45275,0
45276,0
45277,32
45278,12
45279,9
45280,2
45281,0
45282,0
45283,0
45284,1
45285,0
45286,0
45287,0
45288,0
45289,0
45290,0
45291,25
45292,9
45293,7
45294,0
45295,0
45296,0
45297,0
45298,3
45299,1
45300,1
45301,0
45302,0
45303,0
45304,0
45305,2
45306,0
45307,0
45308,0
45309,0
45310,0
45311,0
45312,18
45313,7
45314,5
45315,0
45316,0
45317,0
45318,0
45319,10
45320,2
45321,1
45322,0
45323,0
45324,0
45325,0
45326,22
45327,8
45328,6
45329,0
45330,0
45331,0
45332,0
45333,16
45334,6
45335,5
45336,1
45337,0
45338,0
45339,0
45340,121
45341,58
45342,51
45343,23
45344,5
45345,0
45346,0
45347,19
45348,6
45349,5
45350,1
45351,0
45352,0
45353,0
45354,8
45355,3
45356,2
45357,0
45358,0
45359,0
45360,0
45361,7
45362,1
45363,1
45364,0
45365,0
45366,0
45367,0
45368,17
45369,9
45370,7
45371,0
45372,0
45373,0
45374,0
45375,7
45376,0
45377,0
45378,0
45379,0
45380,0
45381,0
45382,1
45383,0
45384,0
45385,0
45386,0
45387,0
45388,0
45389,14
45390,7
45391,6
45392,0
45393,0
45394,0
45395,0
45396,29
45397,9
45398,7
45399,1
45400,0
45401,0
45402,0
45403,0
45404,0
45405,0
45406,0
45407,0
45408,0
45409,0
45410,47
45411,16
45412,11
45413,1
45414,0
45415,0
45416,1
45417,39
45418,21
45419,19
45420,13
45421,6
45422,4
45423,12
45424,10
45425,5
45426,5
45427,1
45428,0
45429,0
45430,0
45431,2
45432,0
45433,0
45434,0
45435,0
45436,0
45437,0
45438,7
45439,2
45440,1
45441,0
45442,0
45443,0
45444,0
45445,122
45446,57
45447,46
45448,27
45449,7
45450,0
45451,0
45452,17
45453,4
45454,3
45455,0
45456,0
45457,0
45458,0
45459,8
45460,1
45461,1
45462,0
45463,0
45464,0
45465,0
45466,9
45467,1
45468,0
45469,0
45470,0
45471,0
45472,0
45473,0
45474,1
45475,1
45476,0
45477,0
45478,0
45479,0
45480,10
45481,4
45482,4
45483,0
45484,0
45485,0
45486,0
45487,18
45488,4
45489,2
45490,0
45491,0
45492,0
45493,0
45494,0
45495,0
45496,0
45497,0
45498,0
45499,0
45500,0
45501,0
45502,1
45503,1
45504,0
45505,0
45506,0
45507,0
45508,17
45509,5
45510,3
45511,0
45512,0
45513,0
45514,0
45515,26
45516,8
45517,4
45518,0
45519,0
45520,0
45521,0
45522,29
45523,13
45524,11
45525,1
45526,0
45527,0
45528,0
45529,2
45530,1
45531,0
45532,0
45533,0
45534,0
45535,0
45536,0
45537,0
45538,0
45539,0
45540,0
45541,0
45542,0
45543,38
45544,14
45545,12
45546,2
45547,0
45548,0
45549,0
45550,10
45551,5
45552,4
45553,0
45554,0
45555,0
45556,0
45557,1193
45558,786
45559,686
45560,643
45561,606
45562,636
45563,914
45564,1305
45565,971
45566,888
45567,844
45568,796
45569,800
45570,979
45571,418
45572,230
45573,198
45574,177
45575,154
45576,160
45577,258
45578,308
45579,234
45580,203
45581,170
45582,155
45583,160
45584,211
45585,1038
45586,535
45587,448
45588,383
45589,337
45590,348
45591,597
45592,271
45593,109
45594,97
45595,83
45596,81
45597,90
45598,160
45599,1840
45600,975
45601,843
45602,785
45603,757
45604,843
45605,1376
45606,373
45607,291
45608,252
45609,223
45610,199
45611,197
45612,239
45613,142
45614,89
45615,82
45616,72
45617,64
45618,63
45619,87
45620,281
45621,86
45622,76
45623,69
45624,76
45625,86
45626,188
45627,444
45628,315
45629,275
45630,244
45631,231
45632,235
45633,300
45634,353
45635,265
45636,240
45637,228
45638,210
45639,203
45640,229
45641,208
45642,197
45643,181
45644,173
45645,156
45646,149
45647,145
45648,985
45649,727
45650,660
45651,635
45652,617
45653,627
45654,774
45655,260
45656,108
45657,94
45658,80
45659,73
45660,78
45661,135
45662,198
45663,167
45664,145
45665,133
45666,117
45667,116
45668,158
45669,1075
45670,768
45671,674
45672,614
45673,537
45674,542
45675,691
45676,314
45677,201
45678,172
45679,159
45680,147
45681,154
45682,203
45683,704
45684,545
45685,476
45686,427
45687,381
45688,387
45689,514
45690,225
45691,142
45692,129
45693,117
45694,106
45695,104
45696,134
45697,391
45698,218
45699,196
45700,187
45701,181
45702,196
45703,300
45704,712
45705,532
45706,470
45707,429
45708,397
45709,394
45710,472
45711,172
45712,95
45713,85
45714,80
45715,72
45716,71
45717,108
45718,1235
45719,753
45720,676
45721,657
45722,645
45723,683
45724,949
45725,299
45726,161
45727,145
45728,134
45729,128
45730,137
45731,201
45732,406
45733,219
45734,184
45735,161
45736,143
45737,154
45738,257
45739,354
45740,211
45741,192
45742,182
45743,160
45744,159
45745,228
45746,597
45747,521
45748,468
45749,451
45750,431
45751,425
45752,521
45753,237
45754,139
45755,123
45756,109
45757,97
45758,94
45759,131
45760,788
45761,347
45762,309
45763,275
45764,270
45765,286
45766,496
45767,571
45768,353
45769,309
45770,281
45771,252
45772,262
45773,388
45774,474
45775,359
45776,331
45777,311
45778,285
45779,290
45780,361
45781,400
45782,361
45783,306
45784,268
45785,227
45786,228
45787,261
45788,824
45789,327
45790,291
45791,273
45792,280
45793,321
45794,594
45795,527
45796,438
45797,380
45798,357
45799,347
45800,352
45801,398
45802,2233
45803,1187
45804,1094
45805,1018
45806,986
45807,1050
45808,1641
45809,551
45810,560
45811,498
45812,458
45813,414
45814,402
45815,444
45816,724
45817,422
45818,381
45819,357
45820,331
45821,355
45822,556
45823,325
45824,265
45825,238
45826,225
45827,208
45828,210
45829,258
45830,1026
45831,754
45832,679
45833,628
45834,579
45835,584
45836,730
45837,341
45838,223
45839,202
45840,190
45841,170
45842,168
45843,215
45844,631
45845,265
45846,232
45847,210
45848,213
45849,237
45850,420
45851,196
45852,124
45853,107
45854,87
45855,69
45856,74
45857,104
45858,155
45859,96
45860,81
45861,69
45862,59
45863,61
45864,85
45865,1570
45866,906
45867,810
45868,745
45869,669
45870,690
45871,1008
45872,168
45873,182
45874,165
45875,152
45876,136
45877,133
45878,127
45879,350
45880,220
45881,192
45882,171
45883,159
45884,165
45885,221
45886,976
45887,615
45888,553
45889,528
45890,511
45891,536
45892,774
45893,814
45894,627
45895,564
45896,511
45897,485
45898,497
45899,617
45900,670
45901,153
45902,131
45903,118
45904,117
45905,145
45906,425
45907,241
45908,184
45909,166
45910,157
45911,142
45912,135
45913,151
45914,645
45915,390
45916,352
45917,330
45918,310
45919,328
45920,470
45921,387
45922,263
45923,239
45924,227
45925,214
45926,224
45927,313
45928,442
45929,257
45930,228
45931,213
45932,196
45933,193
45934,275
45935,1092
45936,616
45937,537
45938,505
45939,485
45940,522
45941,794
45942,1139
45943,690
45944,604
45945,564
45946,555
45947,574
45948,845
45949,840
45950,363
45951,321
45952,289
45953,267
45954,292
45955,540
45956,2861
45957,1636
45958,1481
45959,1339
45960,1283
45961,1380
45962,2114
45963,310
45964,223
45965,196
45966,188
45967,178
45968,183
45969,241
45970,841
45971,567
45972,525
45973,509
45974,480
45975,472
45976,619
45977,684
45978,595
45979,518
45980,477
45981,459
45982,452
45983,512
45984,255
45985,133
45986,120
45987,104
45988,83
45989,86
45990,142
45991,433
45992,246
45993,224
45994,208
45995,192
45996,193
45997,281
45998,680
45999,449
46000,398
46001,371
46002,348
46003,356
46004,470
46005,513
46006,422
46007,375
46008,348
46009,327
46010,333
46011,412
46012,198
46013,116
46014,104
46015,87
46016,80
46017,81
46018,121
46019,104
46020,77
46021,71
46022,63
46023,60
46024,60
46025,69
46026,616
46027,759
46028,671
46029,607
46030,544
46031,525
46032,516
46033,209
46034,79
46035,69
46036,64
46037,65
46038,73
46039,133
46040,323
46041,182
46042,159
46043,141
46044,119
46045,123
46046,190
46047,599
46048,439
46049,393
46050,362
46051,325
46052,334
46053,427
46054,900
46055,763
46056,667
46057,601
46058,551
46059,540
46060,623
46061,400
46062,268
46063,224
46064,199
46065,194
46066,202
46067,278
46068,487
46069,414
46070,376
46071,350
46072,332
46073,335
46074,399
46075,954
46076,534
46077,476
46078,445
46079,423
46080,452
46081,693
46082,476
46083,374
46084,372
46085,343
46086,297
46087,287
46088,321
46089,249
46090,167
46091,161
46092,143
46093,121
46094,117
46095,155
46096,1122
46097,486
46098,427
46099,399
46100,404
46101,454
46102,795
46103,749
46104,396
46105,359
46106,341
46107,352
46108,373
46109,574
46110,487
46111,267
46112,234
46113,216
46114,209
46115,218
46116,328
46117,482
46118,403
46119,373
46120,340
46121,307
46122,306
46123,351
46124,265
46125,163
46126,135
46127,120
46128,112
46129,120
46130,189
46131,518
46132,504
46133,442
46134,403
46135,364
46136,359
46137,343
46138,1104
46139,779
46140,693
46141,635
46142,607
46143,617
46144,832
46145,77
46146,48
46147,46
46148,29
46149,28
46150,30
46151,50
46152,632
46153,323
46154,293
46155,290
46156,292
46157,314
46158,465
46159,636
46160,398
46161,370
46162,358
46163,327
46164,321
46165,444
46166,290
46167,207
46168,177
46169,165
46170,148
46171,150
46172,204
46173,311
46174,211
46175,184
46176,160
46177,145
46178,147
46179,184
46180,276
46181,114
46182,102
46183,91
46184,86
46185,91
46186,167
46187,180
46188,90
46189,78
46190,70
46191,70
46192,75
46193,109
46194,1077
46195,819
46196,724
46197,696
46198,655
46199,663
46200,828
46201,853
46202,729
46203,640
46204,585
46205,557
46206,560
46207,640
46208,305
46209,289
46210,257
46211,228
46212,208
46213,203
46214,196
46215,798
46216,322
46217,278
46218,252
46219,257
46220,292
46221,535
46222,475
46223,296
46224,270
46225,261
46226,254
46227,266
46228,346
46229,625
46230,544
46231,500
46232,469
46233,432
46234,435
46235,494
46236,294
46237,342
46238,303
46239,261
46240,233
46241,224
46242,212
46243,586
46244,324
46245,292
46246,284
46247,277
46248,295
46249,441
46250,417
46251,227
46252,209
46253,199
46254,183
46255,188
46256,274
46257,688
46258,558
46259,466
46260,431
46261,407
46262,409
46263,519
46264,204
46265,75
46266,66
46267,58
46268,53
46269,58
46270,112
46271,549
46272,546
46273,477
46274,430
46275,384
46276,374
46277,427
46278,153
46279,106
46280,98
46281,92
46282,84
46283,84
46284,97
46285,1705
46286,896
46287,784
46288,748
46289,713
46290,775
46291,1217
46292,466
46293,284
46294,250
46295,227
46296,219
46297,229
46298,308
46299,280
46300,224
46301,200
46302,188
46303,177
46304,177
46305,211
46306,457
46307,267
46308,247
46309,235
46310,216
46311,212
46312,304
46313,338
46314,302
46315,126
46316,108
46317,88
46318,78
46319,98
46320,432
46321,380
46322,180
46323,160
46324,137
46325,123
46326,146
46327,118
46328,110
46329,37
46330,31
46331,20
46332,16
46333,26
46334,9
46335,7
46336,5
46337,4
46338,0
46339,0
46340,1
46341,102
46342,99
46343,41
46344,38
46345,18
46346,16
46347,24
46348,14
46349,13
46350,7
46351,6
46352,4
46353,3
46354,4
46355,55
46356,51
46357,17
46358,14
46359,5
46360,4
46361,9
46362,424
46363,389
46364,132
46365,117
46366,102
46367,88
46368,116
46369,43
46370,41
46371,22
46372,20
46373,7
46374,6
46375,10
46376,46
46377,43
46378,20
46379,18
46380,12
46381,11
46382,15
46383,47
46384,46
46385,20
46386,20
46387,13
46388,12
46389,13
46390,64
46391,62
46392,34
46393,32
46394,14
46395,11
46396,18
46397,50
46398,48
46399,23
46400,21
46401,11
46402,9
46403,12
46404,46
46405,42
46406,23
46407,21
46408,11
46409,10
46410,13
46411,131
46412,118
46413,56
46414,51
46415,44
46416,40
46417,45
46418,6
46419,5
46420,2
46421,2
46422,1
46423,1
46424,1
46425,8
46426,7
46427,4
46428,4
46429,2
46430,1
46431,2
46432,115
46433,110
46434,47
46435,41
46436,33
46437,28
46438,35
46439,4
46440,4
46441,2
46442,2
46443,1
46444,1
46445,1
46446,126
46447,117
46448,51
46449,45
46450,32
46451,28
46452,35
46453,3
46454,3
46455,1
46456,1
46457,1
46458,0
46459,1
46460,64
46461,60
46462,24
46463,21
46464,12
46465,10
46466,14
46467,85
46468,80
46469,28
46470,25
46471,20
46472,18
46473,24
46474,187
46475,178
46476,76
46477,70
46478,57
46479,50
46480,59
46481,204
46482,190
46483,75
46484,68
46485,59
46486,54
46487,68
46488,37
46489,35
46490,15
46491,14
46492,7
46493,5
46494,10
46495,212
46496,191
46497,69
46498,60
46499,45
46500,39
46501,47
46502,80
46503,79
46504,32
46505,29
46506,20
46507,18
46508,21
46509,36
46510,35
46511,21
46512,19
46513,13
46514,12
46515,12
46516,34
46517,31
46518,14
46519,12
46520,4
46521,2
46522,7
46523,80
46524,76
46525,28
46526,25
46527,13
46528,9
46529,16
46530,28
46531,27
46532,14
46533,14
46534,5
46535,4
46536,6
46537,28
46538,26
46539,16
46540,16
46541,8
46542,6
46543,9
46544,9
46545,8
46546,4
46547,4
46548,2
46549,1
46550,3
46551,176
46552,163
46553,49
46554,43
46555,35
46556,31
46557,44
46558,59
46559,56
46560,28
46561,25
46562,15
46563,13
46564,18
46565,1113
46566,962
46567,366
46568,335
46569,286
46570,255
46571,312
46572,126
46573,109
46574,53
46575,46
46576,37
46577,32
46578,37
46579,389
46580,347
46581,118
46582,104
46583,91
46584,80
46585,101
46586,38
46587,35
46588,20
46589,19
46590,10
46591,9
46592,11
46593,13
46594,11
46595,6
46596,6
46597,2
46598,2
46599,4
46600,9
46601,8
46602,5
46603,5
46604,1
46605,1
46606,3
46607,133
46608,126
46609,34
46610,29
46611,23
46612,20
46613,30
46614,24
46615,23
46616,11
46617,11
46618,4
46619,3
46620,5
46621,9
46622,8
46623,4
46624,3
46625,2
46626,2
46627,3
46628,281
46629,271
46630,91
46631,82
46632,67
46633,58
46634,73
46635,63
46636,53
46637,28
46638,25
46639,18
46640,16
46641,19
46642,165
46643,150
46644,53
46645,46
46646,37
46647,32
46648,46
46649,50
46650,49
46651,22
46652,21
46653,12
46654,11
46655,14
46656,15
46657,15
46658,4
46659,4
46660,3
46661,2
46662,3
46663,38
46664,34
46665,16
46666,15
46667,6
46668,5
46669,10
46670,76
46671,71
46672,27
46673,23
46674,15
46675,13
46676,19
46677,11
46678,10
46679,6
46680,5
46681,3
46682,2
46683,3
46684,15
46685,14
46686,8
46687,7
46688,3
46689,3
46690,4
46691,167
46692,153
46693,52
46694,44
46695,40
46696,39
46697,56
46698,83
46699,79
46700,28
46701,24
46702,14
46703,12
46704,20
46705,64
46706,63
46707,26
46708,24
46709,15
46710,12
46711,15
46712,1973
46713,1682
46714,663
46715,580
46716,478
46717,419
46718,536
46719,89
46720,81
46721,33
46722,28
46723,20
46724,18
46725,26
46726,113
46727,103
46728,41
46729,35
46730,27
46731,25
46732,32
46733,52
46734,49
46735,28
46736,26
46737,11
46738,10
46739,16
46740,20
46741,19
46742,9
46743,8
46744,4
46745,3
46746,5
46747,187
46748,178
46749,57
46750,49
46751,34
46752,29
46753,38
46754,139
46755,134
46756,49
46757,42
46758,32
46759,27
46760,34
46761,40
46762,36
46763,21
46764,20
46765,10
46766,8
46767,11
46768,32
46769,30
46770,13
46771,12
46772,3
46773,2
46774,6
46775,186
46776,154
46777,96
46778,83
46779,64
46780,57
46781,64
46782,13
46783,13
46784,5
46785,4
46786,3
46787,2
46788,2
46789,14
46790,13
46791,7
46792,6
46793,3
46794,2
46795,3
46796,50
46797,46
46798,25
46799,23
46800,13
46801,11
46802,15
46803,103
46804,96
46805,44
46806,39
46807,30
46808,27
46809,33
46810,12
46811,11
46812,5
46813,5
46814,2
46815,1
46816,3
46817,297
46818,265
46819,128
46820,113
46821,99
46822,87
46823,101
46824,72
46825,69
46826,28
46827,27
46828,15
46829,13
46830,18
46831,84
46832,73
46833,28
46834,23
46835,14
46836,12
46837,17
46838,67
46839,66
46840,38
46841,34
46842,24
46843,20
46844,18
46845,342
46846,315
46847,110
46848,101
46849,82
46850,73
46851,85
46852,929
46853,812
46854,283
46855,252
46856,214
46857,191
46858,252
46859,12
46860,11
46861,5
46862,4
46863,2
46864,2
46865,3
46866,139
46867,130
46868,55
46869,48
46870,39
46871,35
46872,40
46873,14
46874,13
46875,7
46876,6
46877,3
46878,2
46879,4
46880,5
46881,5
46882,3
46883,3
46884,0
46885,0
46886,1
46887,366
46888,338
46889,151
46890,139
46891,117
46892,105
46893,121
46894,62
46895,59
46896,26
46897,25
46898,14
46899,13
46900,17
46901,65
46902,63
46903,29
46904,28
46905,15
46906,13
46907,18
46908,34
46909,32
46910,17
46911,16
46912,8
46913,7
46914,8
46915,12
46916,11
46917,5
46918,5
46919,2
46920,1
46921,3
46922,14
46923,13
46924,5
46925,5
46926,2
46927,1
46928,2
46929,167
46930,154
46931,58
46932,51
46933,41
46934,36
46935,47
46936,1
46937,1
46938,0
46939,0
46940,0
46941,0
46942,0
46943,211
46944,194
46945,101
46946,91
46947,71
46948,65
46949,77
46950,213
46951,197
46952,119
46953,108
46954,88
46955,76
46956,87
46957,83
46958,79
46959,25
46960,22
46961,13
46962,11
46963,17
46964,111
46965,103
46966,47
46967,43
46968,35
46969,31
46970,37
46971,100
46972,89
46973,41
46974,35
46975,25
46976,22
46977,31
46978,101
46979,84
46980,46
46981,40
46982,23
46983,18
46984,24
46985,116
46986,113
46987,48
46988,46
46989,32
46990,28
46991,33
46992,13
46993,13
46994,6
46995,5
46996,2
46997,1
46998,2
46999,63
47000,60
47001,31
47002,28
47003,16
47004,13
47005,17
47006,6
47007,6
47008,2
47009,2
47010,1
47011,1
47012,1
47013,89
47014,79
47015,44
47016,41
47017,32
47018,28
47019,33
47020,92
47021,87
47022,43
47023,41
47024,26
47025,24
47026,27
47027,78
47028,76
47029,40
47030,38
47031,28
47032,25
47033,27
47034,180
47035,172
47036,58
47037,51
47038,41
47039,33
47040,47
47041,38
47042,35
47043,16
47044,14
47045,8
47046,8
47047,11
47048,19
47049,18
47050,11
47051,10
47052,6
47053,5
47054,6
47055,50
47056,48
47057,20
47058,18
47059,10
47060,7
47061,10
47062,60
47063,58
47064,21
47065,20
47066,21
47067,22
47068,32
47069,59
47070,54
47071,20
47072,19
47073,27
47074,28
47075,38
47076,37
47077,36
47078,17
47079,17
47080,12
47081,12
47082,16
47083,71
47084,65
47085,19
47086,16
47087,8
47088,8
47089,15
47090,20
47091,19
47092,11
47093,10
47094,20
47095,21
47096,26
47097,33
47098,29
47099,15
47100,15
47101,22
47102,23
47103,28
47104,41
47105,37
47106,17
47107,16
47108,20
47109,21
47110,27
47111,41
47112,39
47113,10
47114,9
47115,5
47116,6
47117,10
47118,130
47119,118
47120,40
47121,36
47122,21
47123,23
47124,47
47125,64
47126,59
47127,24
47128,24
47129,20
47130,22
47131,34
47132,33
47133,30
47134,12
47135,11
47136,18
47137,19
47138,25
47139,34
47140,31
47141,13
47142,13
47143,18
47144,19
47145,25
47146,70
47147,66
47148,20
47149,18
47150,17
47151,18
47152,29
47153,67
47154,63
47155,29
47156,27
47157,22
47158,23
47159,36
47160,30
47161,26
47162,12
47163,12
47164,16
47165,18
47166,25
47167,360
47168,174
47169,154
47170,141
47171,79
47172,80
47173,112
47174,583
47175,365
47176,343
47177,319
47178,217
47179,213
47180,272
47181,113
47182,55
47183,49
47184,40
47185,9
47186,7
47187,9
47188,296
47189,128
47190,115
47191,96
47192,49
47193,48
47194,63
47195,113
47196,35
47197,30
47198,18
47199,6
47200,6
47201,10
47202,378
47203,156
47204,141
47205,125
47206,90
47207,91
47208,131
47209,80
47210,55
47211,50
47212,34
47213,7
47214,7
47215,5
47216,30
47217,19
47218,17
47219,11
47220,1
47221,1
47222,0
47223,87
47224,27
47225,24
47226,19
47227,6
47228,5
47229,7
47230,30
47231,21
47232,20
47233,8
47234,0
47235,0
47236,0
47237,32
47238,22
47239,21
47240,13
47241,0
47242,0
47243,0
47244,126
47245,88
47246,82
47247,78
47248,23
47249,19
47250,17
47251,143
47252,99
47253,96
47254,88
47255,36
47256,31
47257,37
47258,44
47259,33
47260,32
47261,28
47262,3
47263,3
47264,3
47265,61
47266,35
47267,34
47268,29
47269,2
47270,1
47271,1
47272,52
47273,32
47274,30
47275,19
47276,0
47277,0
47278,1
47279,116
47280,66
47281,61
47282,59
47283,17
47284,15
47285,19
47286,97
47287,52
47288,46
47289,37
47290,7
47291,3
47292,4
47293,126
47294,56
47295,52
47296,46
47297,14
47298,15
47299,23
47300,282
47301,189
47302,178
47303,161
47304,90
47305,88
47306,107
47307,172
47308,90
47309,80
47310,72
47311,53
47312,51
47313,68
47314,685
47315,334
47316,303
47317,288
47318,244
47319,249
47320,324
47321,142
47322,77
47323,70
47324,55
47325,15
47326,15
47327,24
47328,199
47329,95
47330,85
47331,77
47332,45
47333,46
47334,61
47335,97
47336,61
47337,59
47338,53
47339,11
47340,10
47341,11
47342,214
47343,111
47344,95
47345,76
47346,32
47347,31
47348,38
47349,311
47350,160
47351,146
47352,127
47353,66
47354,66
47355,89
47356,163
47357,94
47358,85
47359,76
47360,28
47361,25
47362,32
47363,44
47364,26
47365,23
47366,13
47367,0
47368,0
47369,0
47370,355
47371,104
47372,93
47373,83
47374,60
47375,65
47376,102
47377,101
47378,67
47379,61
47380,49
47381,14
47382,13
47383,16
47384,1160
47385,476
47386,438
47387,398
47388,266
47389,270
47390,394
47391,246
47392,199
47393,194
47394,179
47395,115
47396,115
47397,131
47398,79
47399,54
47400,50
47401,45
47402,11
47403,10
47404,10
47405,104
47406,71
47407,69
47408,60
47409,11
47410,7
47411,9
47412,176
47413,100
47414,91
47415,84
47416,34
47417,33
47418,39
47419,113
47420,44
47421,38
47422,34
47423,8
47424,8
47425,11
47426,124
47427,66
47428,56
47429,41
47430,16
47431,15
47432,18
47433,41
47434,22
47435,20
47436,13
47437,1
47438,0
47439,1
47440,481
47441,226
47442,214
47443,195
47444,118
47445,119
47446,165
47447,15
47448,16
47449,16
47450,12
47451,1
47452,1
47453,0
47454,264
47455,118
47456,107
47457,101
47458,56
47459,57
47460,80
47461,271
47462,163
47463,150
47464,137
47465,84
47466,82
47467,102
47468,110
47469,32
47470,28
47471,22
47472,5
47473,5
47474,13
47475,76
47476,51
47477,46
47478,40
47479,7
47480,6
47481,4
47482,66
47483,35
47484,32
47485,29
47486,4
47487,3
47488,5
47489,252
47490,123
47491,112
47492,104
47493,55
47494,55
47495,78
47496,63
47497,38
47498,35
47499,26
47500,0
47501,0
47502,1
47503,183
47504,74
47505,61
47506,54
47507,50
47508,50
47509,68
47510,136
47511,71
47512,66
47513,55
47514,14
47515,14
47516,19
47517,85
47518,43
47519,40
47520,33
47521,3
47522,2
47523,3
47524,283
47525,135
47526,119
47527,108
47528,83
47529,87
47530,106
47531,158
47532,58
47533,51
47534,43
47535,17
47536,18
47537,27
47538,699
47539,278
47540,250
47541,191
47542,116
47543,121
47544,179
47545,129
47546,73
47547,67
47548,61
47549,28
47550,25
47551,36
47552,171
47553,108
47554,101
47555,91
47556,52
47557,50
47558,64
47559,104
47560,77
47561,69
47562,57
47563,15
47564,14
47565,18
47566,111
47567,46
47568,41
47569,36
47570,5
47571,5
47572,9
47573,313
47574,136
47575,124
47576,108
47577,74
47578,78
47579,107
47580,284
47581,161
47582,148
47583,135
47584,87
47585,85
47586,113
47587,103
47588,45
47589,40
47590,29
47591,6
47592,5
47593,7
47594,204
47595,58
47596,48
47597,40
47598,26
47599,27
47600,44
47601,125
47602,66
47603,59
47604,49
47605,12
47606,8
47607,9
47608,380
47609,252
47610,222
47611,203
47612,138
47613,135
47614,178
47615,336
47616,202
47617,188
47618,170
47619,119
47620,119
47621,142
47622,34
47623,17
47624,15
47625,9
47626,0
47627,0
47628,0
47629,287
47630,186
47631,174
47632,157
47633,82
47634,84
47635,102
47636,146
47637,69
47638,65
47639,59
47640,20
47641,19
47642,29
47643,6
47644,3
47645,3
47646,2
47647,0
47648,0
47649,0
47650,139
47651,59
47652,54
47653,49
47654,13
47655,11
47656,19
47657,306
47658,104
47659,94
47660,84
47661,52
47662,53
47663,80
47664,223
47665,85
47666,77
47667,65
47668,36
47669,36
47670,51
47671,158
47672,78
47673,67
47674,59
47675,27
47676,28
47677,44
47678,150
47679,96
47680,91
47681,79
47682,35
47683,33
47684,43
47685,191
47686,90
47687,71
47688,58
47689,31
47690,32
47691,42
47692,147
47693,109
47694,100
47695,91
47696,37
47697,35
47698,42
47699,307
47700,166
47701,151
47702,134
47703,82
47704,79
47705,102
47706,304
47707,157
47708,148
47709,143
47710,99
47711,97
47712,117
47713,286
47714,129
47715,118
47716,109
47717,68
47718,69
47719,94
47720,181
47721,96
47722,83
47723,73
47724,28
47725,29
47726,37
47727,90
47728,46
47729,41
47730,37
47731,6
47732,4
47733,7
47734,57
47735,25
47736,21
47737,14
47738,0
47739,0
47740,1
47741,266
47742,159
47743,148
47744,136
47745,88
47746,87
47747,107
47748,310
47749,253
47750,231
47751,203
47752,145
47753,137
47754,159
47755,341
47756,102
47757,87
47758,73
47759,58
47760,54
47761,90
47762,308
47763,152
47764,136
47765,120
47766,67
47767,67
47768,84
47769,576
47770,375
47771,351
47772,330
47773,244
47774,236
47775,280
47776,170
47777,151
47778,136
47779,107
47780,46
47781,43
47782,44
47783,223
47784,97
47785,90
47786,84
47787,38
47788,38
47789,52
47790,148
47791,73
47792,69
47793,62
47794,18
47795,17
47796,26
47797,117
47798,77
47799,71
47800,61
47801,14
47802,11
47803,14
47804,70
47805,51
47806,48
47807,39
47808,1
47809,1
47810,1
47811,117
47812,55
47813,49
47814,42
47815,13
47816,13
47817,16
47818,147
47819,93
47820,87
47821,81
47822,20
47823,18
47824,22
47825,329
47826,151
47827,137
47828,125
47829,69
47830,70
47831,105
47832,104
47833,48
47834,43
47835,36
47836,10
47837,9
47838,14
47839,132
47840,88
47841,79
47842,66
47843,17
47844,14
47845,17
47846,251
47847,130
47848,120
47849,114
47850,61
47851,57
47852,71
47853,44
47854,37
47855,57
47856,76
47857,79
47858,78
47859,75
47860,423
47861,264
47862,234
47863,201
47864,89
47865,68
47866,75
47867,505
47868,331
47869,305
47870,275
47871,118
47872,78
47873,69
47874,103
47875,44
47876,38
47877,27
47878,2
47879,0
47880,0
47881,127
47882,56
47883,50
47884,40
47885,8
47886,0
47887,0
47888,166
47889,87
47890,79
47891,72
47892,24
47893,6
47894,6
47895,146
47896,53
47897,44
47898,34
47899,10
47900,0
47901,3
47902,1353
47903,716
47904,652
47905,600
47906,251
47907,222
47908,270
47909,113
47910,53
47911,44
47912,34
47913,3
47914,0
47915,0
47916,102
47917,41
47918,37
47919,28
47920,5
47921,1
47922,3
47923,103
47924,69
47925,63
47926,47
47927,7
47928,0
47929,0
47930,187
47931,111
47932,96
47933,87
47934,32
47935,16
47936,13
47937,64
47938,55
47939,48
47940,34
47941,0
47942,0
47943,0
47944,178
47945,113
47946,106
47947,99
47948,42
47949,10
47950,7
47951,132
47952,61
47953,53
47954,49
47955,18
47956,4
47957,5
47958,72
47959,41
47960,37
47961,34
47962,10
47963,2
47964,1
47965,286
47966,184
47967,169
47968,157
47969,65
47970,45
47971,41
47972,60
47973,29
47974,24
47975,21
47976,4
47977,0
47978,1
47979,389
47980,261
47981,227
47982,202
47983,79
47984,73
47985,67
47986,199
47987,106
47988,97
47989,91
47990,44
47991,18
47992,25
47993,479
47994,311
47995,284
47996,262
47997,117
47998,83
47999,76
48000,111
48001,64
48002,58
48003,55
48004,25
48005,8
48006,11
48007,562
48008,323
48009,292
48010,278
48011,135
48012,123
48013,121
48014,46
48015,25
48016,22
48017,14
48018,5
48019,1
48020,1
48021,292
48022,123
48023,102
48024,81
48025,13
48026,2
48027,1
48028,255
48029,125
48030,110
48031,103
48032,38
48033,20
48034,24
48035,163
48036,109
48037,102
48038,95
48039,33
48040,10
48041,8
48042,256
48043,117
48044,103
48045,87
48046,12
48047,0
48048,2
48049,478
48050,250
48051,219
48052,196
48053,73
48054,49
48055,59
48056,32
48057,27
48058,27
48059,13
48060,0
48061,0
48062,0
48063,116
48064,61
48065,51
48066,39
48067,7
48068,0
48069,0
48070,411
48071,153
48072,136
48073,126
48074,39
48075,36
48076,47
48077,51
48078,30
48079,28
48080,17
48081,3
48082,0
48083,0
48084,1439
48085,740
48086,679
48087,624
48088,256
48089,207
48090,224
48091,243
48092,196
48093,185
48094,171
48095,63
48096,33
48097,25
48098,345
48099,195
48100,184
48101,172
48102,81
48103,63
48104,68
48105,69
48106,47
48107,45
48108,40
48109,14
48110,4
48111,3
48112,158
48113,98
48114,89
48115,73
48116,15
48117,4
48118,5
48119,306
48120,105
48121,86
48122,77
48123,30
48124,18
48125,27
48126,55
48127,28
48128,24
48129,12
48130,1
48131,0
48132,0
48133,57
48134,31
48135,26
48136,17
48137,4
48138,0
48139,0
48140,780
48141,360
48142,325
48143,301
48144,106
48145,75
48146,89
48147,59
48148,32
48149,27
48150,23
48151,1
48152,0
48153,0
48154,571
48155,358
48156,335
48157,315
48158,159
48159,122
48160,126
48161,68
48162,39
48163,37
48164,32
48165,10
48166,2
48167,2
48168,161
48169,57
48170,49
48171,43
48172,19
48173,4
48174,11
48175,85
48176,55
48177,47
48178,35
48179,5
48180,0
48181,0
48182,402
48183,218
48184,190
48185,178
48186,78
48187,49
48188,57
48189,52
48190,31
48191,29
48192,21
48193,3
48194,0
48195,0
48196,118
48197,44
48198,35
48199,30
48200,0
48201,0
48202,0
48203,728
48204,375
48205,334
48206,311
48207,140
48208,128
48209,141
48210,123
48211,76
48212,72
48213,64
48214,14
48215,2
48216,1
48217,333
48218,138
48219,126
48220,114
48221,22
48222,5
48223,13
48224,1542
48225,843
48226,782
48227,668
48228,232
48229,197
48230,202
48231,104
48232,59
48233,53
48234,45
48235,11
48236,0
48237,0
48238,172
48239,123
48240,107
48241,93
48242,29
48243,4
48244,0
48245,184
48246,77
48247,67
48248,59
48249,8
48250,0
48251,0
48252,239
48253,149
48254,140
48255,131
48256,70
48257,35
48258,35
48259,114
48260,99
48261,91
48262,89
48263,43
48264,27
48265,24
48266,103
48267,49
48268,42
48269,28
48270,0
48271,0
48272,0
48273,19
48274,10
48275,9
48276,6
48277,1
48278,0
48279,0
48280,178
48281,80
48282,69
48283,57
48284,5
48285,0
48286,0
48287,156
48288,101
48289,94
48290,86
48291,35
48292,9
48293,7
48294,93
48295,60
48296,54
48297,46
48298,6
48299,0
48300,1
48301,150
48302,144
48303,137
48304,122
48305,40
48306,15
48307,1
48308,310
48309,163
48310,161
48311,142
48312,46
48313,28
48314,30
48315,55
48316,34
48317,31
48318,21
48319,6
48320,2
48321,2
48322,107
48323,70
48324,64
48325,56
48326,23
48327,6
48328,7
48329,586
48330,274
48331,242
48332,218
48333,103
48334,87
48335,100
48336,431
48337,215
48338,197
48339,185
48340,81
48341,72
48342,71
48343,132
48344,63
48345,53
48346,45
48347,8
48348,0
48349,2
48350,107
48351,69
48352,65
48353,55
48354,13
48355,1
48356,0
48357,140
48358,91
48359,81
48360,75
48361,12
48362,0
48363,0
48364,521
48365,330
48366,311
48367,271
48368,79
48369,39
48370,26
48371,65
48372,29
48373,26
48374,21
48375,5
48376,1
48377,2
48378,109
48379,54
48380,50
48381,42
48382,3
48383,0
48384,0
48385,15
48386,7
48387,6
48388,4
48389,1
48390,0
48391,0
48392,241
48393,146
48394,132
48395,120
48396,52
48397,24
48398,19
48399,225
48400,158
48401,142
48402,132
48403,75
48404,47
48405,40
48406,336
48407,151
48408,128
48409,108
48410,38
48411,17
48412,28
48413,218
48414,107
48415,94
48416,84
48417,18
48418,0
48419,0
48420,312
48421,270
48422,256
48423,237
48424,116
48425,72
48426,58
48427,58
48428,61
48429,56
48430,37
48431,5
48432,0
48433,0
48434,164
48435,98
48436,96
48437,91
48438,39
48439,14
48440,19
48441,210
48442,90
48443,81
48444,74
48445,26
48446,16
48447,22
48448,235
48449,160
48450,142
48451,124
48452,29
48453,8
48454,7
48455,87
48456,38
48457,35
48458,27
48459,4
48460,0
48461,0
48462,123
48463,89
48464,79
48465,65
48466,11
48467,0
48468,0
48469,66
48470,34
48471,30
48472,24
48473,3
48474,0
48475,1
48476,177
48477,122
48478,114
48479,99
48480,34
48481,11
48482,8
48483,453
48484,241
48485,222
48486,210
48487,70
48488,51
48489,61
48490,87
48491,57
48492,53
48493,47
48494,8
48495,1
48496,0
48497,92
48498,58
48499,53
48500,47
48501,15
48502,2
48503,1
48504,331
48505,175
48506,160
48507,151
48508,84
48509,52
48510,70
48511,320
48512,291
48513,297
48514,271
48515,269
48516,228
48517,224
48518,478
48519,415
48520,435
48521,392
48522,383
48523,395
48524,400
48525,68
48526,63
48527,59
48528,59
48529,54
48530,16
48531,14
48532,12
48533,9
48534,10
48535,10
48536,8
48537,5
48538,5
48539,422
48540,409
48541,383
48542,339
48543,327
48544,187
48545,186
48546,96
48547,92
48548,87
48549,82
48550,75
48551,17
48552,17
48553,1131
48554,1041
48555,1009
48556,940
48557,931
48558,793
48559,777
48560,123
48561,110
48562,109
48563,98
48564,93
48565,37
48566,37
48567,168
48568,162
48569,151
48570,149
48571,141
48572,68
48573,68
48574,25
48575,24
48576,23
48577,21
48578,18
48579,14
48580,13
48581,74
48582,70
48583,67
48584,62
48585,58
48586,19
48587,19
48588,18
48589,16
48590,18
48591,18
48592,14
48593,12
48594,12
48595,339
48596,311
48597,329
48598,301
48599,296
48600,260
48601,260
48602,29
48603,26
48604,24
48605,23
48606,21
48607,5
48608,5
48609,156
48610,152
48611,145
48612,133
48613,129
48614,82
48615,88
48616,60
48617,54
48618,50
48619,46
48620,41
48621,13
48622,13
48623,246
48624,231
48625,237
48626,222
48627,207
48628,133
48629,136
48630,42
48631,38
48632,36
48633,34
48634,31
48635,7
48636,6
48637,146
48638,131
48639,131
48640,118
48641,104
48642,55
48643,58
48644,164
48645,157
48646,149
48647,142
48648,137
48649,70
48650,70
48651,461
48652,451
48653,460
48654,415
48655,401
48656,388
48657,386
48658,110
48659,100
48660,101
48661,92
48662,87
48663,33
48664,32
48665,553
48666,507
48667,522
48668,484
48669,473
48670,448
48671,452
48672,94
48673,87
48674,87
48675,84
48676,74
48677,29
48678,30
48679,18
48680,17
48681,16
48682,16
48683,15
48684,9
48685,8
48686,177
48687,173
48688,168
48689,158
48690,152
48691,94
48692,99
48693,113
48694,106
48695,106
48696,101
48697,95
48698,48
48699,48
48700,26
48701,21
48702,22
48703,22
48704,18
48705,9
48706,8
48707,226
48708,222
48709,209
48710,199
48711,184
48712,102
48713,106
48714,282
48715,266
48716,257
48717,238
48718,222
48719,143
48720,142
48721,70
48722,66
48723,65
48724,61
48725,55
48726,23
48727,24
48728,38
48729,36
48730,36
48731,34
48732,27
48733,13
48734,12
48735,723
48736,673
48737,648
48738,621
48739,604
48740,457
48741,449
48742,101
48743,98
48744,99
48745,92
48746,88
48747,43
48748,45
48749,1538
48750,1311
48751,1314
48752,1221
48753,1194
48754,1038
48755,996
48756,203
48757,175
48758,194
48759,177
48760,171
48761,135
48762,141
48763,648
48764,576
48765,558
48766,523
48767,508
48768,406
48769,404
48770,149
48771,134
48772,141
48773,130
48774,124
48775,73
48776,76
48777,182
48778,169
48779,178
48780,164
48781,157
48782,103
48783,110
48784,167
48785,152
48786,152
48787,138
48788,127
48789,80
48790,80
48791,302
48792,292
48793,270
48794,254
48795,250
48796,151
48797,147
48798,126
48799,117
48800,124
48801,112
48802,97
48803,40
48804,45
48805,19
48806,17
48807,17
48808,17
48809,14
48810,7
48811,7
48812,943
48813,931
48814,883
48815,814
48816,802
48817,680
48818,670
48819,137
48820,110
48821,141
48822,124
48823,113
48824,95
48825,106
48826,117
48827,109
48828,108
48829,96
48830,92
48831,35
48832,36
48833,443
48834,398
48835,399
48836,369
48837,365
48838,307
48839,301
48840,87
48841,85
48842,85
48843,84
48844,77
48845,34
48846,34
48847,238
48848,234
48849,195
48850,193
48851,189
48852,104
48853,102
48854,45
48855,38
48856,38
48857,36
48858,31
48859,9
48860,9
48861,136
48862,130
48863,122
48864,120
48865,111
48866,46
48867,51
48868,207
48869,196
48870,191
48871,181
48872,171
48873,95
48874,97
48875,119
48876,101
48877,106
48878,99
48879,93
48880,49
48881,50
48882,17
48883,15
48884,15
48885,15
48886,12
48887,9
48888,9
48889,735
48890,673
48891,651
48892,586
48893,582
48894,473
48895,464
48896,54
48897,50
48898,48
48899,49
48900,43
48901,30
48902,29
48903,153
48904,142
48905,144
48906,127
48907,121
48908,87
48909,94
48910,70
48911,67
48912,64
48913,62
48914,58
48915,19
48916,18
48917,1808
48918,1517
48919,1579
48920,1458
48921,1420
48922,1335
48923,1301
48924,203
48925,192
48926,199
48927,188
48928,177
48929,130
48930,136
48931,186
48932,175
48933,184
48934,170
48935,162
48936,97
48937,101
48938,110
48939,99
48940,105
48941,93
48942,86
48943,42
48944,42
48945,55
48946,53
48947,48
48948,46
48949,44
48950,11
48951,11
48952,202
48953,197
48954,192
48955,175
48956,171
48957,112
48958,114
48959,138
48960,139
48961,132
48962,125
48963,116
48964,55
48965,54
48966,128
48967,110
48968,115
48969,102
48970,98
48971,47
48972,49
48973,286
48974,224
48975,273
48976,243
48977,230
48978,239
48979,250
48980,147
48981,139
48982,131
48983,122
48984,114
48985,33
48986,31
48987,29
48988,27
48989,26
48990,24
48991,22
48992,11
48993,11
48994,229
48995,207
48996,214
48997,193
48998,185
48999,137
49000,136
49001,176
49002,166
49003,163
49004,148
49005,141
49006,101
49007,100
49008,33
49009,30
49010,30
49011,29
49012,25
49013,12
49014,11
49015,370
49016,326
49017,370
49018,347
49019,339
49020,367
49021,372
49022,501
49023,459
49024,442
49025,407
49026,395
49027,300
49028,290
49029,19
49030,17
49031,16
49032,16
49033,14
49034,4
49035,4
49036,114
49037,109
49038,101
49039,91
49040,81
49041,30
49042,32
49043,582
49044,540
49045,518
49046,482
49047,476
49048,351
49049,342
49050,689
49051,594
49052,587
49053,542
49054,525
49055,443
49056,431
49057,50
49058,47
49059,46
49060,45
49061,39
49062,11
49063,10
49064,268
49065,252
49066,265
49067,243
49068,235
49069,214
49070,221
49071,104
49072,94
49073,98
49074,91
49075,81
49076,34
49077,33
49078,116
49079,111
49080,113
49081,102
49082,88
49083,37
49084,43
49085,597
49086,545
49087,572
49088,528
49089,505
49090,485
49091,491
49092,123
49093,119
49094,116
49095,109
49096,103
49097,56
49098,55
49099,191
49100,185
49101,179
49102,169
49103,165
49104,97
49105,97
49106,198
49107,184
49108,181
49109,170
49110,162
49111,85
49112,87
49113,105
49114,101
49115,98
49116,92
49117,86
49118,32
49119,32
49120,16
49121,16
49122,15
49123,14
49124,13
49125,5
49126,5
49127,75
49128,72
49129,70
49130,69
49131,67
49132,30
49133,30
49134,5
49135,4
49136,4
49137,4
49138,3
49139,1
49140,1
49141,289
49142,277
49143,278
49144,262
49145,248
49146,212
49147,215
49148,402
49149,387
49150,348
49151,322
49152,303
49153,189
49154,174
49155,205
49156,190
49157,169
49158,151
49159,139
49160,97
49161,93
49162,363
49163,340
49164,319
49165,296
49166,288
49167,193
49168,189
49169,151
49170,144
49171,140
49172,132
49173,127
49174,69
49175,71
49176,395
49177,339
49178,366
49179,331
49180,319
49181,304
49182,303
49183,148
49184,117
49185,147
49186,126
49187,112
49188,74
49189,81
49190,343
49191,315
49192,314
49193,296
49194,287
49195,186
49196,188
49197,165
49198,168
49199,159
49200,147
49201,140
49202,54
49203,53
49204,110
49205,102
49206,102
49207,99
49208,88
49209,41
49210,40
49211,50
49212,49
49213,44
49214,44
49215,41
49216,16
49217,15
49218,136
49219,115
49220,124
49221,110
49222,107
49223,70
49224,76
49225,94
49226,86
49227,88
49228,86
49229,80
49230,39
49231,40
49232,15
49233,13
49234,13
49235,13
49236,11
49237,7
49238,7
49239,127
49240,117
49241,117
49242,105
49243,99
49244,62
49245,68
49246,480
49247,463
49248,452
49249,417
49250,420
49251,384
49252,379
49253,78
49254,73
49255,73
49256,71
49257,65
49258,35
49259,36
49260,15
49261,15
49262,14
49263,13
49264,12
49265,7
49266,7
49267,198
49268,192
49269,185
49270,177
49271,168
49272,102
49273,105
49274,98
49275,48
49276,40
49277,23
49278,21
49279,28
49280,60
49281,79
49282,37
49283,32
49284,21
49285,21
49286,25
49287,47
49288,20
49289,8
49290,6
49291,1
49292,1
49293,4
49294,12
49295,47
49296,19
49297,17
49298,7
49299,7
49300,12
49301,35
49302,28
49303,11
49304,9
49305,2
49306,2
49307,4
49308,15
49309,61
49310,30
49311,25
49312,15
49313,15
49314,18
49315,40
49316,1
49317,0
49318,0
49319,0
49320,0
49321,0
49322,0
49323,37
49324,14
49325,11
49326,7
49327,6
49328,9
49329,23
49330,45
49331,15
49332,11
49333,0
49334,0
49335,5
49336,29
49337,29
49338,11
49339,9
49340,3
49341,3
49342,6
49343,19
49344,93
49345,45
49346,41
49347,22
49348,19
49349,30
49350,57
49351,8
49352,4
49353,3
49354,1
49355,1
49356,2
49357,5
49358,22
49359,9
49360,7
49361,3
49362,3
49363,5
49364,14
49365,4
49366,2
49367,2
49368,0
49369,0
49370,1
49371,2
49372,8
49373,1
49374,1
49375,0
49376,0
49377,1
49378,5
49379,25
49380,8
49381,6
49382,1
49383,1
49384,4
49385,15
49386,30
49387,12
49388,10
49389,4
49390,4
49391,6
49392,20
49393,9
49394,3
49395,3
49396,0
49397,0
49398,1
49399,6
49400,50
49401,24
49402,20
49403,10
49404,9
49405,14
49406,35
49407,57
49408,22
49409,18
49410,8
49411,8
49412,13
49413,37
49414,283
49415,127
49416,108
49417,67
49418,63
49419,85
49420,187
49421,66
49422,34
49423,28
49424,17
49425,17
49426,22
49427,45
49428,4
49429,1
49430,0
49431,0
49432,0
49433,0
49434,3
49435,55
49436,21
49437,17
49438,6
49439,6
49440,12
49441,38
49442,34
49443,12
49444,10
49445,5
49446,5
49447,8
49448,22
49449,142
49450,59
49451,51
49452,34
49453,31
49454,43
49455,85
49456,32
49457,11
49458,9
49459,2
49460,2
49461,6
49462,22
49463,21
49464,6
49465,4
49466,0
49467,0
49468,1
49469,13
49470,23
49471,8
49472,6
49473,3
49474,3
49475,5
49476,16
49477,2
49478,0
49479,0
49480,0
49481,0
49482,0
49483,1
49484,69
49485,26
49486,20
49487,10
49488,10
49489,14
49490,38
49491,89
49492,34
49493,26
49494,14
49495,13
49496,18
49497,51
49498,23
49499,6
49500,4
49501,2
49502,2
49503,4
49504,13
49505,131
49506,52
49507,43
49508,29
49509,28
49510,36
49511,84
49512,70
49513,25
49514,18
49515,8
49516,8
49517,14
49518,48
49519,701
49520,653
49521,256
49522,213
49523,196
49524,175
49525,218
49526,1613
49527,1431
49528,646
49529,547
49530,516
49531,458
49532,565
49533,146
49534,139
49535,50
49536,42
49537,35
49538,30
49539,39
49540,65
49541,59
49542,31
49543,29
49544,17
49545,14
49546,16
49547,295
49548,282
49549,92
49550,72
49551,63
49552,45
49553,63
49554,72
49555,70
49556,35
49557,33
49558,27
49559,24
49560,27
49561,120
49562,113
49563,29
49564,22
49565,19
49566,13
49567,20
49568,1008
49569,929
49570,304
49571,261
49572,247
49573,221
49574,270
49575,38
49576,37
49577,16
49578,15
49579,11
49580,7
49581,9
49582,139
49583,130
49584,53
49585,44
49586,38
49587,35
49588,43
49589,189
49590,177
49591,47
49592,38
49593,34
49594,30
49595,41
49596,148
49597,142
49598,64
49599,56
49600,47
49601,39
49602,47
49603,223
49604,220
49605,81
49606,68
49607,58
49608,47
49609,57
49610,104
49611,102
49612,72
49613,67
49614,56
49615,49
49616,49
49617,213
49618,195
49619,98
49620,88
49621,82
49622,68
49623,82
49624,37
49625,36
49626,18
49627,17
49628,12
49629,8
49630,11
49631,497
49632,464
49633,220
49634,191
49635,169
49636,139
49637,172
49638,140
49639,130
49640,45
49641,35
49642,23
49643,14
49644,27
49645,180
49646,170
49647,59
49648,53
49649,48
49650,42
49651,54
49652,498
49653,491
49654,236
49655,213
49656,189
49657,164
49658,190
49659,457
49660,435
49661,174
49662,152
49663,144
49664,130
49665,164
49666,43
49667,40
49668,17
49669,16
49670,14
49671,6
49672,9
49673,497
49674,460
49675,172
49676,140
49677,119
49678,100
49679,132
49680,77
49681,75
49682,31
49683,29
49684,24
49685,19
49686,26
49687,34
49688,33
49689,18
49690,17
49691,13
49692,10
49693,13
49694,16
49695,13
49696,6
49697,5
49698,5
49699,1
49700,1
49701,202
49702,196
49703,64
49704,52
49705,45
49706,39
49707,52
49708,297
49709,281
49710,103
49711,86
49712,71
49713,61
49714,80
49715,167
49716,156
49717,60
49718,50
49719,43
49720,38
49721,49
49722,18
49723,17
49724,8
49725,7
49726,5
49727,2
49728,4
49729,731
49730,680
49731,194
49732,168
49733,158
49734,142
49735,185
49736,159
49737,155
49738,66
49739,56
49740,48
49741,42
49742,54
49743,2412
49744,2127
49745,718
49746,604
49747,563
49748,496
49749,632
49750,332
49751,292
49752,169
49753,152
49754,139
49755,115
49756,135
49757,1013
49758,909
49759,308
49760,255
49761,243
49762,220
49763,279
49764,37
49765,34
49766,22
49767,20
49768,14
49769,11
49770,12
49771,153
49772,146
49773,67
49774,62
49775,56
49776,46
49777,55
49778,254
49779,236
49780,121
49781,105
49782,93
49783,80
49784,96
49785,258
49786,246
49787,77
49788,68
49789,61
49790,56
49791,72
49792,162
49793,151
49794,56
49795,44
49796,30
49797,21
49798,36
49799,88
49800,80
49801,32
49802,25
49803,23
49804,16
49805,25
49806,680
49807,682
49808,225
49809,198
49810,180
49811,156
49812,191
49813,69
49814,61
49815,32
49816,26
49817,19
49818,16
49819,21
49820,70
49821,65
49822,29
49823,25
49824,21
49825,19
49826,25
49827,461
49828,429
49829,159
49830,140
49831,130
49832,116
49833,141
49834,115
49835,112
49836,43
49837,38
49838,33
49839,25
49840,34
49841,145
49842,144
49843,39
49844,35
49845,28
49846,25
49847,32
49848,126
49849,124
49850,81
49851,72
49852,59
49853,39
49854,42
49855,8
49856,8
49857,4
49858,3
49859,3
49860,2
49861,3
49862,53
49863,51
49864,23
49865,21
49866,14
49867,11
49868,13
49869,128
49870,120
49871,45
49872,40
49873,34
49874,30
49875,38
49876,942
49877,863
49878,327
49879,269
49880,248
49881,221
49882,279
49883,207
49884,204
49885,66
49886,58
49887,49
49888,41
49889,52
49890,99
49891,97
49892,58
49893,55
49894,46
49895,41
49896,42
49897,230
49898,217
49899,77
49900,64
49901,57
49902,47
49903,62
49904,4213
49905,3736
49906,1412
49907,1168
49908,1052
49909,899
49910,1145
49911,277
49912,260
49913,104
49914,86
49915,77
49916,66
49917,89
49918,381
49919,354
49920,141
49921,119
49922,114
49923,98
49924,125
49925,40
49926,36
49927,16
49928,13
49929,11
49930,6
49931,11
49932,324
49933,315
49934,112
49935,99
49936,88
49937,77
49938,99
49939,386
49940,383
49941,146
49942,124
49943,104
49944,90
49945,110
49946,50
49947,48
49948,18
49949,15
49950,10
49951,7
49952,10
49953,130
49954,122
49955,57
49956,51
49957,45
49958,41
49959,48
49960,339
49961,294
49962,203
49963,184
49964,164
49965,142
49966,153
49967,104
49968,101
49969,32
49970,28
49971,23
49972,20
49973,25
49974,95
49975,94
49976,32
49977,28
49978,25
49979,14
49980,21
49981,197
49982,182
49983,88
49984,75
49985,67
49986,56
49987,67
49988,102
49989,99
49990,47
49991,44
49992,36
49993,30
49994,36
49995,62
49996,60
49997,24
49998,20
49999,14
50000,10
50001,13
50002,514
50003,474
50004,230
50005,204
50006,185
50007,163
50008,199
50009,577
50010,535
50011,165
50012,142
50013,129
50014,112
50015,142
50016,8
50017,8
50018,3
50019,3
50020,2
50021,1
50022,2
50023,73
50024,70
50025,35
50026,33
50027,23
50028,19
50029,19
50030,780
50031,723
50032,215
50033,184
50034,164
50035,146
50036,183
50037,2013
50038,1783
50039,602
50040,502
50041,473
50042,427
50043,551
50044,89
50045,88
50046,41
50047,39
50048,30
50049,25
50050,30
50051,295
50052,276
50053,110
50054,92
50055,75
50056,60
50057,83
50058,150
50059,137
50060,48
50061,38
50062,31
50063,26
50064,38
50065,735
50066,695
50067,264
50068,224
50069,208
50070,183
50071,224
50072,229
50073,217
50074,74
50075,67
50076,58
50077,53
50078,68
50079,229
50080,220
50081,73
50082,62
50083,57
50084,52
50085,68
50086,196
50087,185
50088,61
50089,54
50090,48
50091,44
50092,54
50093,29
50094,28
50095,14
50096,14
50097,10
50098,8
50099,10
50100,616
50101,576
50102,206
50103,167
50104,146
50105,127
50106,169
50107,49
50108,45
50109,26
50110,24
50111,14
50112,11
50113,15
50114,257
50115,241
50116,136
50117,123
50118,112
50119,101
50120,113
50121,49
50122,45
50123,25
50124,23
50125,12
50126,10
50127,13
50128,330
50129,306
50130,184
50131,162
50132,135
50133,113
50134,124
50135,285
50136,271
50137,83
50138,72
50139,63
50140,54
50141,66
50142,396
50143,374
50144,144
50145,123
50146,115
50147,103
50148,128
50149,489
50150,443
50151,216
50152,191
50153,172
50154,156
50155,173
50156,170
50157,142
50158,90
50159,78
50160,60
50161,46
50162,56
50163,277
50164,260
50165,87
50166,78
50167,71
50168,65
50169,76
50170,40
50171,40
50172,15
50173,14
50174,8
50175,5
50176,8
50177,78
50178,75
50179,35
50180,30
50181,22
50182,16
50183,20
50184,4
50185,3
50186,1
50187,1
50188,1
50189,0
50190,1
50191,191
50192,170
50193,105
50194,96
50195,84
50196,76
50197,86
50198,215
50199,196
50200,107
50201,96
50202,88
50203,77
50204,85
50205,17
50206,17
50207,6
50208,5
50209,5
50210,3
50211,5
50212,105
50213,104
50214,51
50215,49
50216,46
50217,33
50218,39
50219,475
50220,460
50221,170
50222,148
50223,136
50224,119
50225,142
50226,91
50227,89
50228,37
50229,33
50230,25
50231,22
50232,25
50233,150
50234,143
50235,73
50236,65
50237,58
50238,51
50239,59
50240,38
50241,37
50242,17
50243,16
50244,14
50245,7
50246,8
50247,416
50248,212
50249,192
50250,173
50251,157
50252,156
50253,212
50254,598
50255,384
50256,367
50257,363
50258,357
50259,358
50260,438
50261,173
50262,73
50263,65
50264,56
50265,43
50266,44
50267,54
50268,114
50269,57
50270,52
50271,41
50272,25
50273,25
50274,27
50275,296
50276,117
50277,106
50278,87
50279,86
50280,86
50281,107
50282,150
50283,48
50284,41
50285,32
50286,33
50287,33
50288,38
50289,792
50290,320
50291,288
50292,279
50293,286
50294,304
50295,442
50296,96
50297,57
50298,52
50299,42
50300,32
50301,30
50302,33
50303,52
50304,32
50305,29
50306,20
50307,18
50308,18
50309,20
50310,107
50311,36
50312,33
50313,30
50314,45
50315,48
50316,58
50317,119
50318,73
50319,69
50320,59
50321,58
50322,57
50323,65
50324,129
50325,78
50326,72
50327,66
50328,71
50329,70
50330,79
50331,115
50332,98
50333,94
50334,90
50335,45
50336,42
50337,40
50338,76
50339,53
50340,52
50341,41
50342,35
50343,36
50344,38
50345,105
50346,40
50347,37
50348,28
50349,28
50350,28
50351,35
50352,11
50353,8
50354,8
50355,6
50356,4
50357,4
50358,4
50359,337
50360,228
50361,218
50362,209
50363,191
50364,188
50365,224
50366,30
50367,22
50368,20
50369,10
50370,14
50371,14
50372,17
50373,145
50374,67
50375,64
50376,62
50377,64
50378,64
50379,81
50380,305
50381,189
50382,182
50383,175
50384,145
50385,147
50386,179
50387,64
50388,39
50389,36
50390,28
50391,14
50392,13
50393,15
50394,243
50395,125
50396,119
50397,115
50398,122
50399,124
50400,154
50401,118
50402,48
50403,45
50404,39
50405,33
50406,33
50407,37
50408,304
50409,120
50410,104
50411,89
50412,87
50413,87
50414,113
50415,209
50416,134
50417,129
50418,113
50419,70
50420,69
50421,74
50422,175
50423,110
50424,107
50425,106
50426,95
50427,94
50428,114
50429,101
50430,58
50431,54
50432,44
50433,29
50434,26
50435,27
50436,226
50437,92
50438,85
50439,80
50440,85
50441,85
50442,113
50443,253
50444,114
50445,102
50446,92
50447,86
50448,86
50449,97
50450,135
50451,84
50452,81
50453,76
50454,59
50455,59
50456,68
50457,60
50458,37
50459,34
50460,23
50461,18
50462,18
50463,19
50464,433
50465,146
50466,134
50467,127
50468,131
50469,140
50470,212
50471,77
50472,43
50473,39
50474,33
50475,25
50476,25
50477,26
50478,1289
50479,580
50480,547
50481,516
50482,509
50483,508
50484,695
50485,382
50486,279
50487,271
50488,260
50489,236
50490,232
50491,264
50492,460
50493,189
50494,178
50495,170
50496,176
50497,181
50498,243
50499,149
50500,100
50501,96
50502,94
50503,60
50504,58
50505,64
50506,100
50507,60
50508,58
50509,53
50510,48
50511,50
50512,52
50513,129
50514,67
50515,61
50516,53
50517,46
50518,46
50519,52
50520,180
50521,68
50522,63
50523,59
50524,65
50525,65
50526,83
50527,49
50528,25
50529,23
50530,11
50531,9
50532,9
50533,10
50534,41
50535,21
50536,19
50537,11
50538,13
50539,13
50540,14
50541,616
50542,270
50543,254
50544,237
50545,224
50546,229
50547,309
50548,32
50549,31
50550,30
50551,23
50552,17
50553,17
50554,18
50555,25
50556,17
50557,16
50558,10
50559,1
50560,1
50561,1
50562,431
50563,210
50564,198
50565,192
50566,186
50567,187
50568,254
50569,240
50570,148
50571,143
50572,137
50573,111
50574,111
50575,137
50576,185
50577,42
50578,38
50579,33
50580,56
50581,63
50582,83
50583,117
50584,79
50585,74
50586,66
50587,33
50588,30
50589,28
50590,155
50591,82
50592,79
50593,75
50594,78
50595,77
50596,96
50597,107
50598,53
50599,50
50600,46
50601,40
50602,41
50603,47
50604,87
50605,47
50606,44
50607,38
50608,25
50609,24
50610,27
50611,530
50612,230
50613,212
50614,199
50615,201
50616,200
50617,268
50618,328
50619,154
50620,142
50621,133
50622,125
50623,132
50624,178
50625,118
50626,60
50627,56
50628,50
50629,57
50630,57
50631,63
50632,245
50633,91
50634,83
50635,75
50636,87
50637,88
50638,116
50639,1416
50640,706
50641,667
50642,599
50643,583
50644,578
50645,781
50646,73
50647,41
50648,39
50649,34
50650,26
50651,26
50652,29
50653,443
50654,249
50655,233
50656,222
50657,218
50658,225
50659,283
50660,142
50661,106
50662,101
50663,91
50664,77
50665,77
50666,92
50667,150
50668,68
50669,63
50670,52
50671,39
50672,39
50673,49
50674,155
50675,71
50676,64
50677,53
50678,46
50679,45
50680,59
50681,76
50682,43
50683,40
50684,30
50685,13
50686,14
50687,15
50688,107
50689,52
50690,48
50691,36
50692,33
50693,31
50694,37
50695,186
50696,180
50697,175
50698,161
50699,141
50700,135
50701,149
50702,59
50703,21
50704,18
50705,12
50706,3
50707,3
50708,4
50709,178
50710,77
50711,71
50712,61
50713,42
50714,41
50715,48
50716,99
50717,61
50718,57
50719,52
50720,44
50721,44
50722,48
50723,290
50724,188
50725,182
50726,172
50727,158
50728,157
50729,182
50730,90
50731,52
50732,50
50733,43
50734,16
50735,16
50736,18
50737,278
50738,184
50739,177
50740,171
50741,145
50742,148
50743,180
50744,521
50745,228
50746,213
50747,202
50748,183
50749,195
50750,273
50751,189
50752,110
50753,102
50754,94
50755,60
50756,60
50757,65
50758,142
50759,63
50760,60
50761,51
50762,43
50763,45
50764,57
50765,475
50766,186
50767,174
50768,160
50769,179
50770,189
50771,261
50772,525
50773,233
50774,218
50775,204
50776,224
50777,219
50778,300
50779,97
50780,50
50781,46
50782,42
50783,37
50784,37
50785,43
50786,115
50787,74
50788,72
50789,66
50790,62
50791,61
50792,66
50793,108
50794,57
50795,51
50796,45
50797,39
50798,38
50799,46
50800,95
50801,70
50802,66
50803,58
50804,31
50805,30
50806,33
50807,581
50808,321
50809,301
50810,288
50811,276
50812,271
50813,342
50814,47
50815,22
50816,20
50817,12
50818,8
50819,7
50820,8
50821,182
50822,87
50823,86
50824,84
50825,83
50826,83
50827,110
50828,279
50829,127
50830,119
50831,114
50832,99
50833,102
50834,130
50835,99
50836,57
50837,54
50838,49
50839,40
50840,40
50841,45
50842,115
50843,59
50844,54
50845,44
50846,42
50847,41
50848,46
50849,105
50850,51
50851,46
50852,38
50853,31
50854,31
50855,35
50856,157
50857,58
50858,52
50859,46
50860,41
50861,42
50862,48
50863,271
50864,150
50865,140
50866,135
50867,133
50868,129
50869,157
50870,363
50871,241
50872,223
50873,214
50874,175
50875,174
50876,208
50877,35
50878,29
50879,28
50880,14
50881,10
50882,10
50883,10
50884,426
50885,144
50886,128
50887,115
50888,117
50889,128
50890,192
50891,228
50892,113
50893,107
50894,101
50895,107
50896,108
50897,123
50898,295
50899,203
50900,197
50901,190
50902,189
50903,185
50904,214
50905,121
50906,99
50907,93
50908,81
50909,57
50910,54
50911,58
50912,294
50913,135
50914,128
50915,126
50916,117
50917,121
50918,157
50919,40
50920,21
50921,20
50922,12
50923,2
50924,2
50925,3
50926,200
50927,127
50928,119
50929,112
50930,78
50931,77
50932,96
50933,75
50934,26
50935,24
50936,20
50937,18
50938,17
50939,22
50940,119
50941,92
50942,90
50943,85
50944,82
50945,81
50946,86
50947,128
50948,85
50949,80
50950,71
50951,57
50952,56
50953,64
50954,190
50955,113
50956,103
50957,97
50958,92
50959,91
50960,105
50961,503
50962,218
50963,200
50964,193
50965,183
50966,184
50967,253
50968,80
50969,41
50970,39
50971,34
50972,36
50973,36
50974,39
50975,61
50976,38
50977,36
50978,24
50979,9
50980,9
50981,10
50982,152
50983,69
50984,64
50985,57
50986,62
50987,63
50988,78
50989,11
50990,6
50991,5
50992,0
50993,0
50994,0
50995,0
50996,55
50997,32
50998,31
50999,18
51000,1
51001,1
51002,1
51003,39
51004,16
51005,15
51006,3
51007,1
51008,1
51009,0
51010,41
51011,20
51012,16
51013,2
51014,1
51015,1
51016,1
51017,40
51018,9
51019,6
51020,0
51021,0
51022,0
51023,0
51024,108
51025,41
51026,35
51027,20
51028,4
51029,3
51030,3
51031,12
51032,5
51033,4
51034,1
51035,0
51036,0
51037,0
51038,1
51039,1
51040,1
51041,0
51042,0
51043,0
51044,0
51045,21
51046,20
51047,19
51048,2
51049,1
51050,1
51051,0
51052,62
51053,33
51054,30
51055,5
51056,0
51057,0
51058,0
51059,1
51060,1
51061,1
51062,1
51063,0
51064,0
51065,0
51066,96
51067,52
51068,45
51069,24
51070,2
51071,2
51072,2
51073,10
51074,7
51075,7
51076,1
51077,0
51078,0
51079,0
51080,16
51081,10
51082,9
51083,2
51084,0
51085,0
51086,0
51087,4
51088,1
51089,1
51090,0
51091,0
51092,0
51093,0
51094,26
51095,12
51096,11
51097,1
51098,0
51099,0
51100,0
51101,106
51102,54
51103,50
51104,32
51105,5
51106,4
51107,4
51108,10
51109,7
51110,7
51111,1
51112,0
51113,0
51114,0
51115,47
51116,26
51117,25
51118,4
51119,2
51120,1
51121,1
51122,7
51123,3
51124,3
51125,0
51126,0
51127,0
51128,0
51129,16
51130,13
51131,13
51132,3
51133,2
51134,1
51135,1
51136,0
51137,0
51138,0
51139,0
51140,0
51141,0
51142,0
51143,41
51144,14
51145,12
51146,2
51147,0
51148,0
51149,0
51150,12
51151,8
51152,8
51153,1
51154,0
51155,0
51156,0
51157,74
51158,41
51159,35
51160,14
51161,4
51162,3
51163,2
51164,134
51165,51
51166,47
51167,30
51168,14
51169,14
51170,14
51171,45
51172,20
51173,16
51174,3
51175,0
51176,0
51177,0
51178,411
51179,190
51180,173
51181,122
51182,73
51183,75
51184,80
51185,30
51186,22
51187,21
51188,4
51189,1
51190,0
51191,0
51192,70
51193,28
51194,23
51195,18
51196,1
51197,1
51198,1
51199,65
51200,34
51201,28
51202,8
51203,2
51204,2
51205,1
51206,3
51207,2
51208,2
51209,0
51210,0
51211,0
51212,0
51213,37
51214,18
51215,16
51216,4
51217,0
51218,0
51219,0
51220,24
51221,9
51222,8
51223,0
51224,0
51225,0
51226,0
51227,8
51228,2
51229,2
51230,0
51231,0
51232,0
51233,0
51234,38
51235,24
51236,24
51237,7
51238,3
51239,3
51240,3
51241,7
51242,4
51243,3
51244,0
51245,0
51246,0
51247,0
51248,197
51249,91
51250,79
51251,57
51252,24
51253,22
51254,22
51255,70
51256,32
51257,28
51258,9
51259,0
51260,0
51261,0
51262,26
51263,8
51264,7
51265,1
51266,0
51267,0
51268,0
51269,33
51270,14
51271,10
51272,1
51273,1
51274,1
51275,0
51276,105
51277,57
51278,51
51279,32
51280,7
51281,7
51282,7
51283,46
51284,23
51285,21
51286,5
51287,1
51288,1
51289,1
51290,150
51291,71
51292,62
51293,36
51294,11
51295,10
51296,9
51297,16
51298,9
51299,8
51300,1
51301,0
51302,0
51303,0
51304,113
51305,41
51306,36
51307,17
51308,3
51309,4
51310,4
51311,252
51312,117
51313,102
51314,61
51315,18
51316,14
51317,16
51318,16
51319,10
51320,10
51321,2
51322,0
51323,0
51324,0
51325,38
51326,23
51327,21
51328,6
51329,0
51330,0
51331,0
51332,9
51333,5
51334,4
51335,1
51336,0
51337,0
51338,0
51339,30
51340,11
51341,10
51342,1
51343,0
51344,0
51345,0
51346,74
51347,40
51348,35
51349,11
51350,2
51351,1
51352,1
51353,51
51354,28
51355,25
51356,6
51357,0
51358,0
51359,0
51360,24
51361,8
51362,6
51363,0
51364,1
51365,1
51366,1
51367,45
51368,31
51369,28
51370,7
51371,0
51372,0
51373,0
51374,110
51375,48
51376,40
51377,18
51378,4
51379,4
51380,3
51381,23
51382,17
51383,17
51384,4
51385,1
51386,1
51387,1
51388,49
51389,26
51390,22
51391,8
51392,0
51393,0
51394,0
51395,108
51396,41
51397,35
51398,20
51399,2
51400,3
51401,3
51402,10
51403,3
51404,2
51405,0
51406,0
51407,0
51408,0
51409,93
51410,40
51411,34
51412,15
51413,2
51414,1
51415,4
51416,63
51417,26
51418,22
51419,14
51420,1
51421,1
51422,1
51423,18
51424,8
51425,7
51426,0
51427,0
51428,0
51429,0
51430,1
51431,1
51432,1
51433,1
51434,0
51435,0
51436,0
51437,24
51438,11
51439,10
51440,0
51441,0
51442,0
51443,0
51444,17
51445,10
51446,10
51447,2
51448,1
51449,1
51450,1
51451,40
51452,28
51453,27
51454,4
51455,0
51456,0
51457,0
51458,114
51459,56
51460,51
51461,27
51462,7
51463,7
51464,7
51465,17
51466,6
51467,5
51468,0
51469,0
51470,0
51471,0
51472,4
51473,3
51474,3
51475,0
51476,0
51477,0
51478,0
51479,92
51480,34
51481,28
51482,10
51483,1
51484,1
51485,1
51486,3
51487,2
51488,2
51489,1
51490,1
51491,0
51492,0
51493,20
51494,7
51495,6
51496,1
51497,0
51498,0
51499,0
51500,28
51501,14
51502,13
51503,2
51504,0
51505,0
51506,0
51507,12
51508,3
51509,3
51510,0
51511,0
51512,0
51513,0
51514,127
51515,70
51516,62
51517,34
51518,8
51519,6
51520,5
51521,41
51522,26
51523,24
51524,6
51525,0
51526,0
51527,0
51528,115
51529,45
51530,37
51531,20
51532,2
51533,2
51534,2
51535,23
51536,9
51537,8
51538,1
51539,0
51540,0
51541,0
51542,6
51543,4
51544,4
51545,1
51546,0
51547,0
51548,0
51549,3
51550,2
51551,1
51552,0
51553,0
51554,0
51555,0
51556,65
51557,30
51558,27
51559,7
51560,0
51561,0
51562,0
51563,4
51564,3
51565,2
51566,0
51567,0
51568,0
51569,0
51570,48
51571,21
51572,17
51573,4
51574,0
51575,0
51576,0
51577,11
51578,6
51579,6
51580,0
51581,0
51582,0
51583,0
51584,32
51585,24
51586,22
51587,3
51588,1
51589,0
51590,0
51591,41
51592,21
51593,19
51594,3
51595,0
51596,0
51597,0
51598,109
51599,49
51600,45
51601,24
51602,1
51603,1
51604,1
51605,40
51606,15
51607,12
51608,3
51609,0
51610,0
51611,0
51612,40
51613,21
51614,18
51615,2
51616,0
51617,0
51618,0
51619,45
51620,16
51621,13
51622,1
51623,0
51624,0
51625,0
51626,40
51627,34
51628,22
51629,2
51630,6
51631,10
51632,11
51633,176
51634,147
51635,127
51636,75
51637,83
51638,108
51639,106
51640,10
51641,6
51642,2
51643,0
51644,2
51645,3
51646,3
51647,12
51648,7
51649,4
51650,0
51651,2
51652,3
51653,3
51654,34
51655,30
51656,21
51657,0
51658,2
51659,4
51660,5
51661,43
51662,36
51663,32
51664,1
51665,5
51666,9
51667,10
51668,27
51669,21
51670,14
51671,1
51672,4
51673,5
51674,6
51675,48
51676,38
51677,33
51678,2
51679,6
51680,13
51681,14
51682,27
51683,19
51684,15
51685,0
51686,3
51687,5
51688,6
51689,9
51690,6
51691,4
51692,0
51693,0
51694,1
51695,1
51696,6
51697,4
51698,3
51699,0
51700,0
51701,0
51702,1
51703,13
51704,8
51705,6
51706,0
51707,0
51708,1
51709,1
51710,12
51711,8
51712,4
51713,0
51714,0
51715,0
51716,1
51717,91
51718,76
51719,65
51720,18
51721,15
51722,19
51723,21
51724,51
51725,38
51726,34
51727,2
51728,6
51729,12
51730,13
51731,77
51732,62
51733,53
51734,19
51735,21
51736,44
51737,42
51738,28
51739,23
51740,13
51741,0
51742,2
51743,6
51744,8
51745,10
51746,5
51747,0
51748,0
51749,2
51750,3
51751,3
51752,6
51753,3
51754,2
51755,0
51756,0
51757,0
51758,1
51759,71
51760,55
51761,41
51762,6
51763,6
51764,13
51765,14
51766,12
51767,6
51768,4
51769,0
51770,1
51771,3
51772,3
51773,17
51774,13
51775,6
51776,0
51777,1
51778,2
51779,3
51780,8
51781,5
51782,2
51783,0
51784,1
51785,1
51786,2
51787,27
51788,19
51789,16
51790,1
51791,4
51792,7
51793,8
51794,100
51795,83
51796,67
51797,13
51798,10
51799,13
51800,16
51801,43
51802,33
51803,25
51804,3
51805,7
51806,14
51807,16
51808,52
51809,39
51810,36
51811,6
51812,9
51813,17
51814,19
51815,36
51816,26
51817,17
51818,0
51819,4
51820,9
51821,11
51822,46
51823,33
51824,21
51825,0
51826,4
51827,9
51828,11
51829,59
51830,50
51831,47
51832,0
51833,0
51834,2
51835,5
51836,32
51837,22
51838,17
51839,0
51840,4
51841,15
51842,16
51843,38
51844,32
51845,21
51846,3
51847,6
51848,11
51849,12
51850,129
51851,108
51852,95
51853,51
51854,57
51855,86
51856,80
51857,7
51858,3
51859,2
51860,0
51861,1
51862,1
51863,1
51864,32
51865,24
51866,14
51867,0
51868,1
51869,6
51870,7
51871,57
51872,45
51873,35
51874,1
51875,5
51876,13
51877,15
51878,32
51879,27
51880,19
51881,7
51882,10
51883,18
51884,19
51885,37
51886,27
51887,23
51888,0
51889,4
51890,8
51891,10
51892,60
51893,50
51894,44
51895,10
51896,14
51897,21
51898,21
51899,21
51900,16
51901,13
51902,0
51903,3
51904,5
51905,6
51906,18
51907,13
51908,6
51909,0
51910,1
51911,2
51912,2
51913,6
51914,3
51915,1
51916,0
51917,0
51918,0
51919,1
51920,34
51921,28
51922,22
51923,0
51924,5
51925,9
51926,10
51927,41
51928,32
51929,21
51930,0
51931,4
51932,8
51933,9
51934,2
51935,0
51936,0
51937,0
51938,0
51939,1
51940,2
51941,1515
51942,921
51943,793
51944,565
51945,530
51946,552
51947,747
51948,1920
51949,1334
51950,1174
51951,876
51952,853
51953,836
51954,936
51955,340
51956,175
51957,159
51958,126
51959,76
51960,71
51961,120
51962,198
51963,114
51964,100
51965,82
51966,34
51967,30
51968,47
51969,1092
51970,554
51971,469
51972,320
51973,265
51974,255
51975,411
51976,229
51977,90
51978,75
51979,41
51980,10
51981,10
51982,49
51983,1774
51984,933
51985,797
51986,613
51987,590
51988,638
51989,986
51990,269
51991,206
51992,177
51993,120
51994,80
51995,77
51996,92
51997,290
51998,201
51999,169
52000,106
52001,77
52002,75
52003,98
52004,206
52005,69
52006,59
52007,41
52008,35
52009,38
52010,91
52011,373
52012,264
52013,223
52014,138
52015,128
52016,123
52017,151
52018,469
52019,339
52020,285
52021,199
52022,175
52023,169
52024,192
52025,135
52026,121
52027,112
52028,84
52029,51
52030,47
52031,39
52032,757
52033,577
52034,512
52035,393
52036,366
52037,360
52038,393
52039,202
52040,89
52041,75
52042,44
52043,15
52044,15
52045,43
52046,291
52047,216
52048,179
52049,104
52050,71
52051,68
52052,82
52053,1665
52054,1140
52055,993
52056,699
52057,587
52058,577
52059,712
52060,161
52061,76
52062,63
52063,37
52064,21
52065,19
52066,39
52067,145
52068,97
52069,91
52070,67
52071,50
52072,49
52073,56
52074,155
52075,88
52076,74
52077,38
52078,20
52079,18
52080,31
52081,301
52082,171
52083,154
52084,115
52085,109
52086,114
52087,170
52088,886
52089,645
52090,560
52091,413
52092,355
52093,342
52094,381
52095,477
52096,292
52097,237
52098,160
52099,143
52100,149
52101,203
52102,1539
52103,951
52104,830
52105,628
52106,590
52107,615
52108,787
52109,258
52110,151
52111,129
52112,82
52113,68
52114,69
52115,97
52116,637
52117,370
52118,307
52119,217
52120,175
52121,185
52122,286
52123,364
52124,213
52125,200
52126,165
52127,119
52128,116
52129,175
52130,357
52131,277
52132,245
52133,193
52134,169
52135,162
52136,194
52137,250
52138,159
52139,142
52140,103
52141,59
52142,52
52143,62
52144,670
52145,304
52146,253
52147,171
52148,130
52149,136
52150,249
52151,1006
52152,700
52153,604
52154,440
52155,395
52156,400
52157,471
52158,196
52159,154
52160,138
52161,96
52162,60
52163,57
52164,72
52165,127
52166,96
52167,81
52168,45
52169,31
52170,27
52171,37
52172,722
52173,300
52174,263
52175,205
52176,186
52177,210
52178,373
52179,260
52180,198
52181,171
52182,125
52183,106
52184,105
52185,115
52186,2586
52187,1475
52188,1328
52189,962
52190,921
52191,945
52192,1276
52193,717
52194,713
52195,625
52196,432
52197,392
52198,367
52199,359
52200,581
52201,319
52202,287
52203,225
52204,221
52205,227
52206,323
52207,250
52208,184
52209,168
52210,136
52211,95
52212,91
52213,103
52214,260
52215,196
52216,177
52217,132
52218,114
52219,112
52220,127
52221,227
52222,155
52223,132
52224,80
52225,63
52226,63
52227,86
52228,552
52229,248
52230,214
52231,157
52232,139
52233,157
52234,273
52235,224
52236,148
52237,138
52238,111
52239,62
52240,59
52241,75
52242,159
52243,110
52244,94
52245,63
52246,46
52247,45
52248,56
52249,1856
52250,1015
52251,901
52252,673
52253,616
52254,630
52255,874
52256,81
52257,93
52258,80
52259,51
52260,37
52261,33
52262,27
52263,215
52264,139
52265,117
52266,69
52267,32
52268,29
52269,51
52270,919
52271,561
52272,491
52273,369
52274,360
52275,368
52276,498
52277,750
52278,557
52279,488
52280,364
52281,324
52282,315
52283,356
52284,578
52285,129
52286,108
52287,78
52288,75
52289,91
52290,284
52291,124
52292,106
52293,95
52294,70
52295,42
52296,37
52297,33
52298,606
52299,382
52300,337
52301,248
52302,223
52303,230
52304,311
52305,235
52306,166
52307,149
52308,100
52309,77
52310,78
52311,113
52312,339
52313,163
52314,133
52315,90
52316,65
52317,65
52318,100
52319,1208
52320,685
52321,585
52322,432
52323,421
52324,438
52325,633
52326,596
52327,338
52328,290
52329,212
52330,206
52331,211
52332,302
52333,393
52334,231
52335,192
52336,134
52337,143
52338,147
52339,176
52340,904
52341,406
52342,355
52343,253
52344,211
52345,226
52346,409
52347,2811
52348,1649
52349,1457
52350,1014
52351,919
52352,935
52353,1313
52354,277
52355,205
52356,178
52357,129
52358,119
52359,119
52360,145
52361,794
52362,571
52363,488
52364,370
52365,315
52366,315
52367,376
52368,427
52369,365
52370,310
52371,204
52372,182
52373,172
52374,179
52375,231
52376,115
52377,105
52378,69
52379,44
52380,42
52381,73
52382,611
52383,338
52384,298
52385,247
52386,209
52387,215
52388,277
52389,874
52390,563
52391,523
52392,436
52393,364
52394,352
52395,436
52396,246
52397,202
52398,183
52399,134
52400,144
52401,141
52402,149
52403,262
52404,150
52405,133
52406,83
52407,59
52408,58
52409,95
52410,81
52411,61
52412,58
52413,42
52414,27
52415,26
52416,32
52417,529
52418,606
52419,525
52420,353
52421,286
52422,265
52423,219
52424,161
52425,66
52426,57
52427,43
52428,25
52429,25
52430,54
52431,360
52432,205
52433,177
52434,109
52435,79
52436,76
52437,108
52438,463
52439,339
52440,292
52441,210
52442,193
52443,190
52444,225
52445,944
52446,712
52447,661
52448,575
52449,463
52450,444
52451,471
52452,220
52453,144
52454,119
52455,83
52456,56
52457,55
52458,86
52459,295
52460,256
52461,230
52462,169
52463,156
52464,153
52465,168
52466,1108
52467,604
52468,534
52469,383
52470,344
52471,357
52472,528
52473,318
52474,253
52475,227
52476,154
52477,114
52478,106
52479,104
52480,248
52481,141
52482,132
52483,112
52484,75
52485,72
52486,91
52487,953
52488,426
52489,361
52490,262
52491,244
52492,262
52493,457
52494,1005
52495,514
52496,455
52497,353
52498,332
52499,350
52500,517
52501,646
52502,383
52503,321
52504,211
52505,180
52506,185
52507,295
52508,348
52509,273
52510,249
52511,184
52512,181
52513,176
52514,194
52515,220
52516,136
52517,109
52518,71
52519,46
52520,46
52521,74
52522,583
52523,512
52524,435
52525,276
52526,227
52527,211
52528,183
52529,1377
52530,912
52531,785
52532,553
52533,516
52534,510
52535,623
52536,545
52537,282
52538,253
52539,194
52540,194
52541,206
52542,295
52543,589
52544,371
52545,330
52546,255
52547,237
52548,242
52549,321
52550,341
52551,215
52552,176
52553,120
52554,92
52555,92
52556,138
52557,275
52558,188
52559,160
52560,94
52561,57
52562,55
52563,73
52564,207
52565,100
52566,86
52567,64
52568,48
52569,49
52570,79
52571,231
52572,112
52573,102
52574,83
52575,55
52576,53
52577,78
52578,699
52579,484
52580,424
52581,322
52582,326
52583,322
52584,395
52585,1093
52586,891
52587,758
52588,581
52589,526
52590,522
52591,565
52592,333
52593,309
52594,271
52595,190
52596,178
52597,167
52598,154
52599,638
52600,284
52601,237
52602,171
52603,156
52604,174
52605,315
52606,719
52607,435
52608,374
52609,290
52610,262
52611,264
52612,308
52613,1262
52614,1067
52615,954
52616,717
52617,630
52618,613
52619,637
52620,441
52621,489
52622,417
52623,258
52624,209
52625,187
52626,142
52627,525
52628,308
52629,275
52630,217
52631,200
52632,203
52633,287
52634,445
52635,221
52636,200
52637,157
52638,125
52639,126
52640,191
52641,509
52642,406
52643,331
52644,225
52645,195
52646,189
52647,213
52648,156
52649,69
52650,60
52651,37
52652,24
52653,24
52654,49
52655,283
52656,271
52657,244
52658,182
52659,172
52660,168
52661,166
52662,259
52663,240
52664,207
52665,138
52666,121
52667,116
52668,131
52669,653
52670,583
52671,501
52672,396
52673,364
52674,339
52675,494
52676,1375
52677,766
52678,666
52679,476
52680,413
52681,431
52682,668
52683,403
52684,248
52685,213
52686,146
52687,108
52688,108
52689,146
52690,193
52691,137
52692,126
52693,105
52694,68
52695,67
52696,68
52697,588
52698,344
52699,323
52700,274
52701,219
52702,213
52703,295
52704,166
52705,153
52706,66
52707,61
52708,49
52709,20
52710,41
52711,420
52712,379
52713,187
52714,170
52715,152
52716,97
52717,115
52718,7
52719,6
52720,2
52721,2
52722,1
52723,0
52724,1
52725,80
52726,77
52727,31
52728,28
52729,18
52730,3
52731,18
52732,36
52733,34
52734,16
52735,15
52736,13
52737,2
52738,7
52739,19
52740,18
52741,5
52742,4
52743,3
52744,0
52745,2
52746,329
52747,304
52748,107
52749,94
52750,83
52751,39
52752,62
52753,10
52754,9
52755,4
52756,4
52757,3
52758,0
52759,1
52760,42
52761,39
52762,16
52763,14
52764,10
52765,1
52766,9
52767,18
52768,18
52769,6
52770,6
52771,4
52772,1
52773,2
52774,23
52775,22
52776,17
52777,16
52778,7
52779,1
52780,2
52781,72
52782,70
52783,31
52784,28
52785,20
52786,6
52787,22
52788,13
52789,12
52790,7
52791,7
52792,4
52793,1
52794,1
52795,75
52796,71
52797,40
52798,38
52799,27
52800,1
52801,19
52802,7
52803,7
52804,3
52805,3
52806,2
52807,0
52808,1
52809,73
52810,71
52811,41
52812,39
52813,31
52814,0
52815,16
52816,188
52817,175
52818,81
52819,72
52820,61
52821,28
52822,46
52823,24
52824,22
52825,10
52826,10
52827,6
52828,1
52829,2
52830,31
52831,29
52832,13
52833,12
52834,7
52835,1
52836,3
52837,198
52838,192
52839,94
52840,86
52841,75
52842,40
52843,60
52844,4
52845,4
52846,2
52847,2
52848,1
52849,0
52850,1
52851,85
52852,82
52853,42
52854,40
52855,25
52856,5
52857,20
52858,103
52859,95
52860,40
52861,36
52862,26
52863,3
52864,25
52865,7
52866,7
52867,4
52868,4
52869,2
52870,1
52871,1
52872,10
52873,9
52874,6
52875,6
52876,3
52877,1
52878,1
52879,2
52880,2
52881,1
52882,1
52883,0
52884,0
52885,0
52886,60
52887,59
52888,20
52889,18
52890,12
52891,1
52892,12
52893,61
52894,58
52895,29
52896,27
52897,22
52898,2
52899,15
52900,7
52901,7
52902,6
52903,6
52904,2
52905,1
52906,1
52907,7
52908,7
52909,2
52910,2
52911,1
52912,0
52913,1
52914,157
52915,147
52916,47
52917,43
52918,35
52919,17
52920,41
52921,682
52922,604
52923,237
52924,217
52925,193
52926,124
52927,156
52928,95
52929,85
52930,41
52931,37
52932,28
52933,6
52934,30
52935,276
52936,251
52937,90
52938,82
52939,74
52940,38
52941,58
52942,4
52943,3
52944,2
52945,2
52946,1
52947,0
52948,1
52949,44
52950,41
52951,18
52952,17
52953,11
52954,1
52955,10
52956,24
52957,22
52958,12
52959,11
52960,7
52961,1
52962,4
52963,14
52964,13
52965,7
52966,6
52967,3
52968,1
52969,1
52970,40
52971,37
52972,14
52973,12
52974,7
52975,0
52976,9
52977,23
52978,23
52979,14
52980,13
52981,7
52982,3
52983,5
52984,5
52985,4
52986,2
52987,2
52988,1
52989,0
52990,1
52991,23
52992,21
52993,12
52994,11
52995,9
52996,1
52997,4
52998,120
52999,110
53000,41
53001,35
53002,29
53003,12
53004,34
53005,10
53006,10
53007,4
53008,4
53009,3
53010,0
53011,1
53012,28
53013,27
53014,9
53015,8
53016,6
53017,1
53018,3
53019,32
53020,29
53021,14
53022,13
53023,10
53024,1
53025,6
53026,3
53027,3
53028,1
53029,1
53030,1
53031,0
53032,0
53033,23
53034,22
53035,10
53036,10
53037,7
53038,0
53039,2
53040,275
53041,255
53042,99
53043,89
53044,78
53045,41
53046,57
53047,21
53048,19
53049,8
53050,7
53051,4
53052,0
53053,2
53054,53
53055,50
53056,26
53057,24
53058,19
53059,2
53060,13
53061,19
53062,19
53063,9
53064,9
53065,5
53066,1
53067,2
53068,1192
53069,1039
53070,432
53071,381
53072,324
53073,210
53074,278
53075,37
53076,35
53077,20
53078,19
53079,10
53080,0
53081,2
53082,1
53083,1
53084,1
53085,1
53086,0
53087,0
53088,0
53089,121
53090,118
53091,42
53092,36
53093,26
53094,8
53095,29
53096,51
53097,50
53098,24
53099,22
53100,15
53101,2
53102,9
53103,63
53104,58
53105,35
53106,33
53107,21
53108,3
53109,13
53110,6
53111,5
53112,2
53113,2
53114,1
53115,0
53116,1
53117,47
53118,43
53119,20
53120,19
53121,13
53122,1
53123,8
53124,8
53125,7
53126,6
53127,6
53128,3
53129,1
53130,1
53131,42
53132,40
53133,16
53134,15
53135,11
53136,1
53137,3
53138,44
53139,40
53140,28
53141,26
53142,16
53143,3
53144,9
53145,4
53146,4
53147,1
53148,1
53149,1
53150,0
53151,0
53152,30
53153,26
53154,14
53155,13
53156,8
53157,1
53158,5
53159,127
53160,122
53161,52
53162,51
53163,36
53164,7
53165,33
53166,197
53167,185
53168,65
53169,58
53170,49
53171,29
53172,48
53173,738
53174,657
53175,250
53176,226
53177,202
53178,150
53179,187
53180,4
53181,4
53182,2
53183,2
53184,1
53185,0
53186,0
53187,59
53188,57
53189,31
53190,30
53191,19
53192,0
53193,13
53194,9
53195,9
53196,5
53197,5
53198,4
53199,0
53200,1
53201,110
53202,105
53203,47
53204,45
53205,31
53206,7
53207,34
53208,196
53209,183
53210,66
53211,59
53212,50
53213,31
53214,48
53215,102
53216,98
53217,53
53218,47
53219,37
53220,14
53221,19
53222,25
53223,23
53224,12
53225,12
53226,7
53227,1
53228,3
53229,27
53230,25
53231,11
53232,10
53233,9
53234,1
53235,4
53236,1
53237,1
53238,1
53239,0
53240,0
53241,0
53242,0
53243,16
53244,15
53245,6
53246,6
53247,3
53248,0
53249,1
53250,90
53251,84
53252,36
53253,32
53254,24
53255,4
53256,24
53257,5
53258,4
53259,3
53260,2
53261,1
53262,0
53263,0
53264,95
53265,89
53266,54
53267,51
53268,38
53269,7
53270,32
53271,45
53272,41
53273,21
53274,19
53275,12
53276,1
53277,11
53278,133
53279,127
53280,76
53281,72
53282,59
53283,34
53284,53
53285,49
53286,46
53287,14
53288,12
53289,8
53290,1
53291,7
53292,42
53293,39
53294,19
53295,17
53296,11
53297,1
53298,7
53299,140
53300,125
53301,53
53302,45
53303,39
53304,20
53305,36
53306,56
53307,49
53308,24
53309,22
53310,14
53311,0
53312,13
53313,20
53314,19
53315,9
53316,8
53317,6
53318,0
53319,2
53320,13
53321,13
53322,5
53323,5
53324,3
53325,0
53326,2
53327,18
53328,17
53329,9
53330,8
53331,7
53332,0
53333,2
53334,13
53335,11
53336,6
53337,6
53338,4
53339,0
53340,2
53341,46
53342,43
53343,23
53344,22
53345,14
53346,1
53347,6
53348,13
53349,12
53350,8
53351,8
53352,4
53353,0
53354,1
53355,147
53356,141
53357,49
53358,43
53359,36
53360,12
53361,31
53362,9
53363,8
53364,4
53365,3
53366,2
53367,0
53368,2
53369,75
53370,73
53371,37
53372,35
53373,23
53374,2
53375,17
53376,10
53377,8
53378,0
53379,0
53380,0
53381,1
53382,1
53383,7
53384,7
53385,0
53386,0
53387,0
53388,1
53389,1
53390,8
53391,8
53392,1
53393,0
53394,1
53395,1
53396,1
53397,14
53398,12
53399,1
53400,0
53401,1
53402,1
53403,1
53404,17
53405,14
53406,1
53407,0
53408,1
53409,1
53410,1
53411,1
53412,1
53413,0
53414,0
53415,0
53416,0
53417,0
53418,1
53419,1
53420,0
53421,0
53422,0
53423,0
53424,0
53425,6
53426,6
53427,1
53428,0
53429,1
53430,1
53431,1
53432,6
53433,5
53434,0
53435,0
53436,0
53437,0
53438,0
53439,3
53440,3
53441,0
53442,0
53443,1
53444,1
53445,1
53446,7
53447,6
53448,0
53449,0
53450,0
53451,0
53452,0
53453,8
53454,7
53455,0
53456,0
53457,0
53458,1
53459,1
53460,2
53461,1
53462,0
53463,0
53464,0
53465,0
53466,0
53467,4
53468,3
53469,0
53470,0
53471,0
53472,1
53473,1
53474,7
53475,6
53476,1
53477,0
53478,1
53479,1
53480,1
53481,6
53482,6
53483,14
53484,21
53485,25
53486,28
53487,28
53488,4
53489,4
53490,9
53491,14
53492,16
53493,19
53494,19
53495,4
53496,3
53497,7
53498,11
53499,13
53500,15
53501,15
53502,4
53503,3
53504,7
53505,11
53506,11
53507,14
53508,13
53509,4
53510,4
53511,11
53512,17
53513,20
53514,23
53515,23
53516,27
53517,24
53518,32
53519,69
53520,68
53521,82
53522,80
53523,31
53524,29
53525,50
53526,80
53527,72
53528,86
53529,85
53530,5
53531,5
53532,12
53533,18
53534,22
53535,26
53536,25
53537,32
53538,27
53539,21
53540,54
53541,62
53542,73
53543,72
53544,39
53545,30
53546,30
53547,30
53548,34
53549,35
53550,34
53551,7
53552,6
53553,22
53554,31
53555,37
53556,43
53557,43
53558,12
53559,11
53560,23
53561,32
53562,38
53563,43
53564,43
53565,9
53566,9
53567,23
53568,33
53569,39
53570,44
53571,44
53572,34
53573,14
53574,12
53575,5
53576,0
53577,0
53578,0
53579,91
53580,53
53581,51
53582,35
53583,0
53584,0
53585,0
53586,41
53587,14
53588,10
53589,5
53590,0
53591,0
53592,0
53593,398
53594,159
53595,135
53596,107
53597,12
53598,34
53599,24
53600,67
53601,30
53602,24
53603,12
53604,0
53605,0
53606,0
53607,84
53608,28
53609,23
53610,15
53611,0
53612,1
53613,0
53614,75
53615,38
53616,32
53617,21
53618,0
53619,0
53620,0
53621,132
53622,78
53623,73
53624,57
53625,3
53626,2
53627,2
53628,7
53629,3
53630,3
53631,1
53632,0
53633,0
53634,0
53635,11
53636,6
53637,5
53638,2
53639,0
53640,0
53641,0
53642,171
53643,99
53644,87
53645,74
53646,9
53647,7
53648,7
53649,269
53650,165
53651,152
53652,131
53653,59
53654,96
53655,51
53656,9
53657,3
53658,2
53659,1
53660,0
53661,0
53662,0
53663,100
53664,45
53665,39
53666,29
53667,0
53668,0
53669,0
53670,13
53671,5
53672,4
53673,1
53674,0
53675,0
53676,0
53677,4
53678,1
53679,1
53680,0
53681,0
53682,0
53683,0
53684,84
53685,44
53686,39
53687,30
53688,0
53689,0
53690,0
53691,11
53692,3
53693,2
53694,0
53695,0
53696,0
53697,0
53698,15
53699,7
53700,6
53701,0
53702,0
53703,0
53704,0
53705,14
53706,9
53707,8
53708,1
53709,0
53710,0
53711,0
53712,22
53713,7
53714,5
53715,1
53716,0
53717,0
53718,0
53719,68
53720,25
53721,20
53722,9
53723,0
53724,0
53725,0
53726,86
53727,43
53728,38
53729,23
53730,1
53731,1
53732,1
53733,7
53734,3
53735,3
53736,1
53737,0
53738,0
53739,0
53740,248
53741,87
53742,75
53743,53
53744,16
53745,21
53746,17
53747,43
53748,21
53749,18
53750,7
53751,0
53752,0
53753,0
53754,624
53755,304
53756,277
53757,224
53758,74
53759,107
53760,88
53761,101
53762,65
53763,59
53764,38
53765,0
53766,0
53767,0
53768,176
53769,87
53770,83
53771,66
53772,14
53773,16
53774,14
53775,78
53776,44
53777,42
53778,30
53779,0
53780,0
53781,0
53782,50
53783,16
53784,14
53785,7
53786,0
53787,0
53788,0
53789,61
53790,29
53791,24
53792,10
53793,0
53794,1
53795,0
53796,3
53797,1
53798,1
53799,0
53800,0
53801,0
53802,0
53803,113
53804,53
53805,49
53806,32
53807,1
53808,0
53809,1
53810,36
53811,17
53812,14
53813,4
53814,0
53815,0
53816,0
53817,155
53818,77
53819,70
53820,58
53821,3
53822,3
53823,2
53824,90
53825,51
53826,46
53827,30
53828,0
53829,0
53830,0
53831,104
53832,22
53833,16
53834,11
53835,0
53836,0
53837,0
53838,64
53839,32
53840,28
53841,19
53842,0
53843,0
53844,0
53845,7
53846,2
53847,2
53848,0
53849,0
53850,0
53851,0
53852,162
53853,81
53854,73
53855,52
53856,2
53857,1
53858,1
53859,58
53860,25
53861,24
53862,7
53863,0
53864,0
53865,0
53866,1193
53867,552
53868,486
53869,379
53870,113
53871,173
53872,131
53873,0
53874,0
53875,0
53876,0
53877,0
53878,0
53879,0
53880,29
53881,15
53882,12
53883,4
53884,0
53885,0
53886,0
53887,69
53888,28
53889,23
53890,10
53891,0
53892,0
53893,0
53894,115
53895,50
53896,44
53897,21
53898,0
53899,0
53900,0
53901,114
53902,85
53903,78
53904,63
53905,22
53906,35
53907,18
53908,34
53909,10
53910,7
53911,0
53912,0
53913,0
53914,0
53915,4
53916,0
53917,0
53918,0
53919,0
53920,0
53921,0
53922,43
53923,23
53924,21
53925,11
53926,0
53927,0
53928,0
53929,148
53930,65
53931,58
53932,41
53933,0
53934,0
53935,0
53936,13
53937,4
53938,4
53939,1
53940,0
53941,0
53942,0
53943,56
53944,27
53945,22
53946,12
53947,0
53948,0
53949,0
53950,253
53951,101
53952,88
53953,71
53954,13
53955,19
53956,14
53957,272
53958,114
53959,102
53960,69
53961,21
53962,28
53963,22
53964,20
53965,8
53966,7
53967,0
53968,0
53969,0
53970,0
53971,97
53972,59
53973,55
53974,37
53975,0
53976,0
53977,0
53978,71
53979,29
53980,22
53981,9
53982,0
53983,0
53984,0
53985,41
53986,25
53987,23
53988,11
53989,0
53990,0
53991,0
53992,321
53993,188
53994,171
53995,143
53996,12
53997,21
53998,10
53999,78
54000,31
54001,28
54002,16
54003,0
54004,0
54005,0
54006,80
54007,33
54008,29
54009,17
54010,0
54011,0
54012,0
54013,15
54014,6
54015,5
54016,0
54017,0
54018,0
54019,0
54020,0
54021,1
54022,0
54023,0
54024,0
54025,0
54026,0
54027,47
54028,19
54029,16
54030,7
54031,0
54032,0
54033,0
54034,63
54035,35
54036,31
54037,16
54038,0
54039,0
54040,0
54041,8
54042,6
54043,5
54044,0
54045,0
54046,0
54047,0
54048,181
54049,72
54050,61
54051,43
54052,3
54053,3
54054,2
54055,68
54056,36
54057,32
54058,20
54059,0
54060,0
54061,0
54062,165
54063,107
54064,97
54065,78
54066,0
54067,0
54068,0
54069,6
54070,3
54071,2
54072,0
54073,0
54074,0
54075,0
54076,147
54077,60
54078,52
54079,42
54080,3
54081,3
54082,2
54083,38
54084,16
54085,13
54086,5
54087,0
54088,0
54089,0
54090,4
54091,1
54092,1
54093,1
54094,0
54095,0
54096,0
54097,76
54098,47
54099,43
54100,24
54101,3
54102,4
54103,2
54104,95
54105,52
54106,46
54107,31
54108,0
54109,0
54110,0
54111,264
54112,118
54113,103
54114,88
54115,10
54116,14
54117,11
54118,32
54119,12
54120,10
54121,2
54122,0
54123,0
54124,0
54125,32
54126,20
54127,18
54128,4
54129,0
54130,0
54131,0
54132,6
54133,0
54134,0
54135,0
54136,0
54137,0
54138,0
54139,499
54140,455
54141,450
54142,369
54143,370
54144,299
54145,299
54146,923
54147,819
54148,896
54149,707
54150,714
54151,720
54152,741
54153,285
54154,278
54155,279
54156,228
54157,219
54158,103
54159,97
54160,26
54161,22
54162,23
54163,22
54164,16
54165,2
54166,2
54167,689
54168,674
54169,662
54170,554
54171,545
54172,297
54173,296
54174,1410
54175,1336
54176,1317
54177,1142
54178,1142
54179,836
54180,848
54181,19
54182,17
54183,18
54184,16
54185,12
54186,1
54187,1
54188,54
54189,51
54190,52
54191,50
54192,46
54193,11
54194,11
54195,208
54196,199
54197,188
54198,168
54199,162
54200,68
54201,69
54202,39
54203,37
54204,37
54205,34
54206,27
54207,6
54208,7
54209,90
54210,90
54211,88
54212,83
54213,76
54214,14
54215,14
54216,88
54217,71
54218,93
54219,76
54220,64
54221,12
54222,12
54223,159
54224,146
54225,157
54226,127
54227,124
54228,68
54229,68
54230,118
54231,115
54232,113
54233,97
54234,85
54235,18
54236,18
54237,60
54238,58
54239,55
54240,52
54241,46
54242,10
54243,10
54244,362
54245,374
54246,375
54247,304
54248,302
54249,269
54250,273
54251,195
54252,183
54253,193
54254,157
54255,147
54256,72
54257,76
54258,127
54259,116
54260,120
54261,92
54262,80
54263,14
54264,14
54265,226
54266,217
54267,216
54268,188
54269,191
54270,98
54271,98
54272,308
54273,319
54274,335
54275,265
54276,271
54277,257
54278,259
54279,521
54280,482
54281,511
54282,421
54283,447
54284,429
54285,438
54286,300
54287,277
54288,297
54289,245
54290,246
54291,141
54292,134
54293,235
54294,236
54295,234
54296,203
54297,200
54298,107
54299,110
54300,116
54301,110
54302,113
54303,97
54304,93
54305,40
54306,38
54307,126
54308,113
54309,125
54310,98
54311,86
54312,16
54313,17
54314,178
54315,181
54316,180
54317,154
54318,150
54319,52
54320,53
54321,137
54322,135
54323,134
54324,109
54325,104
54326,33
54327,31
54328,120
54329,105
54330,117
54331,96
54332,90
54333,32
54334,33
54335,69
54336,62
54337,67
54338,53
54339,46
54340,10
54341,9
54342,658
54343,636
54344,615
54345,562
54346,545
54347,357
54348,350
54349,76
54350,74
54351,76
54352,72
54353,66
54354,17
54355,19
54356,1617
54357,1418
54358,1448
54359,1227
54360,1228
54361,1113
54362,1084
54363,233
54364,212
54365,258
54366,209
54367,216
54368,201
54369,210
54370,689
54371,633
54372,641
54373,558
54374,557
54375,439
54376,443
54377,82
54378,75
54379,78
54380,65
54381,64
54382,14
54383,13
54384,68
54385,64
54386,64
54387,61
54388,56
54389,11
54390,12
54391,212
54392,194
54393,203
54394,162
54395,154
54396,92
54397,91
54398,252
54399,246
54400,231
54401,202
54402,201
54403,99
54404,97
54405,68
54406,66
54407,66
54408,60
54409,56
54410,5
54411,3
54412,28
54413,26
54414,25
54415,24
54416,20
54417,6
54418,6
54419,967
54420,1008
54421,953
54422,817
54423,814
54424,610
54425,605
54426,79
54427,66
54428,86
54429,68
54430,64
54431,21
54432,22
54433,79
54434,75
54435,76
54436,71
54437,64
54438,5
54439,4
54440,694
54441,649
54442,669
54443,565
54444,567
54445,467
54446,469
54447,150
54448,147
54449,158
54450,134
54451,126
54452,43
54453,44
54454,308
54455,312
54456,262
54457,247
54458,244
54459,127
54460,124
54461,45
54462,42
54463,42
54464,40
54465,37
54466,4
54467,3
54468,240
54469,237
54470,230
54471,205
54472,200
54473,105
54474,106
54475,260
54476,253
54477,263
54478,225
54479,220
54480,128
54481,128
54482,124
54483,107
54484,118
54485,101
54486,94
54487,29
54488,31
54489,134
54490,125
54491,136
54492,106
54493,99
54494,68
54495,72
54496,881
54497,834
54498,828
54499,699
54500,701
54501,542
54502,541
54503,325
54504,327
54505,330
54506,284
54507,272
54508,170
54509,170
54510,160
54511,147
54512,167
54513,121
54514,125
54515,92
54516,96
54517,351
54518,344
54519,341
54520,299
54521,297
54522,171
54523,171
54524,2335
54525,2054
54526,2120
54527,1792
54528,1741
54529,1485
54530,1458
54531,162
54532,158
54533,168
54534,144
54535,138
54536,70
54537,74
54538,235
54539,223
54540,233
54541,198
54542,189
54543,113
54544,113
54545,15
54546,13
54547,15
54548,13
54549,10
54550,8
54551,8
54552,137
54553,136
54554,132
54555,109
54556,102
54557,18
54558,17
54559,486
54560,483
54561,477
54562,405
54563,405
54564,271
54565,262
54566,285
54567,296
54568,287
54569,247
54570,240
54571,154
54572,155
54573,156
54574,136
54575,152
54576,121
54577,116
54578,60
54579,60
54580,209
54581,197
54582,200
54583,161
54584,152
54585,50
54586,51
54587,299
54588,248
54589,320
54590,236
54591,227
54592,204
54593,222
54594,120
54595,115
54596,109
54597,97
54598,91
54599,8
54600,5
54601,205
54602,182
54603,193
54604,156
54605,151
54606,96
54607,98
54608,175
54609,166
54610,178
54611,145
54612,139
54613,94
54614,94
54615,54
54616,50
54617,50
54618,49
54619,43
54620,16
54621,18
54622,338
54623,304
54624,356
54625,295
54626,287
54627,270
54628,279
54629,695
54630,653
54631,638
54632,538
54633,528
54634,341
54635,340
54636,50
54637,44
54638,47
54639,43
54640,37
54641,6
54642,6
54643,678
54644,648
54645,642
54646,560
54647,549
54648,383
54649,381
54650,1002
54651,894
54652,918
54653,793
54654,773
54655,683
54656,680
54657,166
54658,160
54659,166
54660,145
54661,142
54662,50
54663,50
54664,277
54665,261
54666,284
54667,235
54668,226
54669,173
54670,177
54671,114
54672,110
54673,122
54674,102
54675,89
54676,30
54677,31
54678,701
54679,670
54680,702
54681,570
54682,553
54683,488
54684,502
54685,159
54686,156
54687,154
54688,133
54689,128
54690,63
54691,62
54692,227
54693,220
54694,220
54695,190
54696,204
54697,112
54698,110
54699,215
54700,204
54701,213
54702,187
54703,183
54704,76
54705,75
54706,179
54707,174
54708,177
54709,150
54710,149
54711,65
54712,67
54713,27
54714,25
54715,24
54716,23
54717,21
54718,5
54719,4
54720,179
54721,175
54722,175
54723,150
54724,143
54725,71
54726,77
54727,15
54728,14
54729,13
54730,12
54731,11
54732,0
54733,0
54734,359
54735,339
54736,350
54737,298
54738,287
54739,236
54740,235
54741,626
54742,592
54743,566
54744,496
54745,469
54746,275
54747,261
54748,253
54749,237
54750,219
54751,191
54752,175
54753,110
54754,105
54755,434
54756,422
54757,408
54758,359
54759,348
54760,197
54761,195
54762,163
54763,155
54764,160
54765,138
54766,138
54767,79
54768,80
54769,396
54770,357
54771,402
54772,333
54773,329
54774,296
54775,301
54776,331
54777,270
54778,353
54779,261
54780,232
54781,145
54782,150
54783,396
54784,375
54785,380
54786,334
54787,328
54788,186
54789,183
54790,167
54791,173
54792,167
54793,145
54794,139
54795,48
54796,45
54797,162
54798,156
54799,179
54800,143
54801,141
54802,52
54803,49
54804,115
54805,116
54806,109
54807,98
54808,92
54809,22
54810,21
54811,130
54812,110
54813,127
54814,101
54815,98
54816,45
54817,47
54818,127
54819,112
54820,126
54821,101
54822,98
54823,40
54824,43
54825,43
54826,40
54827,40
54828,38
54829,34
54830,4
54831,4
54832,107
54833,106
54834,109
54835,97
54836,91
54837,42
54838,42
54839,766
54840,755
54841,740
54842,635
54843,638
54844,468
54845,468
54846,114
54847,107
54848,113
54849,93
54850,88
54851,27
54852,29
54853,66
54854,62
54855,60
54856,55
54857,50
54858,7
54859,6
54860,97
54861,96
54862,86
54863,81
54864,73
54865,19
54866,15
54867,30
54868,15
54869,4
54870,0
54871,4
54872,8
54873,8
54874,0
54875,0
54876,0
54877,0
54878,0
54879,0
54880,0
54881,1
54882,0
54883,0
54884,0
54885,0
54886,0
54887,0
54888,2
54889,0
54890,0
54891,0
54892,0
54893,0
54894,0
54895,0
54896,0
54897,0
54898,0
54899,0
54900,0
54901,0
54902,12
54903,1
54904,0
54905,0
54906,0
54907,0
54908,1
54909,2
54910,0
54911,0
54912,0
54913,0
54914,0
54915,0
54916,4
54917,1
54918,0
54919,0
54920,0
54921,1
54922,1
54923,0
54924,0
54925,0
54926,0
54927,0
54928,0
54929,0
54930,71
54931,44
54932,17
54933,13
54934,19
54935,30
54936,30
54937,4
54938,1
54939,0
54940,0
54941,0
54942,0
54943,1
54944,5
54945,1
54946,0
54947,0
54948,0
54949,0
54950,0
54951,0
54952,0
54953,0
54954,0
54955,0
54956,0
54957,0
54958,4
54959,1
54960,0
54961,0
54962,0
54963,0
54964,0
54965,4
54966,1
54967,0
54968,0
54969,0
54970,1
54971,1
54972,3
54973,1
54974,0
54975,0
54976,0
54977,0
54978,0
54979,5
54980,1
54981,0
54982,0
54983,0
54984,0
54985,0
54986,13
54987,2
54988,0
54989,0
54990,1
54991,2
54992,2
54993,2
54994,1
54995,0
54996,0
54997,0
54998,0
54999,0
55000,2
55001,0
55002,0
55003,0
55004,0
55005,0
55006,0
55007,1
55008,0
55009,0
55010,0
55011,0
55012,0
55013,0
55014,1
55015,0
55016,0
55017,0
55018,0
55019,0
55020,0
55021,17
55022,7
55023,0
55024,0
55025,2
55026,4
55027,4
55028,0
55029,0
55030,0
55031,0
55032,0
55033,0
55034,0
55035,2
55036,0
55037,0
55038,0
55039,0
55040,0
55041,0
55042,0
55043,0
55044,0
55045,0
55046,0
55047,0
55048,0
55049,4
55050,1
55051,0
55052,0
55053,0
55054,1
55055,1
55056,5
55057,2
55058,1
55059,0
55060,0
55061,0
55062,1
55063,13
55064,4
55065,3
55066,0
55067,0
55068,0
55069,1
55070,10
55071,2
55072,2
55073,0
55074,0
55075,1
55076,1
55077,1
55078,0
55079,0
55080,0
55081,0
55082,0
55083,0
55084,1
55085,1
55086,1
55087,0
55088,0
55089,0
55090,1
55091,1
55092,0
55093,0
55094,0
55095,0
55096,0
55097,0
55098,1
55099,0
55100,0
55101,0
55102,0
55103,0
55104,0
55105,20
55106,8
55107,6
55108,0
55109,0
55110,2
55111,4
55112,7
55113,1
55114,1
55115,0
55116,0
55117,1
55118,1
55119,1
55120,0
55121,0
55122,0
55123,0
55124,0
55125,0
55126,20
55127,7
55128,6
55129,0
55130,0
55131,2
55132,3
55133,0
55134,0
55135,0
55136,0
55137,0
55138,0
55139,0
55140,0
55141,0
55142,0
55143,0
55144,0
55145,0
55146,0
55147,17
55148,4
55149,3
55150,0
55151,0
55152,2
55153,3
55154,1
55155,0
55156,0
55157,0
55158,0
55159,0
55160,0
55161,4
55162,1
55163,1
55164,0
55165,0
55166,0
55167,1
55168,2
55169,1
55170,1
55171,0
55172,0
55173,0
55174,1
55175,1
55176,0
55177,0
55178,0
55179,0
55180,0
55181,0
55182,4
55183,2
55184,1
55185,0
55186,0
55187,0
55188,1
55189,16
55190,6
55191,5
55192,0
55193,0
55194,1
55195,2
55196,86
55197,38
55198,33
55199,15
55200,9
55201,20
55202,35
55203,5
55204,2
55205,2
55206,0
55207,0
55208,1
55209,2
55210,36
55211,11
55212,9
55213,2
55214,0
55215,7
55216,12
55217,1
55218,0
55219,0
55220,0
55221,0
55222,0
55223,1
55224,10
55225,3
55226,3
55227,0
55228,0
55229,1
55230,2
55231,0
55232,0
55233,0
55234,0
55235,0
55236,0
55237,0
55238,3
55239,0
55240,0
55241,0
55242,0
55243,0
55244,0
55245,0
55246,1
55247,1
55248,0
55249,0
55250,0
55251,0
55252,1
55253,0
55254,0
55255,0
55256,0
55257,0
55258,0
55259,10
55260,2
55261,1
55262,0
55263,0
55264,1
55265,1
55266,14
55267,4
55268,3
55269,0
55270,0
55271,1
55272,2
55273,0
55274,0
55275,0
55276,0
55277,0
55278,0
55279,0
55280,22
55281,11
55282,9
55283,0
55284,0
55285,4
55286,6
55287,5
55288,2
55289,2
55290,0
55291,0
55292,1
55293,2
55294,4
55295,1
55296,1
55297,0
55298,0
55299,1
55300,2
55301,7
55302,3
55303,2
55304,0
55305,0
55306,2
55307,2
55308,2
55309,1
55310,1
55311,0
55312,0
55313,0
55314,0
55315,3
55316,0
55317,0
55318,0
55319,0
55320,0
55321,0
55322,38
55323,14
55324,12
55325,5
55326,1
55327,0
55328,0
55329,17
55330,5
55331,3
55332,0
55333,0
55334,0
55335,0
55336,11
55337,3
55338,2
55339,0
55340,0
55341,0
55342,0
55343,4
55344,1
55345,0
55346,0
55347,0
55348,0
55349,0
55350,31
55351,16
55352,14
55353,0
55354,0
55355,1
55356,0
55357,18
55358,8
55359,8
55360,1
55361,0
55362,2
55363,2
55364,148
55365,75
55366,54
55367,56
55368,46
55369,31
55370,38
55371,89
55372,41
55373,33
55374,16
55375,8
55376,0
55377,0
55378,22
55379,7
55380,5
55381,1
55382,0
55383,0
55384,0
55385,4
55386,2
55387,1
55388,0
55389,0
55390,0
55391,0
55392,0
55393,0
55394,0
55395,0
55396,0
55397,0
55398,0
55399,13
55400,3
55401,3
55402,0
55403,0
55404,0
55405,0
55406,118
55407,53
55408,42
55409,12
55410,7
55411,0
55412,4
55413,12
55414,4
55415,3
55416,0
55417,0
55418,0
55419,0
55420,236
55421,141
55422,109
55423,111
55424,92
55425,78
55426,96
55427,82
55428,33
55429,28
55430,14
55431,11
55432,1
55433,1
55434,15
55435,4
55436,3
55437,0
55438,0
55439,1
55440,1
55441,15
55442,2
55443,1
55444,0
55445,0
55446,0
55447,0
55448,275
55449,137
55450,105
55451,61
55452,56
55453,49
55454,55
55455,5
55456,1
55457,1
55458,0
55459,0
55460,0
55461,0
55462,4
55463,0
55464,0
55465,0
55466,0
55467,0
55468,0
55469,13
55470,5
55471,4
55472,0
55473,0
55474,0
55475,0
55476,143
55477,64
55478,53
55479,31
55480,19
55481,6
55482,10
55483,118
55484,50
55485,43
55486,23
55487,11
55488,0
55489,1
55490,370
55491,204
55492,175
55493,144
55494,129
55495,115
55496,123
55497,40
55498,13
55499,10
55500,3
55501,2
55502,0
55503,0
55504,0
55505,0
55506,0
55507,0
55508,0
55509,0
55510,0
55511,25
55512,9
55513,7
55514,0
55515,0
55516,0
55517,0
55518,34
55519,14
55520,11
55521,1
55522,0
55523,0
55524,0
55525,34
55526,10
55527,7
55528,2
55529,0
55530,0
55531,0
55532,22
55533,8
55534,7
55535,2
55536,0
55537,0
55538,0
55539,29
55540,12
55541,11
55542,2
55543,0
55544,0
55545,0
55546,2
55547,0
55548,0
55549,0
55550,0
55551,0
55552,0
55553,127
55554,58
55555,49
55556,29
55557,24
55558,14
55559,16
55560,256
55561,140
55562,125
55563,81
55564,58
55565,33
55566,33
55567,12
55568,0
55569,0
55570,0
55571,0
55572,0
55573,0
55574,17
55575,6
55576,5
55577,0
55578,0
55579,0
55580,0
55581,45
55582,26
55583,23
55584,0
55585,0
55586,1
55587,0
55588,10
55589,1
55590,0
55591,0
55592,1
55593,0
55594,0
55595,7
55596,1
55597,1
55598,0
55599,0
55600,0
55601,0
55602,61
55603,54
55604,28
55605,27
55606,13
55607,13
55608,19
55609,119
55610,104
55611,50
55612,45
55613,33
55614,30
55615,39
55616,17
55617,16
55618,8
55619,8
55620,4
55621,4
55622,6
55623,6
55624,5
55625,3
55626,2
55627,1
55628,1
55629,2
55630,14
55631,13
55632,7
55633,7
55634,3
55635,3
55636,4
55637,8
55638,8
55639,5
55640,4
55641,3
55642,3
55643,4
55644,84
55645,78
55646,36
55647,36
55648,19
55649,19
55650,25
55651,10
55652,10
55653,6
55654,5
55655,3
55656,3
55657,4
55658,2
55659,2
55660,1
55661,1
55662,1
55663,1
55664,1
55665,3
55666,2
55667,1
55668,1
55669,1
55670,1
55671,1
55672,5
55673,5
55674,3
55675,3
55676,1
55677,1
55678,2
55679,13
55680,13
55681,8
55682,7
55683,4
55684,4
55685,5
55686,3
55687,2
55688,2
55689,2
55690,0
55691,0
55692,1
55693,23
55694,21
55695,16
55696,16
55697,10
55698,10
55699,11
55700,9
55701,9
55702,6
55703,5
55704,3
55705,3
55706,4
55707,33
55708,30
55709,19
55710,19
55711,9
55712,9
55713,9
55714,9
55715,8
55716,5
55717,5
55718,3
55719,3
55720,4
55721,4
55722,4
55723,3
55724,2
55725,2
55726,2
55727,1
55728,38
55729,35
55730,17
55731,16
55732,6
55733,7
55734,9
55735,2
55736,1
55737,1
55738,1
55739,1
55740,1
55741,1
55742,29
55743,28
55744,16
55745,15
55746,9
55747,9
55748,12
55749,6
55750,6
55751,3
55752,2
55753,1
55754,1
55755,2
55756,27
55757,25
55758,11
55759,10
55760,6
55761,6
55762,8
55763,3
55764,3
55765,2
55766,2
55767,1
55768,1
55769,1
55770,9
55771,8
55772,3
55773,3
55774,2
55775,2
55776,3
55777,3
55778,3
55779,2
55780,2
55781,1
55782,1
55783,1
55784,6
55785,5
55786,4
55787,4
55788,2
55789,3
55790,2
55791,10
55792,9
55793,5
55794,5
55795,2
55796,2
55797,3
55798,9
55799,8
55800,6
55801,6
55802,4
55803,4
55804,4
55805,5
55806,5
55807,4
55808,4
55809,3
55810,3
55811,3
55812,308
55813,264
55814,97
55815,87
55816,66
55817,60
55818,80
55819,9
55820,8
55821,7
55822,6
55823,4
55824,4
55825,4
55826,81
55827,74
55828,35
55829,34
55830,23
55831,23
55832,29
55833,8
55834,8
55835,5
55836,4
55837,3
55838,3
55839,3
55840,29
55841,28
55842,11
55843,10
55844,6
55845,6
55846,8
55847,19
55848,18
55849,11
55850,11
55851,6
55852,6
55853,7
55854,5
55855,4
55856,3
55857,3
55858,2
55859,2
55860,2
55861,3
55862,3
55863,2
55864,2
55865,1
55866,1
55867,2
55868,28
55869,26
55870,15
55871,14
55872,9
55873,9
55874,12
55875,3
55876,3
55877,2
55878,2
55879,1
55880,1
55881,1
55882,14
55883,13
55884,7
55885,7
55886,4
55887,4
55888,6
55889,8
55890,7
55891,3
55892,3
55893,2
55894,2
55895,3
55896,6
55897,5
55898,5
55899,4
55900,3
55901,3
55902,3
55903,25
55904,25
55905,18
55906,17
55907,11
55908,12
55909,12
55910,482
55911,411
55912,161
55913,140
55914,104
55915,92
55916,124
55917,9
55918,9
55919,6
55920,6
55921,3
55922,3
55923,4
55924,12
55925,11
55926,8
55927,7
55928,3
55929,3
55930,5
55931,15
55932,14
55933,9
55934,9
55935,5
55936,5
55937,5
55938,15
55939,15
55940,11
55941,11
55942,6
55943,6
55944,6
55945,10
55946,9
55947,6
55948,6
55949,4
55950,4
55951,5
55952,6
55953,6
55954,3
55955,3
55956,1
55957,1
55958,2
55959,8
55960,7
55961,7
55962,7
55963,4
55964,4
55965,4
55966,4
55967,4
55968,2
55969,2
55970,1
55971,1
55972,1
55973,8
55974,7
55975,5
55976,5
55977,3
55978,3
55979,4
55980,6
55981,6
55982,4
55983,4
55984,2
55985,2
55986,3
55987,3
55988,2
55989,2
55990,2
55991,1
55992,1
55993,1
55994,18
55995,16
55996,9
55997,8
55998,4
55999,4
56000,6
56001,4
56002,4
56003,3
56004,3
56005,2
56006,2
56007,2
56008,42
56009,39
56010,22
56011,21
56012,13
56013,13
56014,15
56015,283
56016,246
56017,91
56018,84
56019,66
56020,59
56021,79
56022,5
56023,4
56024,2
56025,2
56026,1
56027,1
56028,2
56029,42
56030,40
56031,22
56032,20
56033,11
56034,11
56035,15
56036,10
56037,9
56038,5
56039,4
56040,3
56041,3
56042,4
56043,23
56044,21
56045,11
56046,11
56047,6
56048,6
56049,6
56050,65
56051,61
56052,25
56053,22
56054,13
56055,13
56056,19
56057,15
56058,14
56059,8
56060,7
56061,4
56062,4
56063,6
56064,1
56065,1
56066,0
56067,0
56068,0
56069,0
56070,0
56071,7
56072,6
56073,3
56074,3
56075,2
56076,2
56077,3
56078,11
56079,10
56080,7
56081,7
56082,4
56083,4
56084,4
56085,9
56086,8
56087,8
56088,8
56089,5
56090,5
56091,5
56092,25
56093,23
56094,18
56095,17
56096,9
56097,9
56098,9
56099,17
56100,16
56101,7
56102,7
56103,4
56104,5
56105,6
56106,9
56107,8
56108,6
56109,6
56110,4
56111,4
56112,4
56113,6
56114,5
56115,5
56116,5
56117,3
56118,3
56119,3
56120,17
56121,13
56122,10
56123,9
56124,3
56125,3
56126,3
56127,6
56128,5
56129,4
56130,4
56131,3
56132,3
56133,3
56134,4
56135,3
56136,2
56137,2
56138,1
56139,1
56140,1
56141,9
56142,8
56143,8
56144,8
56145,5
56146,5
56147,5
56148,7
56149,6
56150,4
56151,4
56152,2
56153,2
56154,3
56155,4
56156,4
56157,3
56158,3
56159,2
56160,2
56161,2
56162,37
56163,36
56164,18
56165,16
56166,8
56167,8
56168,12
56169,4
56170,3
56171,1
56172,1
56173,1
56174,1
56175,1
56176,13
56177,12
56178,5
56179,5
56180,11
56181,12
56182,15
56183,27
56184,25
56185,11
56186,10
56187,16
56188,17
56189,22
56190,47
56191,45
56192,19
56193,18
56194,14
56195,14
56196,19
56197,25
56198,22
56199,8
56200,7
56201,7
56202,7
56203,9
56204,14
56205,13
56206,6
56207,6
56208,7
56209,7
56210,9
56211,13
56212,12
56213,7
56214,7
56215,8
56216,9
56217,9
56218,38
56219,35
56220,15
56221,14
56222,10
56223,10
56224,13
56225,9
56226,9
56227,2
56228,2
56229,2
56230,2
56231,3
56232,71
56233,65
56234,24
56235,21
56236,9
56237,9
56238,19
56239,85
56240,78
56241,30
56242,27
56243,14
56244,16
56245,30
56246,9
56247,9
56248,4
56249,4
56250,5
56251,6
56252,7
56253,15
56254,14
56255,6
56256,6
56257,7
56258,8
56259,9
56260,22
56261,19
56262,10
56263,10
56264,14
56265,15
56266,20
56267,16
56268,15
56269,6
56270,6
56271,8
56272,9
56273,10
56274,42
56275,39
56276,23
56277,22
56278,13
56279,14
56280,18
56281,27
56282,25
56283,11
56284,10
56285,10
56286,10
56287,13
56288,87
56289,78
56290,38
56291,34
56292,1
56293,0
56294,0
56295,133
56296,120
56297,68
56298,62
56299,6
56300,2
56301,1
56302,22
56303,19
56304,5
56305,4
56306,0
56307,0
56308,0
56309,0
56310,0
56311,0
56312,0
56313,0
56314,0
56315,0
56316,105
56317,98
56318,37
56319,33
56320,1
56321,1
56322,0
56323,18
56324,15
56325,5
56326,4
56327,0
56328,0
56329,0
56330,22
56331,20
56332,6
56333,5
56334,0
56335,0
56336,0
56337,18
56338,16
56339,9
56340,9
56341,0
56342,0
56343,0
56344,20
56345,17
56346,15
56347,14
56348,0
56349,0
56350,0
56351,3
56352,2
56353,1
56354,1
56355,0
56356,0
56357,0
56358,79
56359,75
56360,34
56361,33
56362,1
56363,1
56364,0
56365,7
56366,7
56367,2
56368,2
56369,0
56370,0
56371,0
56372,56
56373,53
56374,20
56375,20
56376,0
56377,0
56378,0
56379,9
56380,7
56381,3
56382,3
56383,0
56384,0
56385,0
56386,210
56387,184
56388,83
56389,77
56390,13
56391,6
56392,3
56393,32
56394,29
56395,12
56396,11
56397,0
56398,0
56399,0
56400,2
56401,2
56402,1
56403,1
56404,0
56405,0
56406,0
56407,13
56408,12
56409,3
56410,3
56411,0
56412,0
56413,0
56414,0
56415,0
56416,1
56417,1
56418,0
56419,0
56420,0
56421,36
56422,34
56423,14
56424,13
56425,0
56426,0
56427,0
56428,6
56429,4
56430,2
56431,2
56432,0
56433,0
56434,0
56435,2
56436,2
56437,1
56438,1
56439,0
56440,0
56441,0
56442,1
56443,0
56444,0
56445,0
56446,0
56447,0
56448,0
56449,4
56450,4
56451,1
56452,0
56453,0
56454,0
56455,0
56456,8
56457,7
56458,3
56459,2
56460,0
56461,0
56462,0
56463,112
56464,105
56465,44
56466,40
56467,3
56468,2
56469,1
56470,25
56471,23
56472,8
56473,7
56474,0
56475,0
56476,0
56477,221
56478,193
56479,98
56480,94
56481,6
56482,2
56483,0
56484,24
56485,22
56486,11
56487,10
56488,0
56489,0
56490,0
56491,25
56492,23
56493,7
56494,7
56495,0
56496,0
56497,0
56498,31
56499,30
56500,13
56501,12
56502,0
56503,0
56504,0
56505,2
56506,2
56507,1
56508,1
56509,0
56510,0
56511,0
56512,1
56513,1
56514,1
56515,1
56516,0
56517,0
56518,0
56519,60
56520,58
56521,21
56522,19
56523,0
56524,0
56525,0
56526,168
56527,152
56528,71
56529,69
56530,6
56531,2
56532,1
56533,23
56534,20
56535,9
56536,8
56537,0
56538,0
56539,0
56540,25
56541,21
56542,6
56543,6
56544,0
56545,0
56546,0
56547,40
56548,36
56549,12
56550,11
56551,0
56552,0
56553,0
56554,55
56555,51
56556,20
56557,18
56558,1
56559,1
56560,0
56561,2
56562,2
56563,1
56564,1
56565,0
56566,0
56567,0
56568,9
56569,7
56570,5
56571,5
56572,0
56573,0
56574,0
56575,27
56576,22
56577,8
56578,7
56579,0
56580,0
56581,0
56582,0
56583,0
56584,0
56585,0
56586,0
56587,0
56588,0
56589,5
56590,4
56591,2
56592,2
56593,0
56594,0
56595,0
56596,9
56597,8
56598,3
56599,3
56600,0
56601,0
56602,0
56603,6
56604,5
56605,3
56606,3
56607,0
56608,0
56609,0
56610,0
56611,0
56612,0
56613,0
56614,0
56615,0
56616,0
56617,56
56618,48
56619,34
56620,4
56621,3
56622,3
56623,2
56624,174
56625,156
56626,133
56627,60
56628,57
56629,58
56630,52
56631,37
56632,30
56633,21
56634,1
56635,1
56636,1
56637,0
56638,9
56639,6
56640,0
56641,0
56642,0
56643,0
56644,0
56645,55
56646,47
56647,36
56648,6
56649,5
56650,5
56651,5
56652,16
56653,12
56654,6
56655,0
56656,0
56657,0
56658,0
56659,20
56660,16
56661,10
56662,1
56663,1
56664,1
56665,1
56666,1
56667,1
56668,0
56669,0
56670,0
56671,0
56672,0
56673,51
56674,42
56675,30
56676,4
56677,1
56678,0
56679,0
56680,19
56681,15
56682,9
56683,1
56684,1
56685,1
56686,1
56687,37
56688,32
56689,22
56690,1
56691,1
56692,1
56693,1
56694,0
56695,0
56696,0
56697,0
56698,0
56699,0
56700,0
56701,81
56702,72
56703,59
56704,10
56705,8
56706,7
56707,6
56708,91
56709,82
56710,64
56711,12
56712,7
56713,5
56714,4
56715,17
56716,13
56717,7
56718,1
56719,0
56720,0
56721,0
56722,30
56723,25
56724,14
56725,1
56726,1
56727,1
56728,1
56729,100
56730,86
56731,68
56732,14
56733,8
56734,7
56735,6
56736,11
56737,8
56738,5
56739,0
56740,0
56741,0
56742,0
56743,42
56744,35
56745,29
56746,3
56747,2
56748,2
56749,2
56750,46
56751,33
56752,23
56753,2
56754,2
56755,2
56756,2
56757,25
56758,20
56759,13
56760,0
56761,0
56762,0
56763,0
56764,20
56765,18
56766,11
56767,0
56768,0
56769,0
56770,0
56771,20
56772,14
56773,5
56774,0
56775,0
56776,0
56777,0
56778,48
56779,40
56780,34
56781,6
56782,3
56783,4
56784,3
56785,26
56786,20
56787,13
56788,1
56789,0
56790,0
56791,0
56792,28
56793,24
56794,13
56795,0
56796,0
56797,0
56798,0
56799,0
56800,0
56801,0
56802,0
56803,0
56804,0
56805,0
56806,48
56807,41
56808,30
56809,5
56810,4
56811,5
56812,3
56813,27
56814,21
56815,13
56816,1
56817,0
56818,0
56819,0
56820,180
56821,163
56822,129
56823,37
56824,27
56825,31
56826,31
56827,69
56828,59
56829,48
56830,4
56831,3
56832,3
56833,3
56834,50
56835,43
56836,35
56837,3
56838,2
56839,2
56840,1
56841,2
56842,1
56843,1
56844,0
56845,0
56846,0
56847,0
56848,15
56849,12
56850,7
56851,1
56852,0
56853,0
56854,0
56855,7
56856,6
56857,2
56858,0
56859,0
56860,0
56861,0
56862,67
56863,58
56864,42
56865,10
56866,4
56867,5
56868,4
56869,216
56870,166
56871,135
56872,48
56873,45
56874,53
56875,54
56876,75
56877,66
56878,53
56879,10
56880,8
56881,9
56882,6
56883,38
56884,32
56885,25
56886,3
56887,2
56888,2
56889,2
56890,17
56891,12
56892,8
56893,1
56894,1
56895,1
56896,1
56897,50
56898,37
56899,24
56900,1
56901,0
56902,0
56903,0
56904,1
56905,1
56906,0
56907,0
56908,0
56909,0
56910,0
56911,3
56912,2
56913,1
56914,0
56915,0
56916,0
56917,0
56918,25
56919,19
56920,13
56921,1
56922,0
56923,0
56924,0
56925,104
56926,92
56927,71
56928,21
56929,15
56930,16
56931,12
56932,55
56933,43
56934,31
56935,3
56936,3
56937,3
56938,2
56939,17
56940,14
56941,9
56942,0
56943,0
56944,0
56945,0
56946,36
56947,28
56948,20
56949,1
56950,1
56951,1
56952,1
56953,236
56954,208
56955,148
56956,41
56957,30
56958,37
56959,30
56960,43
56961,37
56962,23
56963,1
56964,1
56965,1
56966,0
56967,47
56968,40
56969,30
56970,3
56971,2
56972,2
56973,2
56974,32
56975,26
56976,18
56977,1
56978,1
56979,1
56980,0
56981,96
56982,84
56983,68
56984,17
56985,12
56986,12
56987,10
56988,31
56989,23
56990,12
56991,0
56992,0
56993,0
56994,0
56995,119
56996,100
56997,76
56998,2
56999,0
57000,0
57001,0
57002,26
57003,20
57004,13
57005,0
57006,0
57007,0
57008,0
57009,23
57010,19
57011,9
57012,1
57013,1
57014,1
57015,1
57016,25
57017,21
57018,14
57019,0
57020,0
57021,0
57022,0
57023,57
57024,49
57025,36
57026,5
57027,3
57028,3
57029,2
57030,5
57031,4
57032,2
57033,0
57034,0
57035,0
57036,0
57037,50
57038,40
57039,31
57040,4
57041,3
57042,3
57043,3
57044,121
57045,107
57046,83
57047,34
57048,25
57049,27
57050,23
57051,2
57052,1
57053,0
57054,0
57055,0
57056,0
57057,0
57058,96
57059,84
57060,65
57061,10
57062,4
57063,2
57064,1
57065,25
57066,19
57067,6
57068,1
57069,1
57070,1
57071,1
57072,112
57073,94
57074,74
57075,15
57076,9
57077,9
57078,7
57079,37
57080,32
57081,23
57082,7
57083,6
57084,6
57085,5
57086,27
57087,21
57088,10
57089,0
57090,0
57091,1
57092,0
57093,80
57094,62
57095,48
57096,9
57097,5
57098,3
57099,1
57100,1
57101,0
57102,0
57103,0
57104,0
57105,0
57106,0
57107,21
57108,16
57109,10
57110,1
57111,0
57112,1
57113,1
57114,3
57115,1
57116,0
57117,0
57118,0
57119,0
57120,0
57121,66
57122,57
57123,46
57124,6
57125,4
57126,3
57127,2
57128,1
57129,0
57130,0
57131,0
57132,0
57133,0
57134,0
57135,72
57136,61
57137,49
57138,5
57139,4
57140,3
57141,2
57142,59
57143,51
57144,40
57145,6
57146,4
57147,4
57148,3
57149,10
57150,6
57151,3
57152,0
57153,0
57154,0
57155,0
57156,56
57157,47
57158,36
57159,3
57160,3
57161,3
57162,2
57163,31
57164,21
57165,15
57166,1
57167,1
57168,1
57169,1
57170,38
57171,31
57172,17
57173,1
57174,0
57175,0
57176,0
57177,33
57178,29
57179,21
57180,1
57181,1
57182,1
57183,1
57184,39
57185,33
57186,25
57187,8
57188,8
57189,8
57190,8
57191,30
57192,25
57193,16
57194,1
57195,0
57196,0
57197,0
57198,25
57199,21
57200,13
57201,1
57202,1
57203,1
57204,1
57205,34
57206,28
57207,20
57208,2
57209,2
57210,2
57211,2
57212,26
57213,20
57214,13
57215,2
57216,1
57217,1
57218,1
57219,37
57220,30
57221,21
57222,1
57223,1
57224,1
57225,1
57226,52
57227,43
57228,9
57229,1
57230,1
57231,1
57232,1
57233,203
57234,184
57235,74
57236,43
57237,38
57238,39
57239,36
57240,9
57241,6
57242,0
57243,0
57244,0
57245,0
57246,0
57247,119
57248,103
57249,32
57250,13
57251,9
57252,13
57253,14
57254,25
57255,20
57256,2
57257,1
57258,1
57259,1
57260,1
57261,11
57262,9
57263,0
57264,0
57265,0
57266,0
57267,0
57268,33
57269,26
57270,2
57271,1
57272,2
57273,2
57274,2
57275,3
57276,2
57277,0
57278,0
57279,0
57280,0
57281,0
57282,52
57283,44
57284,4
57285,2
57286,2
57287,3
57288,3
57289,64
57290,54
57291,15
57292,0
57293,0
57294,2
57295,2
57296,1
57297,1
57298,0
57299,0
57300,0
57301,0
57302,0
57303,36
57304,25
57305,3
57306,1
57307,1
57308,1
57309,1
57310,97
57311,87
57312,27
57313,10
57314,4
57315,5
57316,5
57317,24
57318,21
57319,2
57320,1
57321,1
57322,2
57323,2
57324,20
57325,17
57326,2
57327,1
57328,1
57329,1
57330,1
57331,9
57332,7
57333,0
57334,0
57335,0
57336,0
57337,0
57338,20
57339,18
57340,2
57341,1
57342,1
57343,2
57344,2
57345,79
57346,69
57347,22
57348,18
57349,15
57350,16
57351,14
57352,20
57353,14
57354,1
57355,0
57356,0
57357,0
57358,0
57359,249
57360,230
57361,76
57362,54
57363,51
57364,75
57365,69
57366,45
57367,36
57368,3
57369,2
57370,2
57371,3
57372,2
57373,101
57374,89
57375,30
57376,15
57377,11
57378,15
57379,14
57380,17
57381,14
57382,1
57383,0
57384,0
57385,1
57386,1
57387,29
57388,25
57389,2
57390,1
57391,1
57392,1
57393,1
57394,39
57395,31
57396,2
57397,1
57398,1
57399,2
57400,2
57401,42
57402,36
57403,6
57404,2
57405,2
57406,2
57407,2
57408,58
57409,51
57410,13
57411,5
57412,5
57413,7
57414,6
57415,22
57416,15
57417,1
57418,1
57419,1
57420,2
57421,2
57422,27
57423,22
57424,1
57425,1
57426,1
57427,1
57428,1
57429,16
57430,11
57431,0
57432,0
57433,0
57434,0
57435,0
57436,128
57437,112
57438,33
57439,6
57440,1
57441,3
57442,2
57443,29
57444,24
57445,3
57446,1
57447,1
57448,2
57449,2
57450,388
57451,340
57452,88
57453,55
57454,52
57455,81
57456,81
57457,16
57458,15
57459,0
57460,0
57461,0
57462,0
57463,0
57464,27
57465,22
57466,0
57467,0
57468,0
57469,1
57470,1
57471,11
57472,6
57473,1
57474,0
57475,0
57476,1
57477,1
57478,16
57479,13
57480,0
57481,0
57482,0
57483,0
57484,0
57485,13
57486,9
57487,1
57488,0
57489,0
57490,0
57491,0
57492,46
57493,38
57494,3
57495,1
57496,1
57497,2
57498,2
57499,8
57500,7
57501,0
57502,0
57503,0
57504,0
57505,0
57506,85
57507,72
57508,17
57509,6
57510,2
57511,5
57512,4
57513,85
57514,75
57515,23
57516,9
57517,4
57518,5
57519,3
57520,140
57521,125
57522,50
57523,36
57524,34
57525,38
57526,38
57527,14
57528,11
57529,0
57530,0
57531,0
57532,0
57533,0
57534,127
57535,110
57536,28
57537,15
57538,12
57539,16
57540,15
57541,25
57542,21
57543,1
57544,1
57545,1
57546,1
57547,1
57548,26
57549,22
57550,1
57551,0
57552,0
57553,0
57554,0
57555,96
57556,85
57557,22
57558,0
57559,0
57560,0
57561,0
57562,11
57563,9
57564,0
57565,0
57566,0
57567,0
57568,0
57569,55
57570,47
57571,7
57572,3
57573,3
57574,4
57575,4
57576,34
57577,25
57578,5
57579,2
57580,1
57581,1
57582,1
57583,45
57584,38
57585,2
57586,1
57587,1
57588,1
57589,1
57590,21
57591,16
57592,3
57593,2
57594,2
57595,2
57596,2
57597,3
57598,2
57599,0
57600,0
57601,0
57602,0
57603,0
57604,45
57605,38
57606,3
57607,3
57608,3
57609,4
57610,4
57611,52
57612,42
57613,4
57614,0
57615,0
57616,0
57617,0
57618,49
57619,41
57620,5
57621,2
57622,2
57623,3
57624,3
57625,17
57626,12
57627,0
57628,0
57629,0
57630,1
57631,1
57632,289
57633,267
57634,162
57635,140
57636,120
57637,51
57638,45
57639,882
57640,793
57641,552
57642,491
57643,441
57644,306
57645,297
57646,26
57647,23
57648,10
57649,9
57650,3
57651,0
57652,1
57653,711
57654,663
57655,343
57656,297
57657,258
57658,147
57659,149
57660,98
57661,91
57662,57
57663,45
57664,30
57665,4
57666,4
57667,72
57668,69
57669,33
57670,31
57671,23
57672,4
57673,4
57674,17
57675,16
57676,12
57677,11
57678,3
57679,0
57680,0
57681,126
57682,123
57683,77
57684,69
57685,55
57686,21
57687,19
57688,108
57689,101
57690,66
57691,60
57692,49
57693,9
57694,9
57695,108
57696,107
57697,70
57698,62
57699,49
57700,7
57701,6
57702,91
57703,84
57704,51
57705,46
57706,31
57707,2
57708,2
57709,26
57710,23
57711,12
57712,11
57713,6
57714,0
57715,0
57716,50
57717,46
57718,24
57719,22
57720,19
57721,3
57722,3
57723,176
57724,166
57725,113
57726,103
57727,89
57728,35
57729,31
57730,265
57731,245
57732,145
57733,130
57734,122
57735,60
57736,56
57737,194
57738,181
57739,105
57740,89
57741,76
57742,10
57743,8
57744,37
57745,35
57746,22
57747,19
57748,14
57749,0
57750,1
57751,14
57752,13
57753,7
57754,6
57755,5
57756,0
57757,0
57758,63
57759,60
57760,36
57761,34
57762,19
57763,2
57764,3
57765,588
57766,545
57767,250
57768,216
57769,189
57770,106
57771,110
57772,76
57773,70
57774,43
57775,36
57776,26
57777,2
57778,2
57779,1636
57780,1398
57781,740
57782,659
57783,579
57784,385
57785,394
57786,112
57787,102
57788,66
57789,58
57790,44
57791,3
57792,3
57793,698
57794,624
57795,344
57796,304
57797,278
57798,188
57799,194
57800,122
57801,115
57802,71
57803,65
57804,52
57805,3
57806,3
57807,59
57808,55
57809,33
57810,31
57811,17
57812,1
57813,1
57814,56
57815,50
57816,30
57817,25
57818,15
57819,1
57820,1
57821,34
57822,31
57823,17
57824,15
57825,9
57826,0
57827,0
57828,398
57829,401
57830,204
57831,186
57832,157
57833,96
57834,89
57835,35
57836,31
57837,19
57838,17
57839,13
57840,0
57841,0
57842,319
57843,291
57844,166
57845,144
57846,127
57847,64
57848,65
57849,48
57850,45
57851,23
57852,21
57853,12
57854,0
57855,0
57856,110
57857,110
57858,36
57859,33
57860,23
57861,3
57862,3
57863,7
57864,6
57865,5
57866,4
57867,2
57868,0
57869,0
57870,13
57871,11
57872,7
57873,7
57874,4
57875,0
57876,1
57877,348
57878,327
57879,179
57880,156
57881,134
57882,72
57883,66
57884,106
57885,102
57886,52
57887,45
57888,32
57889,3
57890,3
57891,37
57892,36
57893,19
57894,18
57895,9
57896,1
57897,1
57898,2608
57899,2275
57900,1267
57901,1145
57902,968
57903,583
57904,608
57905,67
57906,62
57907,38
57908,35
57909,26
57910,3
57911,3
57912,190
57913,170
57914,101
57915,90
57916,82
57917,14
57918,13
57919,275
57920,262
57921,143
57922,130
57923,108
57924,45
57925,37
57926,14
57927,13
57928,9
57929,8
57930,4
57931,0
57932,1
57933,38
57934,35
57935,24
57936,22
57937,14
57938,1
57939,1
57940,132
57941,123
57942,80
57943,69
57944,56
57945,2
57946,1
57947,170
57948,150
57949,123
57950,108
57951,90
57952,12
57953,8
57954,31
57955,30
57956,17
57957,16
57958,8
57959,0
57960,1
57961,12
57962,10
57963,5
57964,4
57965,1
57966,0
57967,0
57968,115
57969,108
57970,71
57971,65
57972,53
57973,11
57974,8
57975,46
57976,42
57977,20
57978,18
57979,11
57980,1
57981,2
57982,15
57983,14
57984,8
57985,7
57986,4
57987,0
57988,0
57989,132
57990,124
57991,62
57992,56
57993,41
57994,13
57995,12
57996,1478
57997,1277
57998,697
57999,622
58000,558
58001,408
58002,421
58003,21
58004,19
58005,9
58006,8
58007,5
58008,0
58009,0
58010,400
58011,370
58012,245
58013,217
58014,193
58015,92
58016,87
58017,173
58018,154
58019,76
58020,69
58021,60
58022,27
58023,23
58024,80
58025,77
58026,38
58027,35
58028,23
58029,2
58030,1
58031,20
58032,18
58033,12
58034,11
58035,5
58036,0
58037,1
58038,89
58039,83
58040,43
58041,38
58042,27
58043,1
58044,2
58045,218
58046,208
58047,125
58048,109
58049,91
58050,30
58051,26
58052,57
58053,54
58054,38
58055,35
58056,25
58057,3
58058,3
58059,299
58060,286
58061,228
58062,200
58063,172
58064,110
58065,99
58066,40
58067,38
58068,22
58069,21
58070,12
58071,0
58072,1
58073,55
58074,47
58075,31
58076,28
58077,16
58078,1
58079,1
58080,93
58081,88
58082,45
58083,39
58084,32
58085,4
58086,4
58087,163
58088,144
58089,106
58090,96
58091,86
58092,42
58093,38
58094,70
58095,65
58096,42
58097,37
58098,26
58099,1
58100,2
58101,95
58102,91
58103,60
58104,55
58105,41
58106,8
58107,7
58108,237
58109,225
58110,126
58111,110
58112,96
58113,26
58114,23
58115,70
58116,64
58117,41
58118,36
58119,27
58120,2
58121,1
58122,96
58123,91
58124,32
58125,30
58126,6
58127,2
58128,2
58129,183
58130,170
58131,73
58132,67
58133,32
58134,3
58135,3
58136,41
58137,39
58138,9
58139,8
58140,0
58141,0
58142,0
58143,11
58144,10
58145,5
58146,5
58147,0
58148,0
58149,0
58150,282
58151,263
58152,82
58153,68
58154,29
58155,3
58156,1
58157,21
58158,19
58159,5
58160,4
58161,0
58162,0
58163,0
58164,26
58165,24
58166,7
58167,6
58168,0
58169,0
58170,0
58171,27
58172,25
58173,10
58174,9
58175,0
58176,0
58177,0
58178,26
58179,24
58180,9
58181,8
58182,0
58183,0
58184,0
58185,120
58186,115
58187,46
58188,40
58189,12
58190,1
58191,0
58192,10
58193,10
58194,3
58195,3
58196,1
58197,1
58198,1
58199,30
58200,28
58201,12
58202,11
58203,0
58204,0
58205,0
58206,48
58207,44
58208,17
58209,16
58210,0
58211,0
58212,0
58213,5
58214,5
58215,1
58216,1
58217,0
58218,0
58219,0
58220,7
58221,6
58222,1
58223,1
58224,0
58225,0
58226,0
58227,37
58228,35
58229,13
58230,13
58231,0
58232,0
58233,0
58234,5
58235,5
58236,2
58237,2
58238,0
58239,0
58240,0
58241,443
58242,404
58243,134
58244,124
58245,65
58246,15
58247,11
58248,246
58249,228
58250,74
58251,65
58252,36
58253,8
58254,5
58255,19
58256,16
58257,6
58258,5
58259,0
58260,0
58261,0
58262,34
58263,32
58264,11
58265,10
58266,0
58267,0
58268,0
58269,39
58270,36
58271,16
58272,15
58273,0
58274,0
58275,0
58276,152
58277,150
58278,48
58279,41
58280,20
58281,1
58282,1
58283,3
58284,3
58285,1
58286,1
58287,0
58288,0
58289,0
58290,89
58291,85
58292,27
58293,23
58294,7
58295,1
58296,1
58297,6
58298,5
58299,1
58300,1
58301,0
58302,0
58303,0
58304,9
58305,9
58306,1
58307,1
58308,0
58309,0
58310,0
58311,5
58312,5
58313,1
58314,0
58315,0
58316,0
58317,0
58318,72
58319,68
58320,29
58321,28
58322,3
58323,1
58324,1
58325,6
58326,6
58327,1
58328,1
58329,0
58330,0
58331,0
58332,12
58333,11
58334,4
58335,4
58336,0
58337,0
58338,0
58339,876
58340,803
58341,292
58342,245
58343,104
58344,35
58345,25
58346,23
58347,22
58348,7
58349,7
58350,1
58351,0
58352,0
58353,31
58354,29
58355,8
58356,8
58357,0
58358,0
58359,0
58360,53
58361,52
58362,20
58363,19
58364,2
58365,1
58366,1
58367,10
58368,9
58369,4
58370,4
58371,0
58372,0
58373,0
58374,27
58375,25
58376,10
58377,10
58378,0
58379,0
58380,0
58381,30
58382,27
58383,13
58384,12
58385,1
58386,1
58387,1
58388,12
58389,11
58390,3
58391,3
58392,0
58393,0
58394,0
58395,133
58396,128
58397,42
58398,38
58399,14
58400,3
58401,3
58402,546
58403,503
58404,165
58405,136
58406,71
58407,39
58408,33
58409,48
58410,45
58411,19
58412,15
58413,2
58414,2
58415,2
58416,139
58417,134
58418,45
58419,40
58420,7
58421,0
58422,0
58423,95
58424,90
58425,28
58426,24
58427,12
58428,4
58429,3
58430,7
58431,7
58432,2
58433,2
58434,0
58435,0
58436,0
58437,7
58438,7
58439,2
58440,2
58441,0
58442,0
58443,0
58444,35
58445,32
58446,16
58447,15
58448,0
58449,0
58450,0
58451,74
58452,70
58453,34
58454,32
58455,5
58456,1
58457,0
58458,5
58459,4
58460,2
58461,1
58462,0
58463,0
58464,0
58465,81
58466,78
58467,27
58468,24
58469,2
58470,0
58471,1
58472,39
58473,35
58474,10
58475,8
58476,0
58477,0
58478,0
58479,6
58480,4
58481,2
58482,1
58483,0
58484,0
58485,0
58486,7
58487,7
58488,3
58489,2
58490,0
58491,0
58492,0
58493,8
58494,8
58495,2
58496,2
58497,0
58498,0
58499,0
58500,94
58501,86
58502,31
58503,26
58504,18
58505,19
58506,19
58507,133
58508,121
58509,38
58510,32
58511,19
58512,21
58513,22
58514,103
58515,100
58516,37
58517,34
58518,10
58519,10
58520,14
58521,88
58522,81
58523,27
58524,24
58525,11
58526,16
58527,17
58528,80
58529,77
58530,32
58531,29
58532,13
58533,20
58534,20
58535,91
58536,84
58537,31
58538,28
58539,14
58540,19
58541,20
58542,74
58543,69
58544,24
58545,22
58546,12
58547,17
58548,18
58549,18
58550,17
58551,5
58552,4
58553,7
58554,8
58555,10
58556,168
58557,151
58558,51
58559,43
58560,27
58561,20
58562,20
58563,187
58564,163
58565,53
58566,46
58567,26
58568,19
58569,19
58570,74
58571,69
58572,22
58573,20
58574,11
58575,15
58576,15
58577,57
58578,53
58579,19
58580,17
58581,14
58582,20
58583,24
58584,101
58585,92
58586,33
58587,29
58588,17
58589,20
58590,21
58591,88
58592,81
58593,27
58594,24
58595,13
58596,19
58597,20
58598,99
58599,88
58600,40
58601,33
58602,19
58603,21
58604,21
58605,73
58606,67
58607,26
58608,23
58609,15
58610,21
58611,22
58612,52
58613,43
58614,23
58615,12
58616,9
58617,13
58618,13
58619,144
58620,131
58621,100
58622,65
58623,68
58624,79
58625,72
58626,7
58627,5
58628,1
58629,0
58630,0
58631,1
58632,1
58633,8
58634,5
58635,2
58636,0
58637,0
58638,0
58639,0
58640,59
58641,48
58642,29
58643,17
58644,15
58645,19
58646,18
58647,13
58648,8
58649,2
58650,0
58651,1
58652,2
58653,2
58654,9
58655,7
58656,2
58657,0
58658,1
58659,1
58660,1
58661,1
58662,0
58663,0
58664,0
58665,0
58666,0
58667,0
58668,18
58669,13
58670,6
58671,1
58672,1
58673,2
58674,2
58675,22
58676,19
58677,8
58678,0
58679,1
58680,2
58681,2
58682,2
58683,1
58684,0
58685,0
58686,0
58687,0
58688,0
58689,8
58690,7
58691,1
58692,0
58693,0
58694,1
58695,1
58696,7
58697,5
58698,2
58699,0
58700,0
58701,1
58702,1
58703,3
58704,3
58705,1
58706,0
58707,0
58708,0
58709,0
58710,2
58711,2
58712,0
58713,0
58714,0
58715,0
58716,0
58717,44
58718,36
58719,22
58720,8
58721,7
58722,10
58723,11
58724,31
58725,24
58726,6
58727,0
58728,2
58729,4
58730,4
58731,12
58732,8
58733,3
58734,0
58735,0
58736,1
58737,1
58738,4
58739,3
58740,1
58741,0
58742,0
58743,0
58744,0
58745,5
58746,4
58747,1
58748,0
58749,0
58750,0
58751,0
58752,10
58753,8
58754,2
58755,0
58756,1
58757,1
58758,1
58759,46
58760,38
58761,21
58762,16
58763,13
58764,20
58765,19
58766,10
58767,8
58768,3
58769,0
58770,1
58771,1
58772,1
58773,151
58774,137
58775,92
58776,83
58777,89
58778,108
58779,105
58780,19
58781,14
58782,2
58783,0
58784,1
58785,2
58786,2
58787,96
58788,84
58789,58
58790,37
58791,37
58792,59
58793,51
58794,14
58795,11
58796,4
58797,0
58798,1
58799,1
58800,1
58801,24
58802,19
58803,6
58804,1
58805,2
58806,3
58807,3
58808,5
58809,3
58810,1
58811,0
58812,0
58813,0
58814,0
58815,2
58816,2
58817,1
58818,0
58819,0
58820,0
58821,0
58822,64
58823,55
58824,37
58825,27
58826,28
58827,32
58828,32
58829,5
58830,3
58831,1
58832,0
58833,0
58834,0
58835,0
58836,26
58837,21
58838,8
58839,1
58840,1
58841,2
58842,3
58843,2
58844,2
58845,0
58846,0
58847,0
58848,0
58849,0
58850,14
58851,10
58852,4
58853,1
58854,1
58855,2
58856,2
58857,5
58858,3
58859,1
58860,0
58861,0
58862,0
58863,0
58864,46
58865,39
58866,22
58867,11
58868,8
58869,11
58870,12
58871,24
58872,17
58873,3
58874,0
58875,2
58876,3
58877,3
58878,1
58879,1
58880,1
58881,0
58882,0
58883,0
58884,0
58885,13
58886,10
58887,3
58888,0
58889,1
58890,1
58891,2
58892,288
58893,249
58894,152
58895,118
58896,141
58897,186
58898,169
58899,5
58900,5
58901,2
58902,0
58903,0
58904,0
58905,1
58906,25
58907,19
58908,6
58909,2
58910,2
58911,3
58912,3
58913,20
58914,16
58915,2
58916,0
58917,1
58918,3
58919,4
58920,22
58921,17
58922,7
58923,1
58924,2
58925,3
58926,3
58927,12
58928,12
58929,5
58930,2
58931,2
58932,2
58933,3
58934,4
58935,4
58936,2
58937,0
58938,0
58939,0
58940,0
58941,6
58942,5
58943,2
58944,0
58945,0
58946,0
58947,0
58948,1
58949,1
58950,0
58951,0
58952,0
58953,0
58954,0
58955,27
58956,22
58957,9
58958,0
58959,2
58960,3
58961,3
58962,5
58963,4
58964,1
58965,0
58966,0
58967,0
58968,0
58969,32
58970,27
58971,14
58972,6
58973,4
58974,6
58975,6
58976,178
58977,159
58978,111
58979,112
58980,132
58981,176
58982,160
58983,25
58984,18
58985,6
58986,0
58987,1
58988,1
58989,2
58990,2
58991,2
58992,1
58993,0
58994,0
58995,0
58996,0
58997,4
58998,3
58999,1
59000,0
59001,0
59002,0
59003,0
59004,46
59005,36
59006,18
59007,5
59008,6
59009,10
59010,10
59011,10
59012,8
59013,3
59014,1
59015,1
59016,1
59017,1
59018,15
59019,12
59020,3
59021,0
59022,1
59023,1
59024,1
59025,6
59026,5
59027,1
59028,0
59029,0
59030,1
59031,1
59032,1
59033,1
59034,0
59035,0
59036,0
59037,0
59038,0
59039,28
59040,23
59041,8
59042,0
59043,0
59044,1
59045,1
59046,47
59047,37
59048,22
59049,1
59050,3
59051,7
59052,7
59053,52
59054,43
59055,28
59056,13
59057,10
59058,17
59059,16
59060,26
59061,20
59062,7
59063,0
59064,2
59065,3
59066,3
59067,28
59068,20
59069,9
59070,4
59071,3
59072,5
59073,5
59074,4
59075,4
59076,1
59077,0
59078,0
59079,0
59080,1
59081,16
59082,13
59083,6
59084,0
59085,1
59086,2
59087,2
59088,16
59089,15
59090,6
59091,1
59092,1
59093,2
59094,2
59095,10
59096,8
59097,3
59098,0
59099,1
59100,1
59101,1
59102,4
59103,4
59104,2
59105,0
59106,0
59107,0
59108,1
59109,14
59110,13
59111,2
59112,0
59113,0
59114,1
59115,2
59116,2
59117,1
59118,0
59119,0
59120,0
59121,0
59122,0
59123,6
59124,5
59125,2
59126,0
59127,0
59128,0
59129,0
59130,262
59131,243
59132,223
59133,213
59134,161
59135,202
59136,150
59137,1199
59138,1118
59139,988
59140,948
59141,820
59142,1007
59143,765
59144,247
59145,251
59146,200
59147,192
59148,128
59149,116
59150,102
59151,117
59152,115
59153,96
59154,90
59155,24
59156,14
59157,12
59158,1354
59159,1278
59160,997
59161,965
59162,816
59163,1043
59164,773
59165,282
59166,271
59167,220
59168,209
59169,142
59170,122
59171,116
59172,159
59173,159
59174,111
59175,109
59176,67
59177,73
59178,57
59179,278
59180,286
59181,261
59182,251
59183,193
59184,185
59185,158
59186,236
59187,237
59188,210
59189,194
59190,162
59191,188
59192,145
59193,457
59194,446
59195,415
59196,391
59197,387
59198,421
59199,365
59200,317
59201,311
59202,251
59203,242
59204,168
59205,160
59206,156
59207,303
59208,288
59209,270
59210,259
59211,198
59212,227
59213,177
59214,259
59215,262
59216,216
59217,211
59218,162
59219,157
59220,138
59221,150
59222,160
59223,139
59224,129
59225,35
59226,33
59227,27
59228,507
59229,500
59230,443
59231,426
59232,383
59233,448
59234,363
59235,105
59236,106
59237,84
59238,77
59239,28
59240,20
59241,18
59242,194
59243,188
59244,158
59245,150
59246,107
59247,108
59248,97
59249,173
59250,175
59251,145
59252,146
59253,104
59254,96
59255,91
59256,249
59257,243
59258,227
59259,219
59260,204
59261,217
59262,181
59263,139
59264,133
59265,102
59266,98
59267,41
59268,33
59269,31
59270,120
59271,124
59272,103
59273,99
59274,25
59275,23
59276,20
59277,161
59278,154
59279,121
59280,120
59281,65
59282,56
59283,52
59284,85
59285,81
59286,60
59287,57
59288,9
59289,8
59290,8
59291,887
59292,853
59293,686
59294,673
59295,651
59296,835
59297,633
59298,259
59299,252
59300,222
59301,212
59302,180
59303,176
59304,157
59305,1056
59306,962
59307,762
59308,758
59309,573
59310,762
59311,552
59312,227
59313,206
59314,237
59315,226
59316,185
59317,185
59318,152
59319,829
59320,758
59321,631
59322,613
59323,586
59324,777
59325,567
59326,357
59327,351
59328,304
59329,300
59330,222
59331,207
59332,188
59333,270
59334,264
59335,234
59336,222
59337,155
59338,140
59339,126
59340,4
59341,4
59342,3
59343,3
59344,0
59345,0
59346,0
59347,464
59348,482
59349,384
59350,370
59351,294
59352,375
59353,283
59354,34
59355,30
59356,26
59357,25
59358,2
59359,2
59360,2
59361,198
59362,202
59363,181
59364,177
59365,155
59366,152
59367,134
59368,758
59369,719
59370,650
59371,621
59372,563
59373,693
59374,538
59375,241
59376,236
59377,218
59378,216
59379,196
59380,194
59381,182
59382,209
59383,214
59384,125
59385,124
59386,98
59387,111
59388,91
59389,204
59390,188
59391,152
59392,144
59393,92
59394,74
59395,71
59396,323
59397,314
59398,288
59399,280
59400,220
59401,227
59402,198
59403,98
59404,95
59405,68
59406,64
59407,11
59408,11
59409,10
59410,373
59411,368
59412,310
59413,298
59414,260
59415,303
59416,244
59417,180
59418,174
59419,132
59420,130
59421,69
59422,64
59423,60
59424,287
59425,288
59426,219
59427,216
59428,162
59429,178
59430,149
59431,1624
59432,1508
59433,1250
59434,1229
59435,991
59436,1257
59437,931
59438,196
59439,176
59440,140
59441,133
59442,102
59443,105
59444,93
59445,490
59446,484
59447,381
59448,358
59449,325
59450,385
59451,309
59452,299
59453,297
59454,255
59455,237
59456,195
59457,211
59458,176
59459,96
59460,97
59461,89
59462,88
59463,37
59464,32
59465,25
59466,109
59467,110
59468,93
59469,87
59470,21
59471,13
59472,12
59473,381
59474,362
59475,359
59476,347
59477,332
59478,355
59479,302
59480,458
59481,462
59482,395
59483,386
59484,312
59485,295
59486,270
59487,122
59488,124
59489,107
59490,99
59491,46
59492,37
59493,33
59494,423
59495,385
59496,308
59497,301
59498,217
59499,224
59500,193
59501,405
59502,407
59503,335
59504,329
59505,269
59506,290
59507,240
59508,172
59509,162
59510,127
59511,125
59512,71
59513,58
59514,55
59515,58
59516,57
59517,42
59518,40
59519,5
59520,2
59521,1
59522,409
59523,403
59524,320
59525,305
59526,244
59527,318
59528,233
59529,836
59530,749
59531,590
59532,586
59533,467
59534,654
59535,456
59536,186
59537,182
59538,149
59539,149
59540,85
59541,78
59542,76
59543,138
59544,131
59545,105
59546,99
59547,41
59548,32
59549,29
59550,810
59551,779
59552,675
59553,653
59554,540
59555,655
59556,495
59557,226
59558,210
59559,153
59560,154
59561,131
59562,154
59563,122
59564,341
59565,335
59566,274
59567,268
59568,233
59569,267
59570,219
59571,339
59572,331
59573,271
59574,267
59575,197
59576,187
59577,172
59578,576
59579,584
59580,509
59581,479
59582,428
59583,509
59584,395
59585,708
59586,699
59587,632
59588,591
59589,511
59590,581
59591,489
59592,181
59593,187
59594,170
59595,163
59596,107
59597,100
59598,87
59599,387
59600,385
59601,318
59602,310
59603,246
59604,253
59605,218
59606,319
59607,311
59608,258
59609,251
59610,199
59611,211
59612,180
59613,301
59614,304
59615,270
59616,264
59617,190
59618,190
59619,162
59620,234
59621,206
59622,194
59623,185
59624,114
59625,103
59626,94
59627,358
59628,357
59629,315
59630,306
59631,274
59632,317
59633,258
59634,209
59635,202
59636,182
59637,179
59638,125
59639,120
59640,106
59641,182
59642,173
59643,149
59644,147
59645,62
59646,56
59647,53
59648,291
59649,288
59650,267
59651,256
59652,213
59653,211
59654,185
59655,492
59656,490
59657,417
59658,394
59659,325
59660,386
59661,305
59662,210
59663,214
59664,175
59665,174
59666,140
59667,127
59668,121
59669,124
59670,124
59671,103
59672,97
59673,37
59674,28
59675,26
59676,265
59677,240
59678,110
59679,96
59680,54
59681,28
59682,14
59683,424
59684,380
59685,190
59686,172
59687,117
59688,86
59689,65
59690,343
59691,314
59692,117
59693,105
59694,67
59695,31
59696,19
59697,6
59698,5
59699,4
59700,3
59701,0
59702,0
59703,0
59704,12
59705,11
59706,3
59707,3
59708,0
59709,0
59710,0
59711,7
59712,6
59713,3
59714,2
59715,0
59716,0
59717,0
59718,94
59719,92
59720,41
59721,39
59722,13
59723,2
59724,2
59725,114
59726,106
59727,55
59728,51
59729,18
59730,7
59731,3
59732,111
59733,103
59734,50
59735,45
59736,21
59737,6
59738,3
59739,4
59740,4
59741,3
59742,2
59743,0
59744,0
59745,0
59746,19
59747,17
59748,7
59749,7
59750,0
59751,0
59752,0
59753,30
59754,27
59755,14
59756,13
59757,0
59758,0
59759,0
59760,62
59761,58
59762,28
59763,26
59764,6
59765,1
59766,2
59767,2
59768,1
59769,1
59770,0
59771,0
59772,0
59773,0
59774,125
59775,113
59776,48
59777,44
59778,11
59779,3
59780,2
59781,15
59782,14
59783,5
59784,5
59785,0
59786,0
59787,0
59788,11
59789,10
59790,4
59791,4
59792,0
59793,0
59794,0
59795,192
59796,176
59797,60
59798,55
59799,38
59800,22
59801,15
59802,2
59803,2
59804,1
59805,1
59806,0
59807,0
59808,0
59809,677
59810,594
59811,245
59812,229
59813,165
59814,105
59815,88
59816,65
59817,59
59818,22
59819,20
59820,0
59821,0
59822,0
59823,184
59824,165
59825,65
59826,62
59827,36
59828,10
59829,5
59830,4
59831,3
59832,2
59833,2
59834,0
59835,0
59836,0
59837,43
59838,40
59839,22
59840,21
59841,1
59842,0
59843,0
59844,54
59845,52
59846,18
59847,17
59848,0
59849,0
59850,0
59851,31
59852,28
59853,11
59854,11
59855,0
59856,0
59857,0
59858,284
59859,278
59860,109
59861,104
59862,75
59863,45
59864,26
59865,29
59866,25
59867,11
59868,10
59869,0
59870,0
59871,0
59872,6
59873,5
59874,3
59875,3
59876,0
59877,0
59878,0
59879,182
59880,166
59881,66
59882,60
59883,39
59884,22
59885,13
59886,36
59887,34
59888,7
59889,7
59890,1
59891,0
59892,0
59893,22
59894,18
59895,10
59896,9
59897,0
59898,0
59899,0
59900,3
59901,2
59902,2
59903,1
59904,0
59905,0
59906,0
59907,200
59908,185
59909,74
59910,68
59911,38
59912,21
59913,11
59914,5
59915,5
59916,3
59917,2
59918,0
59919,0
59920,0
59921,36
59922,33
59923,18
59924,16
59925,3
59926,0
59927,0
59928,5
59929,5
59930,3
59931,3
59932,0
59933,0
59934,0
59935,1049
59936,910
59937,382
59938,354
59939,218
59940,134
59941,96
59942,6
59943,5
59944,4
59945,3
59946,0
59947,0
59948,0
59949,57
59950,55
59951,22
59952,21
59953,5
59954,1
59955,1
59956,62
59957,60
59958,21
59959,19
59960,2
59961,0
59962,1
59963,55
59964,54
59965,23
59966,21
59967,3
59968,0
59969,1
59970,33
59971,31
59972,17
59973,16
59974,0
59975,0
59976,0
59977,118
59978,93
59979,74
59980,66
59981,20
59982,0
59983,0
59984,7
59985,7
59986,4
59987,3
59988,0
59989,0
59990,0
59991,52
59992,49
59993,22
59994,21
59995,3
59996,0
59997,0
59998,176
59999,161
60000,83
60001,75
60002,46
60003,25
60004,14
60005,69
60006,65
60007,28
60008,27
60009,5
60010,1
60011,1
60012,95
60013,90
60014,41
60015,39
60016,16
60017,3
60018,3
60019,501
60020,447
60021,177
60022,163
60023,103
60024,72
60025,50
60026,3
60027,3
60028,1
60029,1
60030,0
60031,0
60032,0
60033,111
60034,102
60035,47
60036,43
60037,17
60038,6
60039,2
60040,181
60041,169
60042,74
60043,70
60044,37
60045,21
60046,11
60047,56
60048,54
60049,18
60050,16
60051,1
60052,0
60053,0
60054,8
60055,7
60056,3
60057,3
60058,0
60059,0
60060,0
60061,27
60062,25
60063,7
60064,7
60065,0
60066,0
60067,0
60068,81
60069,76
60070,35
60071,33
60072,7
60073,2
60074,2
60075,72
60076,68
60077,42
60078,40
60079,3
60080,2
60081,2
60082,83
60083,77
60084,44
60085,41
60086,18
60087,6
60088,4
60089,13
60090,12
60091,3
60092,3
60093,0
60094,0
60095,0
60096,27
60097,25
60098,14
60099,14
60100,1
60101,0
60102,0
60103,110
60104,97
60105,45
60106,40
60107,19
60108,4
60109,2
60110,69
60111,56
60112,27
60113,23
60114,3
60115,0
60116,0
60117,79
60118,76
60119,29
60120,27
60121,7
60122,0
60123,0
60124,37
60125,33
60126,14
60127,13
60128,1
60129,0
60130,0
60131,46
60132,41
60133,28
60134,27
60135,5
60136,3
60137,2
60138,23
60139,21
60140,13
60141,12
60142,1
60143,0
60144,0
60145,13
60146,12
60147,8
60148,7
60149,0
60150,0
60151,0
60152,126
60153,120
60154,45
60155,41
60156,19
60157,3
60158,2
60159,77
60160,74
60161,38
60162,36
60163,6
60164,0
60165,0
60166,52
60167,43
60168,18
60169,8
60170,0
60171,0
60172,0
60173,225
60174,214
60175,156
60176,125
60177,98
60178,122
60179,106
60180,8
60181,6
60182,0
60183,0
60184,0
60185,0
60186,0
60187,10
60188,5
60189,0
60190,0
60191,0
60192,0
60193,0
60194,10
60195,8
60196,0
60197,0
60198,0
60199,0
60200,0
60201,20
60202,10
60203,5
60204,0
60205,0
60206,0
60207,0
60208,80
60209,68
60210,45
60211,22
60212,7
60213,14
60214,11
60215,8
60216,4
60217,0
60218,0
60219,0
60220,0
60221,0
60222,5
60223,4
60224,1
60225,0
60226,0
60227,0
60228,0
60229,5
60230,5
60231,0
60232,0
60233,0
60234,0
60235,0
60236,20
60237,15
60238,7
60239,1
60240,0
60241,1
60242,1
60243,39
60244,30
60245,17
60246,3
60247,0
60248,1
60249,1
60250,57
60251,49
60252,29
60253,15
60254,1
60255,2
60256,1
60257,8
60258,4
60259,1
60260,0
60261,0
60262,0
60263,0
60264,68
60265,59
60266,38
60267,10
60268,0
60269,1
60270,0
60271,6
60272,4
60273,1
60274,0
60275,0
60276,0
60277,0
60278,23
60279,19
60280,4
60281,1
60282,0
60283,0
60284,0
60285,16
60286,12
60287,4
60288,0
60289,0
60290,0
60291,0
60292,6
60293,3
60294,0
60295,0
60296,0
60297,0
60298,0
60299,13
60300,7
60301,0
60302,0
60303,0
60304,0
60305,0
60306,17
60307,13
60308,0
60309,0
60310,0
60311,0
60312,0
60313,33
60314,28
60315,9
60316,7
60317,2
60318,2
60319,2
60320,20
60321,14
60322,4
60323,0
60324,0
60325,0
60326,0
60327,187
60328,174
60329,110
60330,87
60331,71
60332,99
60333,84
60334,39
60335,34
60336,15
60337,10
60338,2
60339,3
60340,2
60341,21
60342,16
60343,5
60344,0
60345,0
60346,0
60347,0
60348,24
60349,21
60350,4
60351,1
60352,0
60353,0
60354,0
60355,38
60356,29
60357,15
60358,10
60359,0
60360,2
60361,1
60362,86
60363,77
60364,51
60365,25
60366,12
60367,15
60368,14
60369,10
60370,6
60371,1
60372,0
60373,0
60374,0
60375,0
60376,31
60377,25
60378,7
60379,4
60380,1
60381,2
60382,2
60383,2
60384,1
60385,0
60386,0
60387,0
60388,0
60389,0
60390,1
60391,0
60392,0
60393,0
60394,0
60395,0
60396,0
60397,6
60398,4
60399,1
60400,0
60401,0
60402,0
60403,0
60404,2
60405,1
60406,0
60407,0
60408,0
60409,0
60410,0
60411,53
60412,45
60413,28
60414,17
60415,2
60416,4
60417,3
60418,4
60419,4
60420,0
60421,0
60422,0
60423,0
60424,0
60425,442
60426,393
60427,237
60428,196
60429,140
60430,211
60431,171
60432,19
60433,13
60434,5
60435,1
60436,0
60437,0
60438,0
60439,34
60440,23
60441,15
60442,3
60443,1
60444,1
60445,1
60446,1
60447,1
60448,0
60449,0
60450,0
60451,0
60452,0
60453,29
60454,23
60455,9
60456,1
60457,0
60458,1
60459,0
60460,39
60461,32
60462,13
60463,3
60464,0
60465,0
60466,0
60467,2
60468,2
60469,0
60470,0
60471,0
60472,0
60473,0
60474,35
60475,22
60476,13
60477,5
60478,0
60479,1
60480,1
60481,1
60482,1
60483,0
60484,0
60485,0
60486,0
60487,0
60488,8
60489,7
60490,1
60491,1
60492,0
60493,0
60494,0
60495,40
60496,34
60497,12
60498,0
60499,0
60500,0
60501,0
60502,55
60503,45
60504,29
60505,14
60506,1
60507,3
60508,1
60509,37
60510,30
60511,15
60512,11
60513,2
60514,3
60515,3
60516,27
60517,20
60518,0
60519,0
60520,0
60521,0
60522,0
60523,49
60524,44
60525,22
60526,18
60527,5
60528,6
60529,5
60530,160
60531,146
60532,90
60533,83
60534,66
60535,96
60536,79
60537,27
60538,19
60539,10
60540,2
60541,0
60542,0
60543,0
60544,77
60545,67
60546,38
60547,17
60548,6
60549,8
60550,7
60551,17
60552,13
60553,2
60554,0
60555,0
60556,0
60557,0
60558,25
60559,18
60560,9
60561,1
60562,0
60563,0
60564,0
60565,15
60566,10
60567,1
60568,0
60569,0
60570,0
60571,0
60572,1
60573,0
60574,0
60575,0
60576,0
60577,0
60578,0
60579,47
60580,40
60581,20
60582,6
60583,1
60584,1
60585,1
60586,66
60587,56
60588,34
60589,12
60590,1
60591,1
60592,0
60593,37
60594,30
60595,15
60596,4
60597,2
60598,2
60599,1
60600,46
60601,39
60602,19
60603,6
60604,0
60605,0
60606,0
60607,40
60608,30
60609,12
60610,6
60611,0
60612,0
60613,0
60614,11
60615,7
60616,0
60617,0
60618,0
60619,0
60620,0
60621,25
60622,20
60623,8
60624,1
60625,0
60626,1
60627,1
60628,7
60629,4
60630,0
60631,0
60632,0
60633,0
60634,0
60635,2
60636,2
60637,0
60638,0
60639,0
60640,0
60641,0
60642,17
60643,12
60644,3
60645,0
60646,0
60647,0
60648,0
60649,3
60650,3
60651,0
60652,0
60653,0
60654,0
60655,0
60656,2
60657,1
60658,0
60659,0
60660,0
60661,0
60662,0
60663,10
60664,8
60665,0
60666,0
60667,0
60668,0
60669,0
60670,31
60671,28
60672,15
60673,14
60674,3
60675,3
60676,4
60677,79
60678,75
60679,32
60680,30
60681,15
60682,5
60683,20
60684,15
60685,12
60686,4
60687,4
60688,0
60689,0
60690,1
60691,27
60692,26
60693,9
60694,8
60695,2
60696,0
60697,1
60698,3
60699,3
60700,1
60701,1
60702,0
60703,0
60704,0
60705,7
60706,6
60707,1
60708,0
60709,0
60710,0
60711,1
60712,112
60713,107
60714,36
60715,34
60716,17
60717,3
60718,19
60719,9
60720,8
60721,3
60722,2
60723,1
60724,0
60725,1
60726,13
60727,12
60728,4
60729,3
60730,1
60731,0
60732,1
60733,12
60734,12
60735,5
60736,4
60737,1
60738,0
60739,1
60740,5
60741,4
60742,2
60743,1
60744,0
60745,0
60746,1
60747,4
60748,4
60749,2
60750,2
60751,0
60752,0
60753,0
60754,19
60755,17
60756,5
60757,4
60758,2
60759,0
60760,1
60761,9
60762,8
60763,3
60764,3
60765,0
60766,0
60767,1
60768,4
60769,4
60770,1
60771,1
60772,0
60773,0
60774,0
60775,9
60776,8
60777,4
60778,4
60779,1
60780,0
60781,0
60782,6
60783,6
60784,2
60785,2
60786,1
60787,0
60788,0
60789,3
60790,3
60791,1
60792,1
60793,0
60794,0
60795,0
60796,3
60797,2
60798,0
60799,0
60800,0
60801,0
60802,0
60803,7
60804,6
60805,2
60806,2
60807,1
60808,0
60809,1
60810,5
60811,5
60812,2
60813,2
60814,1
60815,0
60816,0
60817,3
60818,2
60819,1
60820,1
60821,0
60822,0
60823,0
60824,3
60825,3
60826,1
60827,1
60828,0
60829,0
60830,0
60831,32
60832,30
60833,13
60834,13
60835,5
60836,1
60837,2
60838,19
60839,18
60840,7
60841,6
60842,3
60843,0
60844,1
60845,344
60846,316
60847,108
60848,98
60849,71
60850,27
60851,46
60852,18
60853,17
60854,6
60855,5
60856,1
60857,0
60858,1
60859,82
60860,77
60861,28
60862,26
60863,16
60864,3
60865,13
60866,4
60867,4
60868,1
60869,1
60870,0
60871,0
60872,0
60873,34
60874,31
60875,17
60876,16
60877,4
60878,0
60879,2
60880,33
60881,31
60882,9
60883,8
60884,3
60885,0
60886,2
60887,4
60888,3
60889,1
60890,1
60891,0
60892,0
60893,0
60894,32
60895,31
60896,13
60897,13
60898,4
60899,0
60900,2
60901,71
60902,68
60903,24
60904,22
60905,10
60906,1
60907,10
60908,11
60909,10
60910,3
60911,3
60912,1
60913,0
60914,0
60915,8
60916,8
60917,2
60918,1
60919,1
60920,0
60921,0
60922,14
60923,13
60924,5
60925,4
60926,2
60927,0
60928,1
60929,7
60930,6
60931,2
60932,2
60933,0
60934,0
60935,0
60936,3
60937,3
60938,1
60939,1
60940,0
60941,0
60942,0
60943,82
60944,77
60945,31
60946,29
60947,12
60948,3
60949,15
60950,11
60951,10
60952,3
60953,3
60954,0
60955,0
60956,1
60957,17
60958,17
60959,9
60960,8
60961,5
60962,0
60963,2
60964,8
60965,8
60966,3
60967,2
60968,1
60969,0
60970,1
60971,414
60972,385
60973,147
60974,130
60975,86
60976,28
60977,49
60978,14
60979,14
60980,5
60981,5
60982,3
60983,0
60984,1
60985,4
60986,3
60987,2
60988,2
60989,0
60990,0
60991,0
60992,5
60993,5
60994,1
60995,1
60996,0
60997,0
60998,0
60999,7
61000,8
61001,4
61002,4
61003,1
61004,0
61005,0
61006,1
61007,1
61008,1
61009,1
61010,0
61011,0
61012,0
61013,2
61014,2
61015,1
61016,1
61017,0
61018,0
61019,0
61020,14
61021,13
61022,6
61023,5
61024,3
61025,0
61026,1
61027,9
61028,9
61029,3
61030,3
61031,1
61032,0
61033,1
61034,8
61035,7
61036,1
61037,1
61038,0
61039,0
61040,1
61041,3
61042,3
61043,2
61044,2
61045,1
61046,0
61047,0
61048,0
61049,0
61050,0
61051,0
61052,0
61053,0
61054,0
61055,14
61056,13
61057,6
61058,5
61059,2
61060,0
61061,1
61062,14
61063,13
61064,5
61065,5
61066,1
61067,0
61068,0
61069,27
61070,25
61071,9
61072,8
61073,4
61074,0
61075,2
61076,100
61077,95
61078,34
61079,32
61080,18
61081,6
61082,17
61083,174
61084,162
61085,59
61086,54
61087,34
61088,18
61089,42
61090,6
61091,6
61092,1
61093,1
61094,0
61095,0
61096,0
61097,12
61098,11
61099,3
61100,3
61101,1
61102,0
61103,0
61104,2
61105,2
61106,1
61107,1
61108,0
61109,0
61110,0
61111,25
61112,23
61113,8
61114,7
61115,1
61116,0
61117,2
61118,13
61119,13
61120,4
61121,4
61122,1
61123,0
61124,1
61125,13
61126,12
61127,7
61128,7
61129,1
61130,0
61131,0
61132,31
61133,29
61134,9
61135,8
61136,3
61137,0
61138,1
61139,7
61140,6
61141,2
61142,1
61143,1
61144,0
61145,1
61146,5
61147,5
61148,2
61149,2
61150,0
61151,0
61152,0
61153,1
61154,1
61155,0
61156,0
61157,0
61158,0
61159,0
61160,6
61161,5
61162,3
61163,3
61164,1
61165,0
61166,0
61167,38
61168,36
61169,18
61170,16
61171,6
61172,0
61173,4
61174,9
61175,8
61176,3
61177,3
61178,1
61179,0
61180,1
61181,15
61182,13
61183,6
61184,6
61185,0
61186,0
61187,1
61188,4
61189,4
61190,2
61191,2
61192,0
61193,0
61194,0
61195,13
61196,12
61197,6
61198,6
61199,3
61200,0
61201,0
61202,3
61203,3
61204,2
61205,2
61206,0
61207,0
61208,0
61209,4
61210,4
61211,1
61212,1
61213,0
61214,0
61215,0
61216,13
61217,12
61218,6
61219,6
61220,2
61221,0
61222,1
61223,9
61224,8
61225,2
61226,1
61227,0
61228,0
61229,1
61230,6
61231,6
61232,4
61233,4
61234,0
61235,0
61236,0
61237,325
61238,253
61239,237
61240,171
61241,254
61242,248
61243,202
61244,796
61245,681
61246,645
61247,529
61248,726
61249,711
61250,564
61251,109
61252,69
61253,65
61254,16
61255,17
61256,16
61257,16
61258,224
61259,199
61260,185
61261,130
61262,144
61263,133
61264,107
61265,351
61266,215
61267,195
61268,132
61269,172
61270,164
61271,131
61272,171
61273,108
61274,100
61275,55
61276,59
61277,54
61278,55
61279,1551
61280,1059
61281,994
61282,796
61283,1380
61284,1351
61285,1009
61286,85
61287,75
61288,67
61289,26
61290,33
61291,28
61292,22
61293,54
61294,41
61295,39
61296,17
61297,18
61298,17
61299,17
61300,173
61301,94
61302,89
61303,86
61304,109
61305,107
61306,95
61307,117
61308,95
61309,89
61310,37
61311,40
61312,39
61313,36
61314,211
61315,145
61316,134
61317,106
61318,134
61319,129
61320,105
61321,95
61322,124
61323,115
61324,46
61325,40
61326,37
61327,34
61328,290
61329,240
61330,232
61331,189
61332,240
61333,234
61334,190
61335,117
61336,71
61337,66
61338,32
61339,36
61340,33
61341,31
61342,106
61343,80
61344,75
61345,38
61346,39
61347,39
61348,37
61349,548
61350,398
61351,369
61352,292
61353,404
61354,395
61355,315
61356,80
61357,60
61358,55
61359,22
61360,24
61361,23
61362,21
61363,556
61364,520
61365,485
61366,404
61367,564
61368,541
61369,417
61370,271
61371,170
61372,159
61373,135
61374,169
61375,160
61376,134
61377,413
61378,296
61379,280
61380,233
61381,344
61382,338
61383,277
61384,454
61385,348
61386,327
61387,233
61388,346
61389,339
61390,251
61391,196
61392,118
61393,108
61394,69
61395,84
61396,80
61397,67
61398,585
61399,445
61400,422
61401,357
61402,491
61403,483
61404,403
61405,159
61406,97
61407,90
61408,54
61409,63
61410,61
61411,52
61412,552
61413,387
61414,352
61415,270
61416,373
61417,359
61418,304
61419,247
61420,177
61421,169
61422,148
61423,181
61424,177
61425,155
61426,243
61427,189
61428,179
61429,145
61430,173
61431,170
61432,143
61433,137
61434,107
61435,100
61436,55
61437,56
61438,51
61439,42
61440,332
61441,208
61442,195
61443,145
61444,207
61445,197
61446,171
61447,849
61448,566
61449,528
61450,396
61451,539
61452,521
61453,413
61454,206
61455,175
61456,169
61457,116
61458,128
61459,120
61460,107
61461,58
61462,45
61463,42
61464,11
61465,11
61466,11
61467,11
61468,782
61469,401
61470,377
61471,273
61472,460
61473,451
61474,358
61475,155
61476,136
61477,128
61478,96
61479,112
61480,107
61481,92
61482,2185
61483,1450
61484,1398
61485,1131
61486,1857
61487,1795
61488,1322
61489,443
61490,481
61491,456
61492,383
61493,478
61494,461
61495,377
61496,505
61497,343
61498,327
61499,252
61500,388
61501,379
61502,288
61503,141
61504,114
61505,108
61506,68
61507,81
61508,79
61509,67
61510,517
61511,427
61512,407
61513,313
61514,405
61515,386
61516,319
61517,75
61518,66
61519,62
61520,34
61521,38
61522,36
61523,35
61524,278
61525,154
61526,142
61527,103
61528,146
61529,142
61530,119
61531,225
61532,173
61533,159
61534,111
61535,131
61536,122
61537,97
61538,71
61539,50
61540,46
61541,19
61542,19
61543,19
61544,18
61545,1286
61546,800
61547,759
61548,583
61549,939
61550,911
61551,673
61552,117
61553,152
61554,141
61555,103
61556,102
61557,98
61558,87
61559,277
61560,170
61561,157
61562,111
61563,135
61564,130
61565,113
61566,1321
61567,960
61568,898
61569,718
61570,1135
61571,1106
61572,823
61573,546
61574,400
61575,380
61576,295
61577,376
61578,363
61579,305
61580,175
61581,74
61582,70
61583,57
61584,71
61585,71
61586,68
61587,284
61588,287
61589,260
61590,190
61591,199
61592,186
61593,157
61594,467
61595,250
61596,238
61597,192
61598,290
61599,284
61600,246
61601,686
61602,449
61603,425
61604,298
61605,407
61606,396
61607,340
61608,382
61609,296
61610,284
61611,243
61612,309
61613,304
61614,267
61615,256
61616,165
61617,152
61618,139
61619,195
61620,188
61621,153
61622,499
61623,354
61624,330
61625,251
61626,379
61627,370
61628,291
61629,618
61630,438
61631,410
61632,331
61633,500
61634,487
61635,403
61636,255
61637,157
61638,145
61639,118
61640,148
61641,144
61642,127
61643,469
61644,286
61645,272
61646,200
61647,306
61648,300
61649,254
61650,2636
61651,1916
61652,1835
61653,1403
61654,2259
61655,2203
61656,1620
61657,256
61658,199
61659,186
61660,164
61661,218
61662,214
61663,176
61664,630
61665,460
61666,431
61667,377
61668,540
61669,521
61670,415
61671,585
61672,394
61673,371
61674,286
61675,367
61676,351
61677,301
61678,213
61679,131
61680,123
61681,80
61682,98
61683,92
61684,75
61685,251
61686,170
61687,159
61688,108
61689,138
61690,135
61691,114
61692,543
61693,388
61694,364
61695,278
61696,396
61697,391
61698,320
61699,239
61700,214
61701,203
61702,177
61703,220
61704,213
61705,169
61706,85
61707,58
61708,55
61709,13
61710,12
61711,11
61712,12
61713,485
61714,571
61715,534
61716,409
61717,440
61718,424
61719,361
61720,110
61721,60
61722,55
61723,22
61724,25
61725,24
61726,24
61727,124
61728,94
61729,89
61730,24
61731,23
61732,20
61733,21
61734,113
61735,96
61736,91
61737,50
61738,55
61739,54
61740,49
61741,313
61742,242
61743,230
61744,158
61745,184
61746,180
61747,165
61748,11
61749,8
61750,7
61751,4
61752,4
61753,4
61754,4
61755,270
61756,208
61757,199
61758,152
61759,193
61760,189
61761,157
61762,940
61763,629
61764,595
61765,478
61766,742
61767,721
61768,558
61769,213
61770,126
61771,116
61772,95
61773,117
61774,115
61775,104
61776,276
61777,254
61778,239
61779,155
61780,169
61781,156
61782,127
61783,196
61784,127
61785,119
61786,82
61787,105
61788,101
61789,83
61790,713
61791,435
61792,406
61793,298
61794,523
61795,506
61796,353
61797,1010
61798,667
61799,636
61800,558
61801,943
61802,922
61803,681
61804,91
61805,70
61806,66
61807,19
61808,23
61809,22
61810,22
61811,462
61812,371
61813,360
61814,331
61815,420
61816,407
61817,337
61818,111
61819,91
61820,84
61821,34
61822,40
61823,37
61824,35
61825,483
61826,343
61827,321
61828,208
61829,253
61830,244
61831,207
61832,948
61833,764
61834,727
61835,565
61836,847
61837,829
61838,628
61839,65
61840,45
61841,43
61842,15
61843,21
61844,20
61845,15
61846,250
61847,164
61848,158
61849,128
61850,174
61851,171
61852,144
61853,245
61854,159
61855,151
61856,106
61857,125
61858,123
61859,109
61860,90
61861,68
61862,64
61863,17
61864,19
61865,19
61866,19
61867,125
61868,100
61869,93
61870,50
61871,54
61872,49
61873,41
61874,81
61875,59
61876,56
61877,26
61878,27
61879,27
61880,28
61881,174
61882,83
61883,76
61884,57
61885,65
61886,61
61887,56
61888,455
61889,367
61890,345
61891,295
61892,419
61893,414
61894,317
61895,432
61896,336
61897,313
61898,216
61899,286
61900,281
61901,232
61902,128
61903,124
61904,118
61905,77
61906,81
61907,79
61908,74
61909,315
61910,206
61911,195
61912,132
61913,185
61914,181
61915,156
61916,283
61917,215
61918,207
61919,188
61920,237
61921,231
61922,191
61923,547
61924,471
61925,447
61926,354
61927,487
61928,465
61929,362
61930,261
61931,251
61932,232
61933,139
61934,150
61935,141
61936,121
61937,458
61938,330
61939,315
61940,228
61941,343
61942,335
61943,259
61944,314
61945,170
61946,163
61947,125
61948,178
61949,173
61950,145
61951,203
61952,174
61953,161
61954,98
61955,113
61956,106
61957,93
61958,66
61959,38
61960,36
61961,15
61962,16
61963,16
61964,16
61965,252
61966,225
61967,215
61968,176
61969,212
61970,207
61971,173
61972,233
61973,222
61974,210
61975,147
61976,176
61977,167
61978,136
61979,293
61980,246
61981,230
61982,196
61983,237
61984,227
61985,194
61986,674
61987,487
61988,452
61989,327
61990,534
61991,523
61992,397
61993,83
61994,68
61995,65
61996,32
61997,33
61998,32
61999,32
62000,138
62001,106
62002,101
62003,54
62004,56
62005,54
62006,53
62007,162
62008,101
62009,95
62010,61
62011,74
62012,72
62013,66
62014,33
62015,31
62016,13
62017,12
62018,1
62019,0
62020,0
62021,111
62022,105
62023,51
62024,49
62025,23
62026,1
62027,0
62028,12
62029,11
62030,3
62031,2
62032,0
62033,0
62034,0
62035,13
62036,12
62037,4
62038,3
62039,0
62040,0
62041,0
62042,91
62043,88
62044,31
62045,29
62046,6
62047,0
62048,1
62049,2
62050,2
62051,1
62052,1
62053,0
62054,0
62055,0
62056,13
62057,12
62058,4
62059,4
62060,0
62061,0
62062,0
62063,14
62064,12
62065,5
62066,4
62067,0
62068,0
62069,0
62070,26
62071,25
62072,13
62073,13
62074,0
62075,0
62076,0
62077,28
62078,26
62079,11
62080,10
62081,1
62082,0
62083,0
62084,7
62085,6
62086,2
62087,2
62088,0
62089,0
62090,0
62091,33
62092,30
62093,10
62094,9
62095,0
62096,0
62097,0
62098,25
62099,23
62100,9
62101,8
62102,1
62103,0
62104,0
62105,5
62106,5
62107,2
62108,2
62109,0
62110,0
62111,0
62112,92
62113,89
62114,37
62115,33
62116,8
62117,0
62118,0
62119,14
62120,13
62121,4
62122,4
62123,0
62124,0
62125,0
62126,13
62127,12
62128,4
62129,4
62130,0
62131,0
62132,0
62133,8
62134,7
62135,2
62136,1
62137,0
62138,0
62139,0
62140,10
62141,9
62142,3
62143,3
62144,0
62145,0
62146,0
62147,3
62148,2
62149,1
62150,0
62151,0
62152,0
62153,0
62154,53
62155,50
62156,21
62157,21
62158,3
62159,1
62160,1
62161,575
62162,523
62163,188
62164,157
62165,85
62166,29
62167,24
62168,49
62169,45
62170,16
62171,15
62172,3
62173,0
62174,0
62175,141
62176,132
62177,47
62178,41
62179,24
62180,1
62181,2
62182,18
62183,15
62184,6
62185,5
62186,0
62187,0
62188,0
62189,5
62190,4
62191,2
62192,2
62193,0
62194,0
62195,0
62196,33
62197,32
62198,9
62199,8
62200,0
62201,0
62202,0
62203,3
62204,3
62205,0
62206,0
62207,0
62208,0
62209,0
62210,76
62211,75
62212,28
62213,25
62214,6
62215,0
62216,0
62217,1
62218,1
62219,1
62220,0
62221,0
62222,0
62223,0
62224,123
62225,117
62226,43
62227,37
62228,18
62229,1
62230,1
62231,3
62232,2
62233,1
62234,1
62235,0
62236,0
62237,0
62238,2
62239,2
62240,0
62241,0
62242,0
62243,0
62244,0
62245,203
62246,191
62247,74
62248,66
62249,39
62250,7
62251,5
62252,18
62253,17
62254,6
62255,6
62256,0
62257,0
62258,0
62259,10
62260,9
62261,6
62262,6
62263,0
62264,0
62265,0
62266,19
62267,18
62268,7
62269,6
62270,0
62271,0
62272,0
62273,943
62274,857
62275,330
62276,268
62277,134
62278,37
62279,28
62280,38
62281,36
62282,14
62283,13
62284,1
62285,0
62286,0
62287,54
62288,51
62289,23
62290,19
62291,5
62292,1
62293,1
62294,4
62295,3
62296,1
62297,1
62298,0
62299,0
62300,0
62301,4
62302,4
62303,1
62304,1
62305,0
62306,0
62307,0
62308,59
62309,58
62310,24
62311,21
62312,2
62313,0
62314,0
62315,11
62316,10
62317,3
62318,2
62319,0
62320,0
62321,0
62322,53
62323,50
62324,23
62325,21
62326,2
62327,1
62328,0
62329,17
62330,16
62331,5
62332,4
62333,0
62334,0
62335,0
62336,11
62337,10
62338,6
62339,6
62340,0
62341,0
62342,0
62343,0
62344,0
62345,0
62346,0
62347,0
62348,0
62349,0
62350,57
62351,53
62352,28
62353,27
62354,5
62355,0
62356,0
62357,68
62358,64
62359,23
62360,22
62361,3
62362,0
62363,0
62364,133
62365,126
62366,44
62367,38
62368,21
62369,1
62370,1
62371,419
62372,386
62373,134
62374,112
62375,62
62376,23
62377,19
62378,94
62379,90
62380,30
62381,27
62382,7
62383,0
62384,0
62385,63
62386,59
62387,22
62388,19
62389,4
62390,1
62391,1
62392,13
62393,12
62394,5
62395,4
62396,0
62397,0
62398,0
62399,20
62400,19
62401,6
62402,5
62403,0
62404,0
62405,0
62406,17
62407,16
62408,5
62409,4
62410,0
62411,0
62412,0
62413,38
62414,35
62415,12
62416,10
62417,2
62418,0
62419,0
62420,7
62421,6
62422,3
62423,2
62424,0
62425,0
62426,0
62427,13
62428,11
62429,7
62430,7
62431,0
62432,0
62433,0
62434,71
62435,68
62436,35
62437,33
62438,7
62439,0
62440,0
62441,13
62442,12
62443,4
62444,3
62445,0
62446,0
62447,0
62448,16
62449,15
62450,6
62451,5
62452,0
62453,0
62454,0
62455,22
62456,19
62457,7
62458,7
62459,0
62460,0
62461,0
62462,17
62463,14
62464,6
62465,5
62466,0
62467,0
62468,0
62469,24
62470,23
62471,11
62472,11
62473,0
62474,0
62475,0
62476,6
62477,6
62478,2
62479,1
62480,0
62481,0
62482,0
62483,6
62484,6
62485,2
62486,2
62487,0
62488,0
62489,0
62490,39
62491,36
62492,19
62493,18
62494,2
62495,0
62496,0
62497,15
62498,14
62499,7
62500,6
62501,0
62502,0
62503,0
62504,161
62505,86
62506,74
62507,43
62508,40
62509,40
62510,45
62511,198
62512,122
62513,112
62514,85
62515,84
62516,71
62517,70
62518,61
62519,26
62520,21
62521,9
62522,9
62523,17
62524,30
62525,83
62526,32
62527,27
62528,17
62529,16
62530,18
62531,27
62532,374
62533,148
62534,126
62535,88
62536,86
62537,98
62538,138
62539,0
62540,2
62541,2
62542,0
62543,0
62544,1
62545,1
62546,43
62547,20
62548,16
62549,7
62550,7
62551,12
62552,21
62553,34
62554,14
62555,12
62556,6
62557,5
62558,7
62559,11
62560,79
62561,42
62562,36
62563,23
62564,22
62565,24
62566,38
62567,78
62568,45
62569,41
62570,26
62571,25
62572,29
62573,43
62574,57
62575,19
62576,15
62577,8
62578,7
62579,12
62580,23
62581,6
62582,4
62583,4
62584,2
62585,2
62586,3
62587,4
62588,167
62589,86
62590,77
62591,62
62592,60
62593,52
62594,65
62595,26
62596,13
62597,11
62598,4
62599,3
62600,7
62601,13
62602,119
62603,71
62604,64
62605,45
62606,42
62607,41
62608,52
62609,3
62610,2
62611,1
62612,0
62613,0
62614,1
62615,2
62616,9
62617,4
62618,4
62619,1
62620,1
62621,2
62622,2
62623,85
62624,33
62625,28
62626,20
62627,19
62628,21
62629,37
62630,131
62631,71
62632,62
62633,44
62634,43
62635,41
62636,53
62637,25
62638,12
62639,10
62640,5
62641,5
62642,6
62643,10
62644,285
62645,142
62646,126
62647,99
62648,97
62649,111
62650,125
62651,45
62652,19
62653,16
62654,6
62655,5
62656,12
62657,20
62658,38
62659,17
62660,15
62661,6
62662,5
62663,11
62664,19
62665,153
62666,74
62667,64
62668,45
62669,44
62670,51
62671,68
62672,18
62673,9
62674,9
62675,5
62676,5
62677,4
62678,6
62679,58
62680,22
62681,17
62682,8
62683,7
62684,17
62685,29
62686,133
62687,61
62688,52
62689,34
62690,33
62691,37
62692,55
62693,60
62694,37
62695,33
62696,20
62697,19
62698,19
62699,31
62700,2
62701,2
62702,2
62703,0
62704,0
62705,1
62706,1
62707,111
62708,44
62709,39
62710,23
62711,22
62712,32
62713,50
62714,54
62715,27
62716,24
62717,11
62718,10
62719,16
62720,25
62721,470
62722,233
62723,212
62724,147
62725,136
62726,162
62727,189
62728,133
62729,94
62730,88
62731,62
62732,60
62733,48
62734,55
62735,52
62736,26
62737,22
62738,14
62739,13
62740,16
62741,28
62742,51
62743,25
62744,22
62745,15
62746,15
62747,16
62748,27
62749,89
62750,34
62751,29
62752,17
62753,16
62754,26
62755,45
62756,11
62757,6
62758,5
62759,2
62760,2
62761,3
62762,5
62763,153
62764,70
62765,64
62766,41
62767,39
62768,47
62769,60
62770,2
62771,1
62772,1
62773,0
62774,0
62775,1
62776,1
62777,191
62778,98
62779,88
62780,66
62781,63
62782,71
62783,84
62784,23
62785,11
62786,10
62787,5
62788,5
62789,4
62790,7
62791,21
62792,8
62793,7
62794,4
62795,4
62796,5
62797,7
62798,36
62799,15
62800,13
62801,6
62802,6
62803,8
62804,14
62805,30
62806,14
62807,14
62808,5
62809,5
62810,8
62811,12
62812,80
62813,28
62814,24
62815,17
62816,17
62817,20
62818,32
62819,36
62820,17
62821,14
62822,3
62823,3
62824,9
62825,15
62826,151
62827,78
62828,72
62829,48
62830,46
62831,43
62832,51
62833,45
62834,20
62835,16
62836,5
62837,5
62838,14
62839,21
62840,90
62841,42
62842,34
62843,21
62844,19
62845,24
62846,38
62847,142
62848,53
62849,44
62850,26
62851,25
62852,30
62853,48
62854,544
62855,276
62856,242
62857,153
62858,139
62859,157
62860,173
62861,105
62862,55
62863,47
62864,35
62865,34
62866,39
62867,54
62868,36
62869,19
62870,16
62871,8
62872,7
62873,11
62874,19
62875,20
62876,8
62877,7
62878,2
62879,2
62880,3
62881,7
62882,97
62883,51
62884,46
62885,31
62886,29
62887,33
62888,52
62889,49
62890,27
62891,24
62892,13
62893,12
62894,16
62895,24
62896,24
62897,8
62898,6
62899,1
62900,1
62901,6
62902,12
62903,111
62904,61
62905,53
62906,37
62907,35
62908,37
62909,51
62910,11
62911,6
62912,6
62913,3
62914,3
62915,2
62916,3
62917,8
62918,3
62919,2
62920,0
62921,0
62922,2
62923,4
62924,54
62925,34
62926,30
62927,20
62928,19
62929,24
62930,36
62931,107
62932,47
62933,40
62934,24
62935,22
62936,28
62937,42
62938,41
62939,19
62940,16
62941,8
62942,7
62943,11
62944,17
62945,173
62946,80
62947,71
62948,45
62949,42
62950,51
62951,67
62952,64
62953,33
62954,30
62955,21
62956,19
62957,27
62958,39
62959,22
62960,9
62961,8
62962,3
62963,3
62964,5
62965,10
62966,77
62967,39
62968,35
62969,25
62970,24
62971,24
62972,36
62973,1
62974,1
62975,1
62976,0
62977,0
62978,1
62979,2
62980,77
62981,44
62982,39
62983,27
62984,25
62985,26
62986,41
62987,231
62988,130
62989,117
62990,84
62991,80
62992,78
62993,92
62994,113
62995,45
62996,38
62997,25
62998,25
62999,27
63000,45
63001,36
63002,16
63003,15
63004,5
63005,5
63006,10
63007,16
63008,21
63009,9
63010,8
63011,3
63012,3
63013,4
63014,8
63015,43
63016,19
63017,16
63018,9
63019,8
63020,11
63021,19
63022,92
63023,48
63024,43
63025,32
63026,31
63027,31
63028,44
63029,85
63030,61
63031,56
63032,39
63033,37
63034,37
63035,51
63036,10
63037,4
63038,3
63039,1
63040,1
63041,2
63042,3
63043,4
63044,2
63045,2
63046,0
63047,0
63048,1
63049,1
63050,56
63051,29
63052,25
63053,15
63054,14
63055,21
63056,30
63057,48
63058,27
63059,25
63060,9
63061,7
63062,18
63063,28
63064,62
63065,27
63066,23
63067,15
63068,15
63069,19
63070,30
63071,77
63072,41
63073,34
63074,20
63075,19
63076,25
63077,47
63078,71
63079,42
63080,35
63081,23
63082,21
63083,25
63084,40
63085,85
63086,46
63087,40
63088,26
63089,26
63090,27
63091,46
63092,142
63093,63
63094,56
63095,39
63096,36
63097,38
63098,53
63099,60
63100,28
63101,24
63102,14
63103,14
63104,23
63105,40
63106,99
63107,34
63108,27
63109,17
63110,14
63111,20
63112,38
63113,947
63114,876
63115,335
63116,276
63117,238
63118,209
63119,211
63120,1240
63121,1115
63122,461
63123,386
63124,338
63125,304
63126,296
63127,173
63128,165
63129,50
63130,39
63131,31
63132,22
63133,24
63134,103
63135,92
63136,44
63137,37
63138,27
63139,16
63140,14
63141,235
63142,227
63143,71
63144,57
63145,43
63146,24
63147,27
63148,116
63149,106
63150,53
63151,48
63152,34
63153,28
63154,25
63155,204
63156,191
63157,51
63158,38
63159,29
63160,21
63161,25
63162,1025
63163,941
63164,286
63165,239
63166,208
63167,191
63168,211
63169,133
63170,122
63171,53
63172,44
63173,34
63174,24
63175,23
63176,60
63177,56
63178,29
63179,27
63180,23
63181,13
63182,12
63183,241
63184,223
63185,61
63186,49
63187,43
63188,37
63189,43
63190,181
63191,175
63192,70
63193,60
63194,50
63195,41
63196,45
63197,182
63198,178
63199,70
63200,60
63201,50
63202,36
63203,39
63204,97
63205,88
63206,53
63207,49
63208,32
63209,15
63210,13
63211,144
63212,135
63213,62
63214,57
63215,49
63216,41
63217,39
63218,7
63219,7
63220,2
63221,2
63222,1
63223,0
63224,1
63225,9
63226,9
63227,4
63228,3
63229,3
63230,2
63231,2
63232,97
63233,96
63234,43
63235,41
63236,30
63237,19
63238,23
63239,6
63240,6
63241,3
63242,2
63243,2
63244,1
63245,1
63246,449
63247,413
63248,183
63249,155
63250,127
63251,106
63252,103
63253,107
63254,103
63255,40
63256,35
63257,21
63258,11
63259,12
63260,204
63261,190
63262,64
63263,55
63264,49
63265,45
63266,46
63267,299
63268,292
63269,135
63270,121
63271,104
63272,87
63273,87
63274,21
63275,20
63276,10
63277,10
63278,8
63279,5
63280,5
63281,376
63282,360
63283,133
63284,116
63285,104
63286,99
63287,108
63288,74
63289,71
63290,29
63291,26
63292,16
63293,9
63294,8
63295,492
63296,450
63297,148
63298,116
63299,92
63300,69
63301,73
63302,104
63303,102
63304,39
63305,35
63306,27
63307,21
63308,24
63309,21
63310,19
63311,10
63312,10
63313,7
63314,8
63315,9
63316,46
63317,40
63318,16
63319,14
63320,7
63321,0
63322,0
63323,171
63324,166
63325,52
63326,43
63327,36
63328,28
63329,29
63330,215
63331,203
63332,69
63333,57
63334,44
63335,36
63336,39
63337,134
63338,128
63339,47
63340,40
63341,33
63342,24
63343,24
63344,60
63345,58
63346,19
63347,16
63348,12
63349,7
63350,8
63351,11
63352,11
63353,5
63354,4
63355,2
63356,1
63357,2
63358,459
63359,432
63360,128
63361,115
63362,102
63363,97
63364,107
63365,83
63366,82
63367,36
63368,33
63369,25
63370,14
63371,16
63372,2226
63373,1966
63374,658
63375,550
63376,484
63377,420
63378,413
63379,274
63380,245
63381,139
63382,127
63383,107
63384,95
63385,91
63386,1016
63387,904
63388,298
63389,246
63390,221
63391,200
63392,212
63393,49
63394,45
63395,30
63396,28
63397,18
63398,9
63399,7
63400,182
63401,172
63402,73
63403,68
63404,60
63405,50
63406,46
63407,174
63408,162
63409,82
63410,72
63411,62
63412,51
63413,46
63414,299
63415,287
63416,78
63417,66
63418,57
63419,49
63420,54
63421,134
63422,126
63423,45
63424,37
63425,26
63426,17
63427,17
63428,15
63429,14
63430,6
63431,5
63432,3
63433,2
63434,3
63435,570
63436,567
63437,167
63438,142
63439,117
63440,106
63441,117
63442,36
63443,33
63444,22
63445,20
63446,15
63447,10
63448,11
63449,31
63450,30
63451,16
63452,15
63453,10
63454,5
63455,5
63456,42
63457,39
63458,18
63459,16
63460,12
63461,10
63462,10
63463,474
63464,442
63465,154
63466,132
63467,114
63468,107
63469,120
63470,114
63471,109
63472,40
63473,35
63474,28
63475,20
63476,21
63477,95
63478,94
63479,26
63480,23
63481,18
63482,13
63483,16
63484,127
63485,109
63486,57
63487,48
63488,40
63489,28
63490,28
63491,16
63492,15
63493,10
63494,9
63495,6
63496,2
63497,3
63498,133
63499,127
63500,49
63501,45
63502,31
63503,18
63504,23
63505,54
63506,50
63507,24
63508,23
63509,18
63510,10
63511,10
63512,27
63513,25
63514,13
63515,12
63516,7
63517,4
63518,5
63519,1092
63520,992
63521,357
63522,287
63523,247
63524,222
63525,230
63526,195
63527,193
63528,60
63529,51
63530,44
63531,34
63532,40
63533,121
63534,115
63535,58
63536,52
63537,43
63538,33
63539,33
63540,188
63541,179
63542,58
63543,51
63544,45
63545,36
63546,39
63547,4294
63548,3845
63549,1413
63550,1194
63551,1003
63552,832
63553,837
63554,224
63555,209
63556,79
63557,64
63558,53
63559,44
63560,44
63561,254
63562,240
63563,83
63564,69
63565,61
63566,56
63567,57
63568,46
63569,43
63570,23
63571,22
63572,13
63573,7
63574,9
63575,54
63576,53
63577,21
63578,20
63579,12
63580,6
63581,6
63582,315
63583,310
63584,98
63585,83
63586,66
63587,45
63588,51
63589,294
63590,289
63591,100
63592,84
63593,66
63594,56
63595,60
63596,203
63597,178
63598,81
63599,67
63600,53
63601,41
63602,40
63603,59
63604,57
63605,23
63606,21
63607,18
63608,4
63609,4
63610,199
63611,181
63612,83
63613,74
63614,62
63615,55
63616,49
63617,234
63618,205
63619,133
63620,120
63621,110
63622,93
63623,86
63624,41
63625,39
63626,15
63627,13
63628,10
63629,7
63630,7
63631,28
63632,26
63633,11
63634,10
63635,7
63636,5
63637,6
63638,180
63639,166
63640,80
63641,71
63642,61
63643,51
63644,49
63645,111
63646,108
63647,51
63648,48
63649,35
63650,30
63651,32
63652,27
63653,25
63654,11
63655,10
63656,7
63657,2
63658,4
63659,495
63660,458
63661,207
63662,184
63663,157
63664,143
63665,139
63666,433
63667,399
63668,121
63669,105
63670,88
63671,81
63672,87
63673,120
63674,110
63675,44
63676,38
63677,34
63678,19
63679,17
63680,38
63681,37
63682,18
63683,16
63684,9
63685,2
63686,2
63687,868
63688,797
63689,230
63690,190
63691,158
63692,136
63693,151
63694,1662
63695,1473
63696,467
63697,383
63698,334
63699,303
63700,309
63701,77
63702,76
63703,33
63704,30
63705,21
63706,9
63707,10
63708,224
63709,215
63710,79
63711,65
63712,51
63713,38
63714,44
63715,150
63716,136
63717,45
63718,35
63719,29
63720,23
63721,24
63722,30
63723,29
63724,20
63725,19
63726,12
63727,5
63728,6
63729,572
63730,535
63731,198
63732,168
63733,147
63734,130
63735,141
63736,239
63737,225
63738,67
63739,56
63740,46
63741,41
63742,42
63743,263
63744,250
63745,79
63746,67
63747,59
63748,52
63749,56
63750,186
63751,175
63752,55
63753,47
63754,40
63755,37
63756,41
63757,11
63758,11
63759,4
63760,3
63761,2
63762,1
63763,1
63764,42
63765,40
63766,20
63767,18
63768,11
63769,5
63770,5
63771,70
63772,67
63773,28
63774,26
63775,19
63776,13
63777,15
63778,59
63779,56
63780,19
63781,17
63782,10
63783,4
63784,4
63785,362
63786,342
63787,113
63788,94
63789,79
63790,64
63791,73
63792,26
63793,22
63794,15
63795,13
63796,6
63797,3
63798,2
63799,383
63800,359
63801,186
63802,168
63803,147
63804,136
63805,124
63806,66
63807,60
63808,31
63809,28
63810,14
63811,7
63812,6
63813,361
63814,337
63815,185
63816,160
63817,120
63818,101
63819,90
63820,395
63821,369
63822,112
63823,93
63824,77
63825,65
63826,71
63827,277
63828,267
63829,101
63830,90
63831,80
63832,68
63833,67
63834,624
63835,562
63836,253
63837,220
63838,188
63839,171
63840,158
63841,223
63842,186
63843,115
63844,99
63845,76
63846,60
63847,48
63848,301
63849,280
63850,91
63851,79
63852,66
63853,58
63854,63
63855,44
63856,43
63857,17
63858,16
63859,9
63860,3
63861,4
63862,94
63863,91
63864,39
63865,35
63866,23
63867,10
63868,11
63869,6
63870,6
63871,2
63872,2
63873,1
63874,1
63875,1
63876,210
63877,187
63878,108
63879,98
63880,81
63881,70
63882,67
63883,140
63884,133
63885,60
63886,54
63887,45
63888,30
63889,31
63890,113
63891,107
63892,39
63893,34
63894,27
63895,22
63896,23
63897,419
63898,406
63899,144
63900,128
63901,109
63902,101
63903,105
63904,82
63905,79
63906,31
63907,27
63908,21
63909,14
63910,15
63911,213
63912,202
63913,94
63914,82
63915,69
63916,55
63917,54
63918,28
63919,27
63920,12
63921,11
63922,8
63923,3
63924,2
63925,81
63926,76
63927,32
63928,30
63929,13
63930,5
63931,2
63932,28
63933,26
63934,18
63935,17
63936,3
63937,4
63938,8
63939,32
63940,29
63941,20
63942,20
63943,5
63944,7
63945,14
63946,14
63947,13
63948,7
63949,7
63950,2
63951,2
63952,3
63953,11
63954,10
63955,7
63956,7
63957,1
63958,3
63959,5
63960,136
63961,121
63962,44
63963,36
63964,21
63965,10
63966,4
63967,8
63968,7
63969,5
63970,5
63971,1
63972,4
63973,6
63974,7
63975,6
63976,3
63977,3
63978,1
63979,1
63980,2
63981,40
63982,38
63983,16
63984,15
63985,3
63986,2
63987,5
63988,30
63989,28
63990,16
63991,16
63992,2
63993,3
63994,7
63995,24
63996,22
63997,11
63998,11
63999,3
64000,5
64001,10
64002,59
64003,56
64004,22
64005,19
64006,7
64007,2
64008,2
64009,217
64010,191
64011,73
64012,64
64013,35
64014,21
64015,13
64016,311
64017,277
64018,82
64019,67
64020,43
64021,26
64022,21
64023,196
64024,186
64025,66
64026,55
64027,31
64028,19
64029,11
64030,164
64031,148
64032,42
64033,35
64034,21
64035,13
64036,14
64037,170
64038,155
64039,65
64040,58
64041,30
64042,16
64043,15
64044,235
64045,206
64046,62
64047,52
64048,31
64049,21
64050,17
64051,128
64052,119
64053,45
64054,41
64055,14
64056,20
64057,29
64058,137
64059,132
64060,31
64061,27
64062,11
64063,7
64064,10
64065,330
64066,295
64067,100
64068,87
64069,56
64070,34
64071,22
64072,640
64073,497
64074,212
64075,187
64076,117
64077,51
64078,46
64079,114
64080,106
64081,37
64082,34
64083,10
64084,15
64085,24
64086,123
64087,114
64088,43
64089,40
64090,14
64091,18
64092,22
64093,294
64094,250
64095,85
64096,76
64097,49
64098,31
64099,18
64100,234
64101,212
64102,73
64103,64
64104,33
64105,22
64106,18
64107,197
64108,174
64109,92
64110,78
64111,47
64112,26
64113,15
64114,475
64115,404
64116,163
64117,129
64118,76
64119,52
64120,49
64121,31
64122,12
64123,10
64124,6
64125,5
64126,10
64127,14
64128,495
64129,329
64130,305
64131,286
64132,251
64133,252
64134,275
64135,38
64136,14
64137,11
64138,10
64139,3
64140,9
64141,15
64142,160
64143,75
64144,67
64145,60
64146,40
64147,39
64148,59
64149,39
64150,20
64151,17
64152,8
64153,3
64154,9
64155,15
64156,14
64157,5
64158,4
64159,2
64160,0
64161,3
64162,5
64163,79
64164,33
64165,31
64166,24
64167,17
64168,26
64169,48
64170,13
64171,6
64172,6
64173,1
64174,0
64175,4
64176,6
64177,188
64178,106
64179,97
64180,89
64181,76
64182,64
64183,75
64184,19
64185,6
64186,5
64187,4
64188,1
64189,2
64190,5
64191,26
64192,11
64193,9
64194,8
64195,3
64196,5
64197,9
64198,272
64199,167
64200,150
64201,136
64202,121
64203,111
64204,129
64205,45
64206,17
64207,12
64208,9
64209,2
64210,10
64211,20
64212,400
64213,260
64214,235
64215,211
64216,177
64217,188
64218,208
64219,74
64220,33
64221,29
64222,25
64223,17
64224,27
64225,42
64226,164
64227,105
64228,97
64229,84
64230,71
64231,58
64232,69
64233,0
64234,0
64235,0
64236,0
64237,0
64238,0
64239,1
64240,117
64241,58
64242,53
64243,48
64244,35
64245,35
64246,48
64247,13
64248,5
64249,4
64250,3
64251,1
64252,2
64253,4
64254,6
64255,2
64256,2
64257,1
64258,0
64259,1
64260,2
64261,2
64262,2
64263,2
64264,1
64265,0
64266,1
64267,2
64268,147
64269,61
64270,51
64271,41
64272,27
64273,30
64274,48
64275,136
64276,63
64277,54
64278,42
64279,31
64280,32
64281,51
64282,1
64283,1
64284,1
64285,0
64286,0
64287,0
64288,0
64289,304
64290,115
64291,99
64292,85
64293,60
64294,78
64295,119
64296,3
64297,1
64298,1
64299,0
64300,0
64301,1
64302,1
64303,701
64304,361
64305,328
64306,301
64307,218
64308,274
64309,354
64310,216
64311,173
64312,156
64313,142
64314,113
64315,87
64316,96
64317,288
64318,146
64319,137
64320,127
64321,104
64322,133
64323,167
64324,54
64325,30
64326,26
64327,23
64328,18
64329,18
64330,30
64331,26
64332,12
64333,11
64334,9
64335,6
64336,9
64337,13
64338,75
64339,42
64340,39
64341,28
64342,19
64343,29
64344,47
64345,17
64346,5
64347,4
64348,3
64349,1
64350,2
64351,4
64352,1
64353,0
64354,0
64355,0
64356,0
64357,0
64358,0
64359,132
64360,58
64361,51
64362,46
64363,31
64364,31
64365,43
64366,0
64367,0
64368,0
64369,0
64370,0
64371,0
64372,0
64373,335
64374,157
64375,140
64376,128
64377,100
64378,112
64379,144
64380,110
64381,58
64382,52
64383,48
64384,39
64385,33
64386,45
64387,17
64388,4
64389,4
64390,2
64391,1
64392,5
64393,9
64394,22
64395,9
64396,7
64397,6
64398,1
64399,3
64400,6
64401,30
64402,13
64403,12
64404,8
64405,3
64406,8
64407,12
64408,58
64409,22
64410,19
64411,16
64412,12
64413,15
64414,27
64415,31
64416,11
64417,8
64418,6
64419,0
64420,5
64421,11
64422,196
64423,95
64424,85
64425,76
64426,62
64427,60
64428,73
64429,168
64430,84
64431,74
64432,64
64433,48
64434,44
64435,58
64436,62
64437,30
64438,28
64439,19
64440,5
64441,9
64442,19
64443,629
64444,320
64445,285
64446,252
64447,181
64448,211
64449,264
64450,9
64451,4
64452,4
64453,2
64454,1
64455,1
64456,1
64457,35
64458,16
64459,14
64460,12
64461,6
64462,11
64463,17
64464,14
64465,5
64466,4
64467,2
64468,1
64469,2
64470,4
64471,38
64472,20
64473,20
64474,14
64475,8
64476,15
64477,21
64478,85
64479,56
64480,50
64481,43
64482,34
64483,33
64484,46
64485,120
64486,64
64487,56
64488,48
64489,39
64490,34
64491,45
64492,195
64493,135
64494,124
64495,112
64496,89
64497,87
64498,96
64499,4
64500,1
64501,1
64502,1
64503,0
64504,0
64505,1
64506,5
64507,2
64508,2
64509,1
64510,0
64511,1
64512,2
64513,40
64514,16
64515,14
64516,9
64517,5
64518,19
64519,28
64520,2
64521,1
64522,1
64523,0
64524,0
64525,1
64526,1
64527,210
64528,95
64529,85
64530,73
64531,50
64532,53
64533,72
64534,174
64535,83
64536,75
64537,68
64538,49
64539,44
64540,53
64541,10
64542,3
64543,2
64544,1
64545,0
64546,1
64547,3
64548,20
64549,9
64550,8
64551,6
64552,3
64553,4
64554,6
64555,16
64556,10
64557,10
64558,9
64559,3
64560,4
64561,4
64562,307
64563,189
64564,172
64565,155
64566,120
64567,118
64568,140
64569,45
64570,17
64571,14
64572,10
64573,5
64574,11
64575,18
64576,62
64577,24
64578,20
64579,17
64580,12
64581,16
64582,27
64583,58
64584,24
64585,21
64586,15
64587,5
64588,17
64589,35
64590,34
64591,12
64592,9
64593,4
64594,2
64595,7
64596,13
64597,37
64598,14
64599,12
64600,9
64601,5
64602,11
64603,18
64604,89
64605,52
64606,48
64607,42
64608,32
64609,36
64610,52
64611,154
64612,66
64613,56
64614,45
64615,31
64616,39
64617,62
64618,27
64619,11
64620,9
64621,5
64622,2
64623,9
64624,14
64625,3
64626,1
64627,1
64628,0
64629,0
64630,2
64631,3
64632,199
64633,96
64634,86
64635,75
64636,60
64637,62
64638,86
64639,13
64640,5
64641,4
64642,3
64643,1
64644,2
64645,4
64646,56
64647,25
64648,22
64649,19
64650,7
64651,19
64652,37
64653,8
64654,4
64655,3
64656,1
64657,0
64658,2
64659,3
64660,210
64661,104
64662,95
64663,82
64664,66
64665,64
64666,94
64667,4
64668,1
64669,1
64670,1
64671,0
64672,1
64673,1
64674,54
64675,22
64676,18
64677,17
64678,11
64679,13
64680,24
64681,243
64682,135
64683,123
64684,109
64685,99
64686,96
64687,146
64688,469
64689,330
64690,309
64691,296
64692,288
64693,263
64694,332
64695,60
64696,29
64697,27
64698,13
64699,7
64700,7
64701,25
64702,128
64703,85
64704,77
64705,65
64706,55
64707,52
64708,72
64709,330
64710,136
64711,118
64712,94
64713,77
64714,76
64715,155
64716,21
64717,10
64718,10
64719,2
64720,0
64721,0
64722,5
64723,793
64724,372
64725,338
64726,320
64727,319
64728,334
64729,558
64730,53
64731,36
64732,33
64733,18
64734,12
64735,12
64736,21
64737,16
64738,13
64739,13
64740,9
64741,7
64742,10
64743,13
64744,163
64745,51
64746,45
64747,39
64748,40
64749,48
64750,97
64751,168
64752,104
64753,95
64754,85
64755,83
64756,81
64757,107
64758,151
64759,102
64760,95
64761,80
64762,76
64763,70
64764,89
64765,80
64766,82
64767,77
64768,64
64769,57
64770,51
64771,52
64772,137
64773,97
64774,96
64775,89
64776,87
64777,84
64778,101
64779,116
64780,43
64781,39
64782,32
64783,29
64784,27
64785,50
64786,44
64787,32
64788,32
64789,22
64790,18
64791,19
64792,28
64793,530
64794,344
64795,313
64796,296
64797,280
64798,269
64799,348
64800,86
64801,37
64802,33
64803,26
64804,22
64805,21
64806,37
64807,95
64808,51
64809,47
64810,34
64811,28
64812,28
64813,50
64814,201
64815,100
64816,94
64817,91
64818,90
64819,91
64820,138
64821,386
64822,262
64823,245
64824,224
64825,218
64826,202
64827,245
64828,90
64829,57
64830,54
64831,45
64832,43
64833,44
64834,61
64835,425
64836,256
64837,237
64838,229
64839,226
64840,227
64841,317
64842,153
64843,71
64844,65
64845,59
64846,56
64847,58
64848,90
64849,237
64850,109
64851,96
64852,80
64853,70
64854,67
64855,125
64856,223
64857,120
64858,113
64859,106
64860,101
64861,99
64862,151
64863,244
64864,176
64865,165
64866,160
64867,158
64868,152
64869,192
64870,64
64871,41
64872,36
64873,21
64874,12
64875,9
64876,27
64877,373
64878,165
64879,150
64880,138
64881,139
64882,140
64883,230
64884,323
64885,177
64886,164
64887,147
64888,142
64889,136
64890,206
64891,171
64892,107
64893,102
64894,97
64895,93
64896,88
64897,113
64898,9
64899,5
64900,4
64901,3
64902,3
64903,3
64904,5
64905,47
64906,32
64907,29
64908,21
64909,16
64910,17
64911,22
64912,441
64913,170
64914,158
64915,149
64916,146
64917,157
64918,300
64919,117
64920,80
64921,76
64922,65
64923,61
64924,60
64925,81
64926,1393
64927,749
64928,711
64929,669
64930,634
64931,620
64932,938
64933,344
64934,333
64935,317
64936,299
64937,292
64938,255
64939,290
64940,528
64941,247
64942,232
64943,217
64944,215
64945,217
64946,343
64947,156
64948,118
64949,109
64950,105
64951,105
64952,100
64953,125
64954,217
64955,149
64956,144
64957,137
64958,134
64959,128
64960,162
64961,143
64962,93
64963,84
64964,76
64965,73
64966,71
64967,92
64968,196
64969,95
64970,84
64971,80
64972,78
64973,80
64974,122
64975,108
64976,62
64977,55
64978,45
64979,38
64980,32
64981,48
64982,42
64983,24
64984,22
64985,14
64986,12
64987,13
64988,21
64989,316
64990,167
64991,158
64992,144
64993,133
64994,126
64995,190
64996,10
64997,11
64998,11
64999,7
65000,8
65001,10
65002,11
65003,80
65004,45
65005,41
65006,34
65007,29
65008,26
65009,38
65010,589
65011,315
65012,295
65013,282
65014,280
65015,278
65016,412
65017,295
65018,173
65019,160
65020,150
65021,144
65022,139
65023,180
65024,151
65025,38
65026,32
65027,29
65028,27
65029,32
65030,83
65031,126
65032,82
65033,73
65034,62
65035,57
65036,51
65037,61
65038,277
65039,162
65040,153
65041,146
65042,145
65043,144
65044,208
65045,204
65046,126
65047,116
65048,109
65049,106
65050,108
65051,158
65052,67
65053,37
65054,34
65055,21
65056,16
65057,16
65058,33
65059,476
65060,247
65061,228
65062,213
65063,204
65064,206
65065,314
65066,353
65067,171
65068,158
65069,146
65070,144
65071,141
65072,220
65073,167
65074,92
65075,82
65076,76
65077,72
65078,68
65079,97
65080,295
65081,128
65082,116
65083,106
65084,97
65085,99
65086,172
65087,1974
65088,1097
65089,1021
65090,924
65091,880
65092,834
65093,1300
65094,158
65095,87
65096,81
65097,76
65098,73
65099,71
65100,101
65101,489
65102,355
65103,324
65104,314
65105,312
65106,292
65107,376
65108,157
65109,114
65110,104
65111,90
65112,85
65113,81
65114,100
65115,135
65116,56
65117,50
65118,41
65119,33
65120,31
65121,59
65122,222
65123,105
65124,96
65125,84
65126,79
65127,79
65128,130
65129,107
65130,63
65131,59
65132,51
65133,46
65134,44
65135,61
65136,96
65137,65
65138,60
65139,56
65140,50
65141,46
65142,56
65143,133
65144,70
65145,65
65146,46
65147,37
65148,33
65149,65
65150,231
65151,232
65152,218
65153,200
65154,178
65155,161
65156,158
65157,163
65158,84
65159,77
65160,66
65161,58
65162,52
65163,79
65164,210
65165,152
65166,141
65167,127
65168,122
65169,117
65170,152
65171,299
65172,206
65173,192
65174,182
65175,175
65176,166
65177,196
65178,16
65179,11
65180,10
65181,7
65182,4
65183,5
65184,8
65185,257
65186,188
65187,177
65188,167
65189,165
65190,159
65191,208
65192,738
65193,363
65194,337
65195,317
65196,304
65197,303
65198,480
65199,206
65200,150
65201,138
65202,129
65203,127
65204,120
65205,134
65206,57
65207,30
65208,28
65209,19
65210,15
65211,15
65212,27
65213,619
65214,257
65215,234
65216,216
65217,213
65218,224
65219,406
65220,414
65221,193
65222,181
65223,170
65224,158
65225,159
65226,267
65227,81
65228,50
65229,47
65230,31
65231,23
65232,23
65233,46
65234,130
65235,95
65236,92
65237,80
65238,76
65239,73
65240,90
65241,149
65242,78
65243,66
65244,57
65245,56
65246,58
65247,94
65248,156
65249,119
65250,111
65251,98
65252,87
65253,78
65254,79
65255,834
65256,565
65257,521
65258,492
65259,485
65260,464
65261,628
65262,162
65263,87
65264,83
65265,80
65266,81
65267,83
65268,120
65269,319
65270,175
65271,161
65272,151
65273,149
65274,151
65275,222
65276,118
65277,74
65278,70
65279,62
65280,60
65281,61
65282,83
65283,60
65284,34
65285,33
65286,18
65287,13
65288,11
65289,25
65290,130
65291,66
65292,62
65293,57
65294,58
65295,59
65296,91
65297,117
65298,60
65299,54
65300,50
65301,45
65302,42
65303,62
65304,332
65305,196
65306,181
65307,168
65308,161
65309,154
65310,211
65311,225
65312,167
65313,154
65314,142
65315,138
65316,128
65317,150
65318,94
65319,84
65320,80
65321,58
65322,55
65323,49
65324,59
65325,372
65326,136
65327,120
65328,105
65329,102
65330,109
65331,221
65332,50
65333,30
65334,29
65335,19
65336,17
65337,18
65338,30
65339,322
65340,260
65341,248
65342,231
65343,212
65344,194
65345,224
65346,147
65347,163
65348,151
65349,122
65350,107
65351,91
65352,95
65353,391
65354,196
65355,185
65356,178
65357,179
65358,180
65359,277
65360,94
65361,50
65362,47
65363,40
65364,34
65365,32
65366,52
65367,224
65368,158
65369,145
65370,136
65371,128
65372,120
65373,158
65374,60
65375,29
65376,28
65377,20
65378,18
65379,21
65380,39
65381,131
65382,110
65383,104
65384,98
65385,96
65386,91
65387,102
65388,182
65389,147
65390,135
65391,122
65392,115
65393,106
65394,132
65395,195
65396,134
65397,124
65398,117
65399,116
65400,112
65401,147
65402,527
65403,257
65404,235
65405,227
65406,220
65407,222
65408,349
65409,137
65410,78
65411,71
65412,65
65413,64
65414,66
65415,94
65416,60
65417,43
65418,42
65419,22
65420,17
65421,16
65422,27
65423,192
65424,93
65425,85
65426,81
65427,74
65428,73
65429,121
65430,381
65431,215
65432,195
65433,177
65434,152
65435,166
65436,220
65437,513
65438,357
65439,334
65440,323
65441,290
65442,300
65443,317
65444,104
65445,48
65446,43
65447,37
65448,26
65449,28
65450,51
65451,72
65452,45
65453,39
65454,29
65455,16
65456,17
65457,28
65458,320
65459,146
65460,132
65461,115
65462,92
65463,102
65464,167
65465,60
65466,22
65467,19
65468,16
65469,4
65470,6
65471,24
65472,597
65473,271
65474,244
65475,235
65476,205
65477,249
65478,393
65479,127
65480,71
65481,63
65482,57
65483,45
65484,48
65485,64
65486,86
65487,56
65488,51
65489,43
65490,39
65491,41
65492,55
65493,93
65494,43
65495,42
65496,33
65497,31
65498,37
65499,70
65500,65
65501,44
65502,42
65503,26
65504,17
65505,19
65506,31
65507,138
65508,102
65509,97
65510,90
65511,81
65512,80
65513,89
65514,87
65515,85
65516,77
65517,66
65518,52
65519,53
65520,46
65521,302
65522,193
65523,178
65524,173
65525,156
65526,170
65527,184
65528,109
65529,42
65530,38
65531,37
65532,23
65533,27
65534,53
65535,124
65536,75
65537,68
65538,63
65539,52
65540,59
65541,66
65542,257
65543,168
65544,157
65545,153
65546,136
65547,145
65548,168
65549,47
65550,27
65551,25
65552,21
65553,11
65554,13
65555,22
65556,207
65557,144
65558,133
65559,126
65560,114
65561,122
65562,133
65563,93
65564,48
65565,43
65566,33
65567,24
65568,27
65569,40
65570,201
65571,92
65572,84
65573,82
65574,75
65575,87
65576,128
65577,328
65578,209
65579,196
65580,186
65581,171
65582,178
65583,191
65584,95
65585,58
65586,54
65587,49
65588,44
65589,50
65590,60
65591,383
65592,205
65593,190
65594,183
65595,167
65596,189
65597,249
65598,105
65599,47
65600,42
65601,38
65602,30
65603,36
65604,56
65605,147
65606,79
65607,70
65608,63
65609,51
65610,59
65611,90
65612,342
65613,178
65614,160
65615,157
65616,138
65617,157
65618,228
65619,221
65620,161
65621,150
65622,145
65623,133
65624,140
65625,160
65626,90
65627,44
65628,39
65629,30
65630,20
65631,23
65632,40
65633,312
65634,141
65635,125
65636,117
65637,98
65638,120
65639,193
65640,351
65641,185
65642,169
65643,163
65644,143
65645,160
65646,211
65647,142
65648,93
65649,86
65650,82
65651,66
65652,73
65653,80
65654,73
65655,50
65656,46
65657,37
65658,26
65659,28
65660,39
65661,291
65662,113
65663,105
65664,100
65665,87
65666,107
65667,190
65668,111
65669,78
65670,72
65671,64
65672,57
65673,60
65674,70
65675,1188
65676,611
65677,573
65678,564
65679,468
65680,520
65681,678
65682,243
65683,220
65684,215
65685,208
65686,186
65687,183
65688,180
65689,255
65690,125
65691,118
65692,114
65693,100
65694,118
65695,167
65696,102
65697,80
65698,75
65699,70
65700,64
65701,68
65702,79
65703,256
65704,168
65705,159
65706,154
65707,140
65708,151
65709,167
65710,75
65711,37
65712,34
65713,30
65714,26
65715,25
65716,35
65717,126
65718,73
65719,65
65720,55
65721,44
65722,42
65723,62
65724,77
65725,43
65726,38
65727,33
65728,28
65729,32
65730,42
65731,933
65732,468
65733,438
65734,414
65735,361
65736,395
65737,545
65738,138
65739,143
65740,129
65741,120
65742,109
65743,114
65744,95
65745,65
65746,35
65747,31
65748,25
65749,20
65750,21
65751,34
65752,390
65753,220
65754,204
65755,198
65756,179
65757,200
65758,262
65759,161
65760,103
65761,98
65762,95
65763,82
65764,87
65765,100
65766,133
65767,36
65768,32
65769,27
65770,25
65771,34
65772,78
65773,115
65774,64
65775,55
65776,49
65777,38
65778,40
65779,52
65780,377
65781,215
65782,200
65783,192
65784,174
65785,191
65786,259
65787,144
65788,87
65789,79
65790,76
65791,64
65792,73
65793,103
65794,98
65795,58
65796,53
65797,46
65798,41
65799,41
65800,52
65801,564
65802,285
65803,256
65804,250
65805,223
65806,260
65807,372
65808,213
65809,103
65810,92
65811,87
65812,75
65813,82
65814,123
65815,367
65816,162
65817,147
65818,138
65819,116
65820,133
65821,213
65822,1530
65823,832
65824,767
65825,722
65826,583
65827,655
65828,894
65829,128
65830,74
65831,68
65832,65
65833,58
65834,66
65835,79
65836,11
65837,8
65838,8
65839,5
65840,3
65841,3
65842,4
65843,91
65844,72
65845,68
65846,57
65847,46
65848,48
65849,50
65850,214
65851,101
65852,91
65853,86
65854,73
65855,85
65856,129
65857,580
65858,334
65859,305
65860,295
65861,272
65862,293
65863,362
65864,164
65865,108
65866,98
65867,94
65868,86
65869,92
65870,103
65871,111
65872,57
65873,51
65874,39
65875,28
65876,31
65877,54
65878,197
65879,192
65880,179
65881,169
65882,150
65883,154
65884,130
65885,6
65886,3
65887,3
65888,2
65889,2
65890,2
65891,4
65892,204
65893,115
65894,104
65895,100
65896,85
65897,86
65898,111
65899,167
65900,112
65901,103
65902,95
65903,87
65904,92
65905,106
65906,250
65907,162
65908,152
65909,145
65910,132
65911,141
65912,151
65913,86
65914,53
65915,49
65916,44
65917,36
65918,37
65919,60
65920,124
65921,92
65922,87
65923,81
65924,75
65925,80
65926,89
65927,550
65928,254
65929,234
65930,224
65931,192
65932,218
65933,326
65934,82
65935,52
65936,46
65937,43
65938,30
65939,31
65940,38
65941,200
65942,83
65943,75
65944,72
65945,55
65946,64
65947,104
65948,339
65949,141
65950,129
65951,116
65952,97
65953,118
65954,203
65955,435
65956,224
65957,209
65958,204
65959,172
65960,185
65961,262
65962,162
65963,88
65964,77
65965,72
65966,64
65967,76
65968,107
65969,205
65970,136
65971,130
65972,122
65973,109
65974,115
65975,123
65976,41
65977,23
65978,20
65979,14
65980,7
65981,11
65982,22
65983,265
65984,180
65985,163
65986,154
65987,125
65988,130
65989,127
65990,572
65991,368
65992,336
65993,322
65994,287
65995,300
65996,374
65997,36
65998,18
65999,17
66000,11
66001,10
66002,13
66003,22
66004,216
66005,106
66006,97
66007,93
66008,84
66009,96
66010,138
66011,275
66012,141
66013,131
66014,130
66015,119
66016,137
66017,194
66018,143
66019,86
66020,77
66021,74
66022,63
66023,73
66024,98
66025,93
66026,56
66027,52
66028,46
66029,29
66030,30
66031,49
66032,127
66033,49
66034,42
66035,39
66036,33
66037,42
66038,69
66039,16
66040,9
66041,8
66042,5
66043,3
66044,4
66045,6
66046,351
66047,211
66048,194
66049,185
66050,166
66051,179
66052,226
66053,200
66054,155
66055,143
66056,132
66057,118
66058,122
66059,127
66060,40
66061,34
66062,33
66063,20
66064,15
66065,16
66066,20
66067,262
66068,107
66069,94
66070,84
66071,70
66072,87
66073,153
66074,157
66075,103
66076,98
66077,95
66078,87
66079,96
66080,119
66081,276
66082,230
66083,217
66084,206
66085,188
66086,189
66087,184
66088,91
66089,104
66090,98
66091,84
66092,65
66093,58
66094,53
66095,257
66096,141
66097,133
66098,129
66099,120
66100,133
66101,188
66102,174
66103,81
66104,75
66105,71
66106,60
66107,66
66108,95
66109,223
66110,154
66111,138
66112,132
66113,112
66114,120
66115,136
66116,129
66117,46
66118,42
66119,39
66120,30
66121,39
66122,70
66123,146
66124,118
66125,107
66126,99
66127,86
66128,89
66129,95
66130,37
66131,30
66132,30
66133,20
66134,18
66135,19
66136,26
66137,529
66138,269
66139,243
66140,240
66141,213
66142,240
66143,351
66144,105
66145,62
66146,57
66147,51
66148,46
66149,53
66150,67
66151,56
66152,37
66153,34
66154,28
66155,24
66156,25
66157,33
66158,211
66159,93
66160,85
66161,85
66162,71
66163,82
66164,126
66165,779
66166,678
66167,765
66168,635
66169,613
66170,601
66171,612
66172,842
66173,712
66174,839
66175,700
66176,675
66177,743
66178,790
66179,215
66180,203
66181,210
66182,181
66183,162
66184,70
66185,68
66186,45
66187,38
66188,42
66189,37
66190,28
66191,7
66192,8
66193,462
66194,448
66195,449
66196,382
66197,360
66198,221
66199,224
66200,136
66201,129
66202,128
66203,115
66204,98
66205,21
66206,20
66207,2410
66208,2153
66209,2271
66210,1990
66211,1961
66212,1769
66213,1897
66214,86
66215,79
66216,85
66217,70
66218,59
66219,9
66220,11
66221,191
66222,173
66223,189
66224,162
66225,151
66226,72
66227,71
66228,370
66229,346
66230,340
66231,314
66232,304
66233,223
66234,232
66235,204
66236,193
66237,219
66238,189
66239,177
66240,122
66241,130
66242,220
66243,217
66244,232
66245,190
66246,171
66247,135
66248,149
66249,124
66250,99
66251,142
66252,117
66253,106
66254,52
66255,54
66256,918
66257,806
66258,948
66259,814
66260,775
66261,746
66262,773
66263,64
66264,60
66265,58
66266,53
66267,41
66268,5
66269,5
66270,111
66271,106
66272,108
66273,102
66274,91
66275,33
66276,36
66277,317
66278,313
66279,327
66280,283
66281,265
66282,228
66283,254
66284,292
66285,264
66286,290
66287,242
66288,209
66289,196
66290,212
66291,284
66292,264
66293,290
66294,256
66295,233
66296,153
66297,161
66298,140
66299,127
66300,139
66301,119
66302,110
66303,46
66304,48
66305,139
66306,124
66307,131
66308,110
66309,91
66310,32
66311,32
66312,520
66313,477
66314,497
66315,436
66316,428
66317,356
66318,374
66319,454
66320,441
66321,481
66322,404
66323,377
66324,357
66325,386
66326,156
66327,145
66328,162
66329,139
66330,129
66331,65
66332,69
66333,982
66334,863
66335,990
66336,875
66337,857
66338,881
66339,933
66340,250
66341,235
66342,258
66343,228
66344,210
66345,114
66346,109
66347,381
66348,336
66349,370
66350,313
66351,286
66352,182
66353,182
66354,231
66355,225
66356,234
66357,209
66358,194
66359,130
66360,140
66361,238
66362,216
66363,231
66364,208
66365,196
66366,169
66367,176
66368,150
66369,129
66370,146
66371,119
66372,93
66373,42
66374,43
66375,367
66376,358
66377,390
66378,339
66379,325
66380,267
66381,285
66382,312
66383,292
66384,300
66385,254
66386,237
66387,166
66388,161
66389,133
66390,118
66391,131
66392,116
66393,103
66394,48
66395,53
66396,105
66397,99
66398,107
66399,94
66400,77
66401,34
66402,36
66403,1398
66404,1277
66405,1301
66406,1196
66407,1157
66408,920
66409,956
66410,228
66411,220
66412,246
66413,217
66414,201
66415,159
66416,162
66417,3089
66418,2602
66419,2797
66420,2499
66421,2425
66422,2192
66423,2228
66424,369
66425,311
66426,395
66427,341
66428,315
66429,323
66430,352
66431,1226
66432,1056
66433,1123
66434,1007
66435,974
66436,878
66437,924
66438,12
66439,11
66440,11
66441,9
66442,8
66443,2
66444,2
66445,373
66446,332
66447,393
66448,342
66449,321
66450,280
66451,294
66452,429
66453,380
66454,438
66455,370
66456,346
66457,309
66458,326
66459,433
66460,423
66461,414
66462,371
66463,350
66464,223
66465,227
66466,120
66467,113
66468,127
66469,107
66470,86
66471,19
66472,21
66473,23
66474,21
66475,20
66476,18
66477,15
66478,3
66479,3
66480,907
66481,883
66482,862
66483,761
66484,728
66485,615
66486,628
66487,167
66488,131
66489,183
66490,147
66491,127
66492,131
66493,141
66494,305
66495,279
66496,302
66497,261
66498,246
66499,155
66500,152
66501,1446
66502,1251
66503,1398
66504,1212
66505,1187
66506,1092
66507,1156
66508,186
66509,180
66510,205
66511,181
66512,165
66513,90
66514,104
66515,521
66516,515
66517,441
66518,423
66519,418
66520,330
66521,328
66522,88
66523,75
66524,84
66525,68
66526,56
66527,12
66528,13
66529,50
66530,48
66531,43
66532,41
66533,36
66534,11
66535,12
66536,501
66537,446
66538,511
66539,442
66540,413
66541,369
66542,396
66543,183
66544,159
66545,182
66546,165
66547,152
66548,89
66549,98
66550,191
66551,176
66552,192
66553,164
66554,146
66555,103
66556,104
66557,1268
66558,1124
66559,1217
66560,1033
66561,1012
66562,918
66563,979
66564,612
66565,586
66566,605
66567,530
66568,499
66569,403
66570,420
66571,494
66572,473
66573,486
66574,436
66575,414
66576,279
66577,292
66578,4707
66579,3872
66580,4269
66581,3754
66582,3539
66583,3409
66584,3468
66585,229
66586,213
66587,236
66588,211
66589,193
66590,145
66591,154
66592,518
66593,449
66594,506
66595,440
66596,415
66597,390
66598,416
66599,109
66600,99
66601,115
66602,94
66603,84
66604,36
66605,36
66606,230
66607,228
66608,230
66609,200
66610,173
66611,100
66612,98
66613,350
66614,338
66615,352
66616,311
66617,298
66618,226
66619,219
66620,418
66621,404
66622,404
66623,351
66624,335
66625,245
66626,254
66627,387
66628,313
66629,378
66630,316
66631,303
66632,301
66633,297
66634,362
66635,337
66636,360
66637,303
66638,271
66639,188
66640,190
66641,219
66642,207
66643,197
66644,174
66645,159
66646,85
66647,78
66648,419
66649,330
66650,467
66651,380
66652,353
66653,403
66654,436
66655,163
66656,153
66657,151
66658,137
66659,123
66660,38
66661,38
66662,149
66663,141
66664,147
66665,125
66666,109
66667,30
66668,36
66669,403
66670,338
66671,397
66672,331
66673,311
66674,288
66675,305
66676,410
66677,379
66678,435
66679,362
66680,333
66681,343
66682,358
66683,71
66684,66
66685,70
66686,63
66687,51
66688,26
66689,28
66690,394
66691,350
66692,428
66693,375
66694,359
66695,335
66696,351
66697,1815
66698,1628
66699,1723
66700,1521
66701,1468
66702,1280
66703,1283
66704,190
66705,177
66706,186
66707,160
66708,147
66709,86
66710,90
66711,223
66712,187
66713,213
66714,184
66715,158
66716,87
66717,79
66718,100
66719,94
66720,95
66721,79
66722,70
66723,11
66724,10
66725,2023
66726,1811
66727,1887
66728,1670
66729,1632
66730,1347
66731,1397
66732,1454
66733,1234
66734,1333
66735,1190
66736,1144
66737,1043
66738,1086
66739,245
66740,230
66741,245
66742,216
66743,202
66744,121
66745,126
66746,192
66747,177
66748,193
66749,169
66750,156
66751,122
66752,126
66753,257
66754,224
66755,257
66756,222
66757,195
66758,95
66759,93
66760,357
66761,325
66762,384
66763,309
66764,255
66765,307
66766,352
66767,1555
66768,1364
66769,1572
66770,1339
66771,1285
66772,1257
66773,1359
66774,146
66775,138
66776,140
66777,123
66778,114
66779,60
66780,62
66781,471
66782,436
66783,466
66784,411
66785,405
66786,394
66787,412
66788,305
66789,283
66790,300
66791,271
66792,255
66793,156
66794,158
66795,231
66796,223
66797,236
66798,208
66799,196
66800,129
66801,141
66802,106
66803,99
66804,105
66805,89
66806,80
66807,23
66808,26
66809,305
66810,291
66811,310
66812,278
66813,256
66814,210
66815,225
66816,55
66817,51
66818,47
66819,42
66820,37
66821,5
66822,4
66823,446
66824,423
66825,455
66826,408
66827,381
66828,352
66829,370
66830,757
66831,712
66832,686
66833,601
66834,551
66835,391
66836,382
66837,172
66838,161
66839,150
66840,132
66841,118
66842,79
66843,75
66844,945
66845,859
66846,868
66847,769
66848,741
66849,598
66850,630
66851,299
66852,275
66853,295
66854,269
66855,258
66856,209
66857,210
66858,648
66859,546
66860,674
66861,571
66862,538
66863,559
66864,603
66865,313
66866,241
66867,327
66868,252
66869,213
66870,183
66871,184
66872,758
66873,673
66874,710
66875,624
66876,600
66877,479
66878,520
66879,140
66880,142
66881,142
66882,126
66883,116
66884,33
66885,34
66886,195
66887,179
66888,193
66889,165
66890,150
66891,85
66892,89
66893,692
66894,614
66895,731
66896,619
66897,571
66898,494
66899,525
66900,118
66901,112
66902,108
66903,96
66904,88
66905,30
66906,32
66907,384
66908,307
66909,396
66910,333
66911,326
66912,344
66913,361
66914,262
66915,235
66916,276
66917,241
66918,232
66919,167
66920,174
66921,121
66922,111
66923,122
66924,105
66925,97
66926,31
66927,30
66928,278
66929,261
66930,291
66931,250
66932,236
66933,211
66934,223
66935,1444
66936,1349
66937,1406
66938,1218
66939,1189
66940,1047
66941,1100
66942,163
66943,149
66944,169
66945,149
66946,135
66947,75
66948,89
66949,110
66950,103
66951,108
66952,95
66953,87
66954,31
66955,30
66956,258
66957,250
66958,265
66959,242
66960,231
66961,161
66962,173
66963,10
66964,3
66965,3
66966,2
66967,0
66968,0
66969,0
66970,757
66971,431
66972,371
66973,317
66974,280
66975,414
66976,309
66977,276
66978,262
66979,226
66980,181
66981,148
66982,190
66983,129
66984,1502
66985,853
66986,754
66987,662
66988,602
66989,929
66990,650
66991,252
66992,118
66993,101
66994,71
66995,80
66996,127
66997,89
66998,603
66999,295
67000,235
67001,174
67002,121
67003,264
67004,176
67005,32
67006,16
67007,14
67008,7
67009,1
67010,2
67011,2
67012,155
67013,94
67014,85
67015,71
67016,6
67017,13
67018,4
67019,136
67020,61
67021,57
67022,45
67023,4
67024,6
67025,4
67026,1493
67027,924
67028,813
67029,726
67030,602
67031,963
67032,670
67033,285
67034,147
67035,122
67036,84
67037,82
67038,144
67039,93
67040,33
67041,30
67042,27
67043,21
67044,2
67045,1
67046,0
67047,475
67048,331
67049,272
67050,227
67051,189
67052,242
67053,190
67054,96
67055,47
67056,41
67057,32
67058,1
67059,2
67060,1
67061,512
67062,304
67063,265
67064,220
67065,180
67066,300
67067,206
67068,2086
67069,1237
67070,1055
67071,883
67072,886
67073,1443
67074,982
67075,5
67076,2
67077,2
67078,1
67079,0
67080,0
67081,0
67082,101
67083,30
67084,24
67085,17
67086,0
67087,1
67088,2
67089,20
67090,8
67091,8
67092,4
67093,1
67094,1
67095,1
67096,43
67097,22
67098,19
67099,12
67100,1
67101,1
67102,1
67103,578
67104,363
67105,314
67106,256
67107,232
67108,324
67109,246
67110,21
67111,8
67112,7
67113,3
67114,0
67115,0
67116,0
67117,188
67118,114
67119,105
67120,90
67121,36
67122,49
67123,33
67124,332
67125,158
67126,119
67127,79
67128,77
67129,149
67130,106
67131,168
67132,75
67133,64
67134,46
67135,17
67136,35
67137,22
67138,398
67139,203
67140,181
67141,150
67142,82
67143,147
67144,93
67145,454
67146,341
67147,288
67148,228
67149,228
67150,351
67151,241
67152,50
67153,30
67154,28
67155,18
67156,1
67157,1
67158,1
67159,904
67160,757
67161,454
67162,409
67163,399
67164,276
67165,274
67166,1214
67167,1010
67168,721
67169,691
67170,667
67171,492
67172,451
67173,401
67174,380
67175,230
67176,203
67177,185
67178,132
67179,123
67180,84
67181,75
67182,43
67183,38
67184,31
67185,4
67186,0
67187,168
67188,143
67189,55
67190,49
67191,41
67192,24
67193,18
67194,1133
67195,970
67196,458
67197,415
67198,384
67199,247
67200,246
67201,121
67202,104
67203,56
67204,47
67205,43
67206,12
67207,5
67208,84
67209,72
67210,32
67211,29
67212,24
67213,9
67214,4
67215,125
67216,111
67217,73
67218,65
67219,59
67220,19
67221,11
67222,352
67223,301
67224,202
67225,185
67226,175
67227,120
67228,119
67229,59
67230,53
67231,48
67232,45
67233,28
67234,2
67235,1
67236,218
67237,189
67238,121
67239,113
67240,107
67241,50
67242,32
67243,6
67244,5
67245,4
67246,3
67247,2
67248,0
67249,0
67250,133
67251,122
67252,81
67253,75
67254,70
67255,19
67256,11
67257,24
67258,20
67259,12
67260,11
67261,9
67262,1
67263,0
67264,96
67265,90
67266,62
67267,57
67268,49
67269,6
67270,2
67271,41
67272,37
67273,23
67274,22
67275,16
67276,3
67277,1
67278,591
67279,530
67280,390
67281,357
67282,345
67283,211
67284,183
67285,238
67286,207
67287,131
67288,124
67289,118
67290,51
67291,43
67292,32
67293,28
67294,16
67295,15
67296,13
67297,2
67298,1
67299,144
67300,132
67301,79
67302,68
67303,63
67304,15
67305,9
67306,32
67307,30
67308,21
67309,20
67310,17
67311,2
67312,1
67313,93
67314,81
67315,40
67316,36
67317,29
67318,6
67319,2
67320,203
67321,176
67322,99
67323,92
67324,86
67325,28
67326,24
67327,49
67328,48
67329,34
67330,33
67331,23
67332,3
67333,0
67334,252
67335,224
67336,104
67337,100
67338,91
67339,46
67340,39
67341,58
67342,53
67343,35
67344,33
67345,27
67346,3
67347,1
67348,1593
67349,1321
67350,700
67351,675
67352,620
67353,404
67354,396
67355,109
67356,98
67357,78
67358,72
67359,68
67360,13
67361,8
67362,866
67363,719
67364,386
67365,362
67366,339
67367,254
67368,230
67369,49
67370,44
67371,35
67372,33
67373,26
67374,3
67375,1
67376,63
67377,60
67378,43
67379,41
67380,31
67381,4
67382,1
67383,103
67384,89
67385,56
67386,49
67387,43
67388,7
67389,3
67390,449
67391,407
67392,192
67393,176
67394,165
67395,125
67396,128
67397,81
67398,71
67399,41
67400,34
67401,27
67402,4
67403,0
67404,4
67405,3
67406,3
67407,2
67408,0
67409,0
67410,0
67411,1395
67412,1252
67413,760
67414,720
67415,679
67416,473
67417,489
67418,51
67419,45
67420,26
67421,23
67422,18
67423,1
67424,0
67425,25
67426,23
67427,17
67428,16
67429,12
67430,3
67431,3
67432,191
67433,166
67434,98
67435,94
67436,88
67437,31
67438,28
67439,105
67440,99
67441,70
67442,64
67443,57
67444,8
67445,3
67446,109
67447,96
67448,36
67449,31
67450,28
67451,7
67452,3
67453,75
67454,66
67455,39
67456,38
67457,33
67458,5
67459,1
67460,54
67461,45
67462,26
67463,24
67464,20
67465,1
67466,0
67467,775
67468,658
67469,371
67470,341
67471,332
67472,242
67473,212
67474,205
67475,182
67476,103
67477,95
67478,87
67479,41
67480,28
67481,147
67482,126
67483,66
67484,59
67485,55
67486,13
67487,7
67488,3308
67489,2774
67490,1526
67491,1465
67492,1355
67493,1044
67494,1027
67495,92
67496,88
67497,62
67498,57
67499,53
67500,9
67501,1
67502,383
67503,324
67504,218
67505,203
67506,195
67507,137
67508,114
67509,190
67510,163
67511,118
67512,107
67513,101
67514,41
67515,30
67516,73
67517,67
67518,34
67519,30
67520,25
67521,2
67522,0
67523,582
67524,498
67525,279
67526,263
67527,245
67528,182
67529,172
67530,391
67531,346
67532,230
67533,213
67534,199
67535,130
67536,120
67537,51
67538,45
67539,34
67540,32
67541,24
67542,3
67543,1
67544,181
67545,160
67546,85
67547,77
67548,68
67549,35
67550,29
67551,87
67552,79
67553,55
67554,52
67555,50
67556,13
67557,10
67558,505
67559,421
67560,437
67561,394
67562,375
67563,216
67564,172
67565,138
67566,116
67567,43
67568,37
67569,33
67570,18
67571,16
67572,71
67573,68
67574,38
67575,34
67576,25
67577,3
67578,0
67579,91
67580,82
67581,56
67582,50
67583,45
67584,12
67585,7
67586,212
67587,188
67588,126
67589,120
67590,114
67591,56
67592,34
67593,58
67594,55
67595,44
67596,42
67597,32
67598,5
67599,1
67600,396
67601,334
67602,168
67603,152
67604,146
67605,77
67606,65
67607,17
67608,14
67609,10
67610,9
67611,6
67612,0
67613,0
67614,35
67615,32
67616,25
67617,23
67618,16
67619,3
67620,1
67621,49
67622,49
67623,32
67624,30
67625,24
67626,3
67627,1
67628,323
67629,277
67630,128
67631,120
67632,111
67633,63
67634,52
67635,1368
67636,1131
67637,605
67638,571
67639,540
67640,468
67641,447
67642,38
67643,33
67644,19
67645,17
67646,13
67647,1
67648,0
67649,89
67650,82
67651,58
67652,54
67653,50
67654,6
67655,1
67656,53
67657,47
67658,24
67659,22
67660,13
67661,3
67662,1
67663,47
67664,42
67665,31
67666,30
67667,27
67668,2
67669,0
67670,566
67671,478
67672,287
67673,264
67674,251
67675,126
67676,98
67677,231
67678,197
67679,97
67680,91
67681,85
67682,72
67683,68
67684,89
67685,84
67686,46
67687,44
67688,39
67689,10
67690,4
67691,63
67692,58
67693,34
67694,32
67695,29
67696,4
67697,2
67698,98
67699,86
67700,53
67701,46
67702,39
67703,13
67704,7
67705,200
67706,167
67707,82
67708,73
67709,68
67710,42
67711,41
67712,454
67713,396
67714,274
67715,258
67716,246
67717,168
67718,147
67719,134
67720,130
67721,108
67722,98
67723,90
67724,28
67725,17
67726,80
67727,79
67728,72
67729,67
67730,61
67731,7
67732,2
67733,139
67734,122
67735,53
67736,47
67737,43
67738,12
67739,5
67740,106
67741,96
67742,65
67743,59
67744,55
67745,15
67746,9
67747,500
67748,424
67749,297
67750,283
67751,273
67752,145
67753,136
67754,68
67755,59
67756,48
67757,44
67758,36
67759,5
67760,1
67761,59
67762,53
67763,32
67764,31
67765,26
67766,4
67767,2
67768,60
67769,52
67770,29
67771,27
67772,22
67773,1
67774,0
67775,43
67776,37
67777,16
67778,15
67779,13
67780,2
67781,0
67782,110
67783,96
67784,70
67785,62
67786,57
67787,11
67788,5
67789,98
67790,92
67791,63
67792,57
67793,53
67794,11
67795,6
67796,111
67797,101
67798,59
67799,53
67800,50
67801,9
67802,3
67803,172
67804,154
67805,92
67806,83
67807,73
67808,36
67809,19
67810,24
67811,21
67812,14
67813,14
67814,11
67815,2
67816,1
67817,62
67818,26
67819,23
67820,20
67821,1
67822,5
67823,10
67824,383
67825,177
67826,158
67827,140
67828,59
67829,70
67830,101
67831,93
67832,51
67833,47
67834,37
67835,15
67836,16
67837,22
67838,67
67839,30
67840,24
67841,19
67842,0
67843,4
67844,13
67845,251
67846,176
67847,154
67848,148
67849,90
67850,93
67851,99
67852,0
67853,0
67854,0
67855,0
67856,0
67857,0
67858,0
67859,0
67860,0
67861,0
67862,0
67863,0
67864,0
67865,0
67866,0
67867,0
67868,0
67869,0
67870,0
67871,0
67872,0
67873,514
67874,206
67875,180
67876,155
67877,92
67878,105
67879,174
67880,581
67881,261
67882,239
67883,219
67884,117
67885,130
67886,160
67887,91
67888,33
67889,28
67890,22
67891,1
67892,7
67893,15
67894,263
67895,141
67896,129
67897,125
67898,71
67899,75
67900,89
67901,585
67902,290
67903,255
67904,240
67905,165
67906,177
67907,233
67908,6
67909,1
67910,1
67911,0
67912,1
67913,1
67914,2
67915,278
67916,138
67917,124
67918,113
67919,58
67920,65
67921,76
67922,3
67923,2
67924,2
67925,1
67926,1
67927,1
67928,2
67929,168
67930,71
67931,63
67932,62
67933,0
67934,4
67935,22
67936,835
67937,395
67938,352
67939,319
67940,214
67941,240
67942,313
67943,197
67944,98
67945,85
67946,77
67947,12
67948,15
67949,18
67950,0
67951,0
67952,0
67953,0
67954,0
67955,0
67956,0
67957,143
67958,83
67959,74
67960,62
67961,13
67962,18
67963,27
67964,301
67965,142
67966,121
67967,120
67968,77
67969,80
67970,128
67971,419
67972,156
67973,144
67974,132
67975,91
67976,100
67977,126
67978,95
67979,54
67980,45
67981,42
67982,8
67983,10
67984,22
67985,39
67986,18
67987,16
67988,16
67989,2
67990,8
67991,14
67992,72
67993,25
67994,20
67995,17
67996,1
67997,5
67998,10
67999,198
68000,72
68001,61
68002,53
68003,21
68004,24
68005,42
68006,123
68007,49
68008,43
68009,37
68010,4
68011,9
68012,17
68013,108
68014,66
68015,57
68016,47
68017,6
68018,5
68019,14
68020,466
68021,207
68022,182
68023,163
68024,80
68025,88
68026,140
68027,1
68028,0
68029,0
68030,0
68031,0
68032,0
68033,1
68034,59
68035,50
68036,23
68037,0
68038,0
68039,0
68040,0
68041,144
68042,133
68043,76
68044,19
68045,20
68046,15
68047,13
68048,4
68049,2
68050,0
68051,0
68052,0
68053,0
68054,0
68055,8
68056,4
68057,1
68058,0
68059,0
68060,0
68061,0
68062,72
68063,61
68064,35
68065,0
68066,0
68067,0
68068,0
68069,5
68070,3
68071,0
68072,0
68073,0
68074,0
68075,0
68076,4
68077,3
68078,0
68079,0
68080,0
68081,0
68082,0
68083,10
68084,7
68085,0
68086,0
68087,0
68088,0
68089,0
68090,16
68091,12
68092,0
68093,0
68094,0
68095,0
68096,0
68097,31
68098,23
68099,11
68100,0
68101,0
68102,0
68103,0
68104,23
68105,18
68106,1
68107,0
68108,0
68109,0
68110,0
68111,1
68112,0
68113,0
68114,0
68115,0
68116,0
68117,0
68118,13
68119,9
68120,0
68121,0
68122,0
68123,0
68124,0
68125,33
68126,27
68127,20
68128,2
68129,2
68130,2
68131,2
68132,1
68133,1
68134,0
68135,0
68136,0
68137,0
68138,0
68139,142
68140,131
68141,89
68142,51
68143,63
68144,54
68145,49
68146,2
68147,1
68148,0
68149,0
68150,0
68151,0
68152,0
68153,73
68154,63
68155,40
68156,5
68157,3
68158,2
68159,0
68160,1
68161,1
68162,0
68163,0
68164,0
68165,0
68166,0
68167,24
68168,19
68169,4
68170,0
68171,0
68172,0
68173,0
68174,31
68175,23
68176,12
68177,0
68178,0
68179,0
68180,0
68181,65
68182,58
68183,35
68184,0
68185,0
68186,0
68187,0
68188,25
68189,20
68190,7
68191,0
68192,0
68193,0
68194,0
68195,3
68196,1
68197,0
68198,0
68199,0
68200,0
68201,0
68202,0
68203,0
68204,0
68205,0
68206,0
68207,0
68208,0
68209,45
68210,38
68211,24
68212,0
68213,0
68214,0
68215,0
68216,7
68217,4
68218,0
68219,0
68220,0
68221,0
68222,0
68223,5
68224,4
68225,0
68226,0
68227,0
68228,0
68229,0
68230,177
68231,155
68232,91
68233,23
68234,38
68235,28
68236,25
68237,15
68238,12
68239,0
68240,0
68241,0
68242,0
68243,0
68244,39
68245,31
68246,10
68247,0
68248,0
68249,0
68250,0
68251,32
68252,22
68253,6
68254,0
68255,0
68256,0
68257,0
68258,8
68259,6
68260,0
68261,0
68262,0
68263,0
68264,0
68265,9
68266,7
68267,0
68268,0
68269,0
68270,0
68271,0
68272,13
68273,10
68274,0
68275,0
68276,0
68277,0
68278,0
68279,58
68280,49
68281,28
68282,0
68283,0
68284,0
68285,0
68286,51
68287,44
68288,29
68289,1
68290,1
68291,1
68292,1
68293,137
68294,125
68295,80
68296,47
68297,65
68298,55
68299,52
68300,28
68301,23
68302,3
68303,0
68304,0
68305,0
68306,0
68307,16
68308,11
68309,2
68310,0
68311,0
68312,1
68313,1
68314,34
68315,27
68316,7
68317,1
68318,5
68319,1
68320,1
68321,37
68322,28
68323,15
68324,0
68325,0
68326,0
68327,0
68328,1
68329,1
68330,0
68331,0
68332,0
68333,0
68334,0
68335,13
68336,10
68337,1
68338,0
68339,0
68340,0
68341,0
68342,39
68343,32
68344,5
68345,0
68346,0
68347,0
68348,0
68349,25
68350,20
68351,3
68352,0
68353,0
68354,0
68355,0
68356,20
68357,15
68358,1
68359,0
68360,0
68361,0
68362,0
68363,22
68364,13
68365,7
68366,0
68367,0
68368,0
68369,0
68370,12
68371,7
68372,0
68373,0
68374,0
68375,0
68376,0
68377,17
68378,12
68379,2
68380,0
68381,0
68382,0
68383,0
68384,14
68385,11
68386,2
68387,0
68388,0
68389,0
68390,0
68391,15
68392,11
68393,0
68394,0
68395,0
68396,0
68397,0
68398,1
68399,0
68400,0
68401,0
68402,0
68403,0
68404,0
68405,19
68406,15
68407,1
68408,0
68409,0
68410,0
68411,0
68412,24
68413,23
68414,7
68415,8
68416,0
68417,0
68418,0
68419,0
68420,0
68421,0
68422,0
68423,0
68424,0
68425,0
68426,3
68427,2
68428,1
68429,1
68430,0
68431,0
68432,0
68433,0
68434,0
68435,0
68436,0
68437,0
68438,0
68439,0
68440,1
68441,1
68442,0
68443,0
68444,0
68445,0
68446,0
68447,2
68448,2
68449,0
68450,0
68451,0
68452,0
68453,0
68454,1
68455,1
68456,0
68457,0
68458,0
68459,0
68460,0
68461,10
68462,8
68463,4
68464,4
68465,0
68466,0
68467,0
68468,1
68469,0
68470,0
68471,0
68472,0
68473,0
68474,0
68475,5
68476,4
68477,0
68478,0
68479,0
68480,0
68481,0
68482,14
68483,12
68484,4
68485,3
68486,0
68487,0
68488,0
68489,16
68490,13
68491,7
68492,7
68493,0
68494,0
68495,0
68496,1
68497,1
68498,0
68499,0
68500,0
68501,0
68502,0
68503,0
68504,0
68505,0
68506,0
68507,0
68508,0
68509,0
68510,3
68511,2
68512,0
68513,0
68514,0
68515,0
68516,0
68517,13
68518,11
68519,2
68520,2
68521,0
68522,0
68523,0
68524,13
68525,11
68526,3
68527,3
68528,0
68529,0
68530,0
68531,6
68532,5
68533,1
68534,1
68535,0
68536,0
68537,0
68538,1
68539,1
68540,0
68541,0
68542,0
68543,0
68544,0
68545,5
68546,4
68547,1
68548,1
68549,0
68550,0
68551,0
68552,3
68553,2
68554,0
68555,0
68556,0
68557,0
68558,0
68559,8
68560,8
68561,2
68562,2
68563,0
68564,0
68565,0
68566,0
68567,0
68568,0
68569,0
68570,0
68571,0
68572,0
68573,2
68574,1
68575,0
68576,0
68577,0
68578,0
68579,0
68580,1
68581,1
68582,0
68583,0
68584,0
68585,0
68586,0
68587,149
68588,137
68589,152
68590,106
68591,26
68592,16
68593,32
68594,336
68595,308
68596,346
68597,269
68598,99
68599,72
68600,93
68601,3
68602,3
68603,2
68604,0
68605,0
68606,0
68607,0
68608,23
68609,18
68610,20
68611,14
68612,0
68613,0
68614,3
68615,17
68616,15
68617,16
68618,10
68619,0
68620,0
68621,1
68622,15
68623,13
68624,12
68625,7
68626,0
68627,0
68628,1
68629,315
68630,295
68631,304
68632,245
68633,62
68634,38
68635,66
68636,33
68637,30
68638,32
68639,21
68640,1
68641,0
68642,6
68643,17
68644,15
68645,15
68646,9
68647,0
68648,0
68649,1
68650,13
68651,13
68652,12
68653,8
68654,0
68655,0
68656,1
68657,12
68658,8
68659,11
68660,2
68661,0
68662,0
68663,0
68664,44
68665,40
68666,40
68667,30
68668,3
68669,0
68670,7
68671,21
68672,20
68673,20
68674,13
68675,1
68676,1
68677,2
68678,110
68679,100
68680,113
68681,83
68682,16
68683,10
68684,25
68685,28
68686,26
68687,24
68688,20
68689,0
68690,0
68691,2
68692,19
68693,18
68694,18
68695,11
68696,0
68697,0
68698,2
68699,24
68700,21
68701,23
68702,12
68703,0
68704,0
68705,4
68706,125
68707,117
68708,125
68709,97
68710,28
68711,20
68712,34
68713,25
68714,22
68715,20
68716,17
68717,0
68718,0
68719,3
68720,91
68721,84
68722,91
68723,72
68724,4
68725,0
68726,16
68727,11
68728,10
68729,11
68730,8
68731,0
68732,0
68733,1
68734,12
68735,10
68736,10
68737,6
68738,0
68739,0
68740,1
68741,12
68742,11
68743,10
68744,5
68745,1
68746,1
68747,3
68748,50
68749,47
68750,44
68751,31
68752,4
68753,1
68754,10
68755,25
68756,22
68757,23
68758,15
68759,0
68760,0
68761,3
68762,2
68763,2
68764,2
68765,1
68766,0
68767,0
68768,0
68769,5
68770,5
68771,5
68772,3
68773,0
68774,0
68775,0
68776,169
68777,159
68778,163
68779,137
68780,33
68781,21
68782,41
68783,681
68784,595
68785,616
68786,489
68787,133
68788,85
68789,132
68790,82
68791,72
68792,86
68793,57
68794,9
68795,4
68796,21
68797,194
68798,179
68799,184
68800,140
68801,29
68802,20
68803,37
68804,9
68805,8
68806,9
68807,6
68808,0
68809,0
68810,0
68811,42
68812,39
68813,41
68814,33
68815,3
68816,1
68817,9
68818,171
68819,160
68820,151
68821,126
68822,23
68823,15
68824,33
68825,38
68826,33
68827,36
68828,29
68829,0
68830,0
68831,6
68832,248
68833,245
68834,255
68835,193
68836,38
68837,23
68838,45
68839,0
68840,0
68841,1
68842,0
68843,0
68844,0
68845,0
68846,205
68847,190
68848,209
68849,161
68850,49
68851,34
68852,51
68853,99
68854,99
68855,85
68856,76
68857,7
68858,4
68859,15
68860,67
68861,56
68862,67
68863,45
68864,8
68865,4
68866,19
68867,2
68868,2
68869,2
68870,1
68871,0
68872,0
68873,0
68874,326
68875,307
68876,300
68877,243
68878,66
68879,46
68880,65
68881,73
68882,71
68883,69
68884,55
68885,7
68886,4
68887,17
68888,6
68889,6
68890,6
68891,4
68892,0
68893,0
68894,1
68895,31
68896,30
68897,30
68898,20
68899,2
68900,1
68901,3
68902,1096
68903,960
68904,1000
68905,763
68906,183
68907,125
68908,218
68909,37
68910,34
68911,36
68912,23
68913,2
68914,1
68915,4
68916,93
68917,85
68918,99
68919,75
68920,19
68921,12
68922,29
68923,30
68924,26
68925,30
68926,21
68927,0
68928,0
68929,7
68930,152
68931,147
68932,146
68933,103
68934,19
68935,14
68936,29
68937,127
68938,125
68939,125
68940,100
68941,21
68942,15
68943,31
68944,9
68945,7
68946,7
68947,4
68948,0
68949,0
68950,0
68951,83
68952,75
68953,80
68954,61
68955,8
68956,4
68957,18
68958,30
68959,28
68960,29
68961,19
68962,2
68963,0
68964,5
68965,58
68966,56
68967,52
68968,45
68969,3
68970,1
68971,7
68972,2
68973,1
68974,1
68975,0
68976,0
68977,0
68978,0
68979,45
68980,42
68981,42
68982,32
68983,2
68984,0
68985,7
68986,0
68987,0
68988,0
68989,0
68990,0
68991,0
68992,0
68993,174
68994,156
68995,187
68996,142
68997,47
68998,32
68999,50
69000,223
69001,210
69002,214
69003,168
69004,39
69005,26
69006,45
69007,2
69008,2
69009,2
69010,0
69011,0
69012,0
69013,0
69014,80
69015,66
69016,81
69017,55
69018,8
69019,4
69020,20
69021,10
69022,9
69023,9
69024,7
69025,0
69026,0
69027,1
69028,247
69029,230
69030,229
69031,187
69032,42
69033,26
69034,42
69035,536
69036,485
69037,519
69038,420
69039,119
69040,88
69041,121
69042,6
69043,5
69044,5
69045,4
69046,0
69047,0
69048,1
69049,80
69050,74
69051,79
69052,57
69053,12
69054,7
69055,21
69056,23
69057,19
69058,21
69059,17
69060,0
69061,0
69062,2
69063,239
69064,223
69065,246
69066,189
69067,48
69068,24
69069,47
69070,8
69071,7
69072,7
69073,3
69074,0
69075,0
69076,1
69077,47
69078,44
69079,41
69080,32
69081,2
69082,1
69083,8
69084,19
69085,18
69086,18
69087,15
69088,0
69089,0
69090,2
69091,2
69092,2
69093,1
69094,1
69095,0
69096,0
69097,0
69098,100
69099,91
69100,90
69101,67
69102,8
69103,5
69104,18
69105,69
69106,64
69107,67
69108,49
69109,4
69110,0
69111,15
69112,126
69113,115
69114,131
69115,92
69116,27
69117,17
69118,29
69119,63
69120,58
69121,62
69122,46
69123,10
69124,6
69125,24
69126,65
69127,62
69128,59
69129,49
69130,1
69131,0
69132,10
69133,77
69134,70
69135,76
69136,58
69137,10
69138,6
69139,19
69140,318
69141,276
69142,317
69143,233
69144,81
69145,60
69146,83
69147,66
69148,52
69149,72
69150,39
69151,3
69152,0
69153,17
69154,32
69155,30
69156,31
69157,19
69158,1
69159,0
69160,2
69161,46
69162,42
69163,42
69164,33
69165,3
69166,1
69167,7
69168,100
69169,98
69170,98
69171,79
69172,14
69173,9
69174,26
69175,73
69176,68
69177,69
69178,51
69179,6
69180,2
69181,17
69182,1128
69183,980
69184,463
69185,405
69186,396
69187,407
69188,467
69189,1596
69190,1351
69191,688
69192,608
69193,577
69194,778
69195,881
69196,184
69197,175
69198,67
69199,56
69200,46
69201,29
69202,32
69203,70
69204,63
69205,32
69206,29
69207,16
69208,4
69209,4
69210,259
69211,248
69212,99
69213,87
69214,69
69215,41
69216,46
69217,136
69218,126
69219,76
69220,69
69221,53
69222,28
69223,27
69224,209
69225,196
69226,73
69227,63
69228,53
69229,31
69230,35
69231,1894
69232,1715
69233,620
69234,523
69235,509
69236,550
69237,661
69238,231
69239,212
69240,110
69241,95
69242,77
69243,63
69244,66
69245,235
69246,215
69247,102
69248,90
69249,83
69250,69
69251,73
69252,250
69253,232
69254,78
69255,70
69256,66
69257,79
69258,87
69259,335
69260,312
69261,160
69262,135
69263,124
69264,109
69265,121
69266,182
69267,176
69268,79
69269,66
69270,54
69271,68
69272,73
69273,160
69274,137
69275,89
69276,79
69277,70
69278,42
69279,43
69280,397
69281,356
69282,184
69283,169
69284,162
69285,186
69286,200
69287,26
69288,25
69289,11
69290,10
69291,5
69292,0
69293,1
69294,20
69295,18
69296,10
69297,8
69298,5
69299,2
69300,2
69301,144
69302,142
69303,67
69304,61
69305,47
69306,31
69307,33
69308,692
69309,615
69310,323
69311,292
69312,256
69313,327
69314,345
69315,166
69316,155
69317,65
69318,55
69319,45
69320,33
69321,34
69322,392
69323,363
69324,142
69325,123
69326,128
69327,107
69328,127
69329,309
69330,299
69331,150
69332,137
69333,122
69334,137
69335,156
69336,49
69337,47
69338,26
69339,25
69340,18
69341,3
69342,3
69343,615
69344,569
69345,245
69346,213
69347,212
69348,243
69349,278
69350,161
69351,150
69352,61
69353,52
69354,45
69355,22
69356,23
69357,473
69358,429
69359,184
69360,160
69361,144
69362,115
69363,135
69364,41
69365,40
69366,19
69367,19
69368,11
69369,8
69370,9
69371,75
69372,72
69373,38
69374,35
69375,24
69376,16
69377,17
69378,107
69379,97
69380,45
69381,38
69382,26
69383,7
69384,8
69385,445
69386,424
69387,170
69388,144
69389,134
69390,134
69391,153
69392,211
69393,198
69394,87
69395,76
69396,63
69397,45
69398,49
69399,164
69400,151
69401,68
69402,59
69403,52
69404,35
69405,39
69406,67
69407,65
69408,27
69409,25
69410,15
69411,5
69412,5
69413,942
69414,869
69415,296
69416,260
69417,256
69418,265
69419,321
69420,205
69421,196
69422,93
69423,80
69424,67
69425,67
69426,74
69427,6181
69428,5252
69429,2136
69430,1889
69431,1836
69432,2061
69433,2338
69434,342
69435,298
69436,193
69437,178
69438,156
69439,184
69440,203
69441,2062
69442,1776
69443,710
69444,616
69445,614
69446,659
69447,749
69448,192
69449,173
69450,96
69451,85
69452,78
69453,63
69454,64
69455,283
69456,263
69457,135
69458,127
69459,115
69460,120
69461,135
69462,288
69463,260
69464,138
69465,125
69466,112
69467,131
69468,142
69469,352
69470,337
69471,116
69472,104
69473,95
69474,85
69475,96
69476,228
69477,209
69478,90
69479,75
69480,65
69481,60
69482,61
69483,14
69484,13
69485,6
69486,5
69487,3
69488,1
69489,1
69490,385
69491,382
69492,144
69493,130
69494,116
69495,110
69496,127
69497,85
69498,78
69499,46
69500,42
69501,28
69502,11
69503,12
69504,79
69505,75
69506,37
69507,34
69508,20
69509,4
69510,5
69511,65
69512,60
69513,29
69514,26
69515,19
69516,7
69517,8
69518,915
69519,811
69520,343
69521,286
69522,281
69523,275
69524,327
69525,191
69526,180
69527,81
69528,71
69529,62
69530,35
69531,41
69532,157
69533,155
69534,47
69535,43
69536,32
69537,21
69538,23
69539,191
69540,169
69541,106
69542,89
69543,81
69544,61
69545,58
69546,47
69547,43
69548,28
69549,26
69550,11
69551,4
69552,4
69553,242
69554,227
69555,92
69556,79
69557,70
69558,60
69559,68
69560,161
69561,144
69562,63
69563,56
69564,48
69565,35
69566,38
69567,67
69568,63
69569,30
69570,27
69571,17
69572,3
69573,3
69574,1803
69575,1578
69576,669
69577,564
69578,566
69579,559
69580,657
69581,464
69582,449
69583,176
69584,151
69585,149
69586,153
69587,182
69588,156
69589,144
69590,75
69591,67
69592,55
69593,48
69594,53
69595,256
69596,249
69597,93
69598,86
69599,81
69600,71
69601,79
69602,7521
69603,6408
69604,2778
69605,2403
69606,2273
69607,2451
69608,2647
69609,324
69610,300
69611,133
69612,118
69613,113
69614,117
69615,131
69616,25
69617,23
69618,14
69619,12
69620,6
69621,2
69622,2
69623,39
69624,38
69625,17
69626,16
69627,11
69628,1
69629,1
69630,317
69631,304
69632,109
69633,94
69634,81
69635,84
69636,98
69637,413
69638,399
69639,163
69640,140
69641,125
69642,130
69643,151
69644,351
69645,300
69646,168
69647,149
69648,137
69649,136
69650,146
69651,74
69652,72
69653,31
69654,28
69655,12
69656,8
69657,8
69658,195
69659,181
69660,93
69661,87
69662,86
69663,55
69664,55
69665,512
69666,435
69667,334
69668,305
69669,273
69670,350
69671,359
69672,62
69673,61
69674,25
69675,24
69676,15
69677,0
69678,1
69679,29
69680,28
69681,13
69682,12
69683,7
69684,1
69685,1
69686,336
69687,300
69688,167
69689,149
69690,131
69691,147
69692,164
69693,113
69694,109
69695,58
69696,55
69697,35
69698,35
69699,37
69700,63
69701,59
69702,27
69703,23
69704,12
69705,9
69706,10
69707,584
69708,514
69709,283
69710,256
69711,235
69712,268
69713,289
69714,834
69715,764
69716,288
69717,252
69718,240
69719,201
69720,238
69721,229
69722,201
69723,101
69724,91
69725,79
69726,54
69727,58
69728,22
69729,21
69730,10
69731,9
69732,7
69733,0
69734,0
69735,1248
69736,1131
69737,399
69738,339
69739,327
69740,322
69741,381
69742,4042
69743,3437
69744,1336
69745,1160
69746,1175
69747,1545
69748,1706
69749,94
69750,92
69751,43
69752,40
69753,21
69754,4
69755,5
69756,257
69757,243
69758,113
69759,107
69760,96
69761,100
69762,109
69763,141
69764,129
69765,57
69766,48
69767,45
69768,19
69769,21
69770,73
69771,71
69772,47
69773,44
69774,18
69775,6
69776,7
69777,1438
69778,1283
69779,590
69780,521
69781,484
69782,566
69783,661
69784,345
69785,316
69786,126
69787,114
69788,110
69789,154
69790,164
69791,449
69792,420
69793,175
69794,160
69795,155
69796,162
69797,184
69798,260
69799,242
69800,97
69801,87
69802,82
69803,67
69804,74
69805,57
69806,55
69807,23
69808,21
69809,11
69810,1
69811,1
69812,66
69813,63
69814,33
69815,31
69816,15
69817,4
69818,4
69819,114
69820,108
69821,46
69822,40
69823,32
69824,21
69825,22
69826,74
69827,71
69828,27
69829,23
69830,13
69831,3
69832,3
69833,468
69834,436
69835,182
69836,159
69837,149
69838,189
69839,212
69840,59
69841,53
69842,34
69843,31
69844,15
69845,8
69846,8
69847,1296
69848,1127
69849,690
69850,626
69851,582
69852,771
69853,823
69854,97
69855,86
69856,54
69857,48
69858,33
69859,13
69860,12
69861,635
69862,565
69863,375
69864,340
69865,306
69866,487
69867,511
69868,540
69869,503
69870,183
69871,158
69872,145
69873,122
69874,146
69875,310
69876,286
69877,125
69878,110
69879,103
69880,128
69881,144
69882,758
69883,657
69884,368
69885,328
69886,300
69887,343
69888,380
69889,319
69890,256
69891,193
69892,173
69893,134
69894,150
69895,152
69896,616
69897,563
69898,211
69899,182
69900,174
69901,179
69902,207
69903,78
69904,75
69905,31
69906,28
69907,16
69908,2
69909,2
69910,188
69911,177
69912,85
69913,72
69914,56
69915,29
69916,33
69917,9
69918,9
69919,3
69920,3
69921,2
69922,0
69923,0
69924,440
69925,366
69926,258
69927,242
69928,225
69929,268
69930,286
69931,262
69932,234
69933,139
69934,126
69935,109
69936,129
69937,136
69938,205
69939,193
69940,91
69941,84
69942,74
69943,65
69944,70
69945,1101
69946,1033
69947,399
69948,343
69949,337
69950,313
69951,371
69952,163
69953,151
69954,68
69955,60
69956,56
69957,33
69958,36
69959,339
69960,315
69961,164
69962,147
69963,128
69964,138
69965,140
69966,79
69967,76
69968,33
69969,31
69970,13
69971,1
69972,2
69973,39
69974,36
69975,17
69976,15
69977,3
69978,0
69979,0
69980,97
69981,85
69982,31
69983,27
69984,7
69985,0
69986,0
69987,17
69988,15
69989,6
69990,6
69991,3
69992,0
69993,0
69994,382
69995,326
69996,129
69997,107
69998,43
69999,0
70000,0
70001,549
70002,475
70003,159
70004,135
70005,70
70006,0
70007,0
70008,249
70009,233
70010,83
70011,66
70012,39
70013,0
70014,0
70015,304
70016,270
70017,79
70018,63
70019,30
70020,0
70021,0
70022,256
70023,227
70024,109
70025,96
70026,49
70027,0
70028,0
70029,385
70030,331
70031,99
70032,81
70033,33
70034,0
70035,0
70036,451
70037,383
70038,133
70039,111
70040,80
70041,0
70042,0
70043,130
70044,125
70045,33
70046,30
70047,9
70048,0
70049,0
70050,708
70051,593
70052,215
70053,182
70054,115
70055,0
70056,0
70057,1196
70058,934
70059,353
70060,298
70061,168
70062,0
70063,0
70064,247
70065,220
70066,67
70067,60
70068,26
70069,0
70070,0
70071,265
70072,232
70073,76
70074,66
70075,31
70076,0
70077,0
70078,722
70079,600
70080,217
70081,182
70082,150
70083,20
70084,21
70085,363
70086,314
70087,125
70088,112
70089,38
70090,0
70091,0
70092,344
70093,290
70094,198
70095,172
70096,97
70097,0
70098,0
70099,301
70100,250
70101,122
70102,106
70103,40
70104,0
70105,0
70106,38
70107,31
70108,18
70109,11
70110,22
70111,38
70112,38
70113,108
70114,96
70115,75
70116,53
70117,64
70118,100
70119,95
70120,2
70121,1
70122,0
70123,0
70124,0
70125,1
70126,2
70127,9
70128,5
70129,0
70130,0
70131,1
70132,3
70133,3
70134,1
70135,0
70136,0
70137,0
70138,0
70139,1
70140,1
70141,49
70142,40
70143,26
70144,17
70145,30
70146,59
70147,57
70148,24
70149,19
70150,7
70151,2
70152,9
70153,15
70154,16
70155,32
70156,25
70157,15
70158,11
70159,19
70160,37
70161,37
70162,6
70163,4
70164,1
70165,0
70166,1
70167,2
70168,2
70169,15
70170,11
70171,5
70172,0
70173,1
70174,2
70175,2
70176,13
70177,8
70178,1
70179,1
70180,4
70181,7
70182,7
70183,5
70184,4
70185,2
70186,0
70187,0
70188,0
70189,1
70190,16
70191,12
70192,5
70193,1
70194,6
70195,10
70196,10
70197,6
70198,4
70199,2
70200,0
70201,1
70202,1
70203,1
70204,14
70205,10
70206,5
70207,0
70208,6
70209,10
70210,10
70211,2
70212,1
70213,1
70214,0
70215,0
70216,0
70217,0
70218,0
70219,0
70220,0
70221,0
70222,0
70223,0
70224,0
70225,5
70226,3
70227,1
70228,0
70229,0
70230,1
70231,1
70232,25
70233,21
70234,12
70235,8
70236,14
70237,21
70238,21
70239,4
70240,2
70241,1
70242,0
70243,0
70244,1
70245,1
70246,153
70247,135
70248,99
70249,72
70250,102
70251,172
70252,159
70253,28
70254,22
70255,16
70256,15
70257,25
70258,45
70259,44
70260,10
70261,7
70262,4
70263,0
70264,2
70265,3
70266,3
70267,23
70268,19
70269,10
70270,2
70271,5
70272,7
70273,7
70274,17
70275,13
70276,4
70277,2
70278,9
70279,17
70280,18
70281,10
70282,5
70283,1
70284,1
70285,2
70286,4
70287,4
70288,18
70289,15
70290,7
70291,1
70292,5
70293,8
70294,8
70295,38
70296,32
70297,20
70298,17
70299,28
70300,48
70301,47
70302,3
70303,2
70304,1
70305,0
70306,0
70307,1
70308,1
70309,2
70310,1
70311,0
70312,0
70313,1
70314,2
70315,1
70316,6
70317,4
70318,1
70319,0
70320,1
70321,2
70322,2
70323,38
70324,33
70325,18
70326,16
70327,27
70328,42
70329,42
70330,15
70331,10
70332,2
70333,2
70334,9
70335,14
70336,14
70337,3
70338,2
70339,2
70340,0
70341,0
70342,0
70343,0
70344,281
70345,239
70346,171
70347,117
70348,178
70349,295
70350,275
70351,22
70352,17
70353,9
70354,4
70355,10
70356,15
70357,16
70358,12
70359,8
70360,3
70361,1
70362,4
70363,8
70364,8
70365,5
70366,4
70367,2
70368,0
70369,1
70370,1
70371,1
70372,3
70373,2
70374,2
70375,0
70376,0
70377,0
70378,0
70379,15
70380,12
70381,6
70382,0
70383,3
70384,6
70385,6
70386,21
70387,17
70388,10
70389,3
70390,7
70391,15
70392,16
70393,0
70394,0
70395,0
70396,0
70397,0
70398,0
70399,0
70400,20
70401,16
70402,9
70403,1
70404,5
70405,10
70406,10
70407,19
70408,16
70409,9
70410,0
70411,3
70412,4
70413,4
70414,6
70415,4
70416,2
70417,0
70418,0
70419,1
70420,1
70421,21
70422,17
70423,8
70424,1
70425,9
70426,13
70427,13
70428,12
70429,8
70430,3
70431,0
70432,3
70433,7
70434,7
70435,42
70436,36
70437,22
70438,22
70439,34
70440,54
70441,53
70442,118
70443,102
70444,76
70445,65
70446,89
70447,151
70448,142
70449,23
70450,14
70451,9
70452,3
70453,8
70454,14
70455,14
70456,41
70457,33
70458,20
70459,15
70460,27
70461,46
70462,46
70463,43
70464,37
70465,23
70466,19
70467,27
70468,56
70469,55
70470,4
70471,3
70472,1
70473,0
70474,1
70475,1
70476,1
70477,9
70478,6
70479,2
70480,0
70481,2
70482,3
70483,3
70484,2
70485,1
70486,0
70487,0
70488,1
70489,2
70490,2
70491,9
70492,7
70493,3
70494,0
70495,2
70496,2
70497,2
70498,14
70499,10
70500,4
70501,0
70502,1
70503,2
70504,2
70505,14
70506,11
70507,6
70508,0
70509,2
70510,2
70511,3
70512,2
70513,2
70514,1
70515,0
70516,0
70517,0
70518,1
70519,13
70520,9
70521,3
70522,0
70523,3
70524,4
70525,4
70526,3
70527,2
70528,1
70529,0
70530,0
70531,0
70532,0
70533,3
70534,2
70535,2
70536,0
70537,0
70538,1
70539,1
70540,23
70541,18
70542,10
70543,3
70544,10
70545,19
70546,19
70547,0
70548,0
70549,0
70550,0
70551,0
70552,0
70553,0
70554,14
70555,10
70556,5
70557,1
70558,3
70559,6
70560,6
70561,2
70562,1
70563,1
70564,0
70565,0
70566,0
70567,1
70568,20
70569,16
70570,6
70571,5
70572,11
70573,18
70574,18
70575,0
70576,0
70577,0
70578,0
70579,0
70580,0
70581,1
70582,12
70583,9
70584,5
70585,0
70586,2
70587,3
70588,3
70589,191
70590,168
70591,184
70592,122
70593,38
70594,27
70595,42
70596,381
70597,331
70598,359
70599,288
70600,123
70601,98
70602,113
70603,13
70604,11
70605,11
70606,5
70607,0
70608,0
70609,2
70610,15
70611,14
70612,13
70613,7
70614,3
70615,0
70616,0
70617,5
70618,5
70619,5
70620,1
70621,0
70622,0
70623,0
70624,184
70625,166
70626,169
70627,114
70628,35
70629,25
70630,47
70631,68
70632,60
70633,64
70634,39
70635,7
70636,2
70637,18
70638,42
70639,39
70640,38
70641,18
70642,1
70643,0
70644,7
70645,41
70646,39
70647,36
70648,18
70649,1
70650,1
70651,3
70652,60
70653,56
70654,55
70655,28
70656,3
70657,1
70658,14
70659,51
70660,48
70661,46
70662,22
70663,6
70664,2
70665,11
70666,21
70667,18
70668,18
70669,6
70670,0
70671,0
70672,2
70673,91
70674,81
70675,86
70676,55
70677,18
70678,11
70679,23
70680,14
70681,14
70682,14
70683,4
70684,0
70685,0
70686,1
70687,75
70688,67
70689,69
70690,44
70691,12
70692,8
70693,24
70694,9
70695,8
70696,8
70697,4
70698,0
70699,0
70700,1
70701,22
70702,20
70703,20
70704,8
70705,1
70706,0
70707,2
70708,33
70709,31
70710,33
70711,14
70712,4
70713,2
70714,10
70715,180
70716,161
70717,172
70718,140
70719,53
70720,39
70721,49
70722,50
70723,47
70724,47
70725,18
70726,2
70727,1
70728,7
70729,4
70730,4
70731,4
70732,2
70733,0
70734,0
70735,0
70736,43
70737,41
70738,39
70739,21
70740,3
70741,2
70742,7
70743,34
70744,31
70745,30
70746,9
70747,0
70748,0
70749,2
70750,25
70751,23
70752,22
70753,9
70754,1
70755,0
70756,3
70757,166
70758,150
70759,147
70760,110
70761,34
70762,25
70763,39
70764,954
70765,797
70766,827
70767,668
70768,253
70769,194
70770,239
70771,77
70772,65
70773,72
70774,42
70775,7
70776,3
70777,21
70778,437
70779,380
70780,385
70781,313
70782,102
70783,80
70784,98
70785,22
70786,19
70787,20
70788,8
70789,0
70790,0
70791,2
70792,14
70793,13
70794,13
70795,4
70796,2
70797,1
70798,2
70799,31
70800,29
70801,29
70802,8
70803,1
70804,0
70805,2
70806,74
70807,71
70808,67
70809,44
70810,5
70811,3
70812,16
70813,11
70814,10
70815,10
70816,5
70817,1
70818,1
70819,1
70820,81
70821,80
70822,76
70823,41
70824,9
70825,4
70826,18
70827,8
70828,7
70829,8
70830,3
70831,0
70832,0
70833,1
70834,173
70835,153
70836,166
70837,123
70838,45
70839,34
70840,47
70841,40
70842,39
70843,33
70844,20
70845,2
70846,1
70847,3
70848,3
70849,2
70850,2
70851,0
70852,0
70853,0
70854,0
70855,8
70856,6
70857,6
70858,3
70859,0
70860,0
70861,1
70862,32
70863,29
70864,27
70865,15
70866,2
70867,1
70868,6
70869,15
70870,13
70871,13
70872,5
70873,0
70874,0
70875,1
70876,271
70877,243
70878,242
70879,183
70880,58
70881,45
70882,58
70883,63
70884,59
70885,57
70886,34
70887,5
70888,3
70889,18
70890,17
70891,16
70892,17
70893,6
70894,2
70895,2
70896,2
70897,1663
70898,1357
70899,1411
70900,1143
70901,402
70902,301
70903,378
70904,17
70905,16
70906,17
70907,5
70908,0
70909,0
70910,1
70911,49
70912,47
70913,46
70914,23
70915,5
70916,4
70917,11
70918,5
70919,4
70920,4
70921,1
70922,0
70923,0
70924,0
70925,13
70926,13
70927,12
70928,5
70929,2
70930,1
70931,3
70932,94
70933,78
70934,90
70935,58
70936,17
70937,12
70938,30
70939,62
70940,58
70941,59
70942,25
70943,6
70944,1
70945,13
70946,7
70947,6
70948,6
70949,3
70950,0
70951,0
70952,0
70953,68
70954,63
70955,63
70956,34
70957,5
70958,2
70959,16
70960,68
70961,62
70962,61
70963,40
70964,10
70965,7
70966,20
70967,2
70968,2
70969,2
70970,0
70971,0
70972,0
70973,0
70974,70
70975,61
70976,66
70977,47
70978,11
70979,5
70980,23
70981,86
70982,78
70983,75
70984,55
70985,13
70986,8
70987,23
70988,10
70989,9
70990,9
70991,4
70992,0
70993,0
70994,1
70995,30
70996,27
70997,26
70998,10
70999,0
71000,0
71001,5
71002,11
71003,10
71004,10
71005,5
71006,1
71007,0
71008,1
71009,212
71010,191
71011,188
71012,142
71013,38
71014,27
71015,41
71016,828
71017,708
71018,739
71019,622
71020,230
71021,190
71022,230
71023,2
71024,2
71025,2
71026,1
71027,0
71028,0
71029,0
71030,41
71031,38
71032,36
71033,18
71034,2
71035,0
71036,7
71037,309
71038,272
71039,290
71040,218
71041,77
71042,54
71043,71
71044,105
71045,96
71046,98
71047,75
71048,19
71049,13
71050,32
71051,35
71052,33
71053,32
71054,14
71055,1
71056,1
71057,3
71058,6
71059,5
71060,5
71061,2
71062,0
71063,0
71064,0
71065,5
71066,5
71067,4
71068,2
71069,0
71070,0
71071,1
71072,129
71073,117
71074,128
71075,85
71076,19
71077,10
71078,37
71079,11
71080,9
71081,11
71082,2
71083,0
71084,0
71085,1
71086,192
71087,167
71088,180
71089,124
71090,49
71091,36
71092,46
71093,34
71094,31
71095,31
71096,16
71097,3
71098,3
71099,8
71100,151
71101,136
71102,147
71103,111
71104,58
71105,42
71106,54
71107,112
71108,101
71109,99
71110,68
71111,10
71112,5
71113,21
71114,75
71115,67
71116,68
71117,47
71118,11
71119,7
71120,23
71121,65
71122,56
71123,59
71124,39
71125,12
71126,6
71127,23
71128,43
71129,38
71130,39
71131,15
71132,1
71133,0
71134,10
71135,79
71136,75
71137,74
71138,40
71139,7
71140,4
71141,16
71142,69
71143,59
71144,66
71145,46
71146,16
71147,11
71148,25
71149,72
71150,67
71151,67
71152,38
71153,5
71154,2
71155,14
71156,239
71157,221
71158,218
71159,166
71160,55
71161,37
71162,49
71163,11
71164,9
71165,9
71166,4
71167,0
71168,0
71169,1
71170,50
71171,47
71172,46
71173,20
71174,2
71175,0
71176,9
71177,104
71178,99
71179,93
71180,57
71181,28
71182,28
71183,39
71184,54
71185,50
71186,47
71187,39
71188,21
71189,27
71190,35
71191,64
71192,62
71193,58
71194,38
71195,17
71196,23
71197,34
71198,31
71199,27
71200,26
71201,20
71202,17
71203,26
71204,33
71205,62
71206,60
71207,57
71208,33
71209,16
71210,23
71211,32
71212,45
71213,42
71214,41
71215,26
71216,12
71217,17
71218,23
71219,81
71220,76
71221,71
71222,33
71223,13
71224,26
71225,37
71226,35
71227,34
71228,29
71229,14
71230,7
71231,11
71232,16
71233,102
71234,95
71235,91
71236,47
71237,19
71238,18
71239,32
71240,188
71241,166
71242,166
71243,60
71244,13
71245,14
71246,32
71247,39
71248,36
71249,34
71250,16
71251,13
71252,17
71253,22
71254,42
71255,39
71256,37
71257,27
71258,14
71259,18
71260,23
71261,72
71262,65
71263,61
71264,38
71265,19
71266,26
71267,37
71268,61
71269,57
71270,53
71271,42
71272,16
71273,24
71274,37
71275,104
71276,95
71277,103
71278,45
71279,13
71280,17
71281,38
71282,18
71283,16
71284,16
71285,46
71286,28
71287,37
71288,47
71289,158
71290,77
71291,67
71292,53
71293,12
71294,10
71295,14
71296,184
71297,114
71298,106
71299,96
71300,21
71301,17
71302,12
71303,4
71304,0
71305,0
71306,0
71307,0
71308,1
71309,1
71310,283
71311,126
71312,112
71313,96
71314,34
71315,37
71316,46
71317,63
71318,28
71319,22
71320,15
71321,2
71322,4
71323,10
71324,24
71325,9
71326,7
71327,4
71328,0
71329,1
71330,3
71331,122
71332,73
71333,68
71334,60
71335,21
71336,16
71337,21
71338,69
71339,33
71340,27
71341,21
71342,6
71343,5
71344,11
71345,67
71346,36
71347,31
71348,25
71349,3
71350,4
71351,7
71352,139
71353,80
71354,73
71355,62
71356,19
71357,13
71358,13
71359,14
71360,5
71361,4
71362,1
71363,0
71364,1
71365,2
71366,85
71367,35
71368,30
71369,25
71370,8
71371,9
71372,16
71373,233
71374,111
71375,100
71376,90
71377,42
71378,40
71379,43
71380,53
71381,25
71382,20
71383,13
71384,1
71385,4
71386,8
71387,105
71388,45
71389,38
71390,30
71391,9
71392,8
71393,15
71394,88
71395,51
71396,45
71397,39
71398,14
71399,12
71400,19
71401,43
71402,20
71403,16
71404,9
71405,0
71406,3
71407,5
71408,103
71409,39
71410,31
71411,21
71412,6
71413,5
71414,14
71415,146
71416,70
71417,62
71418,48
71419,15
71420,14
71421,21
71422,42
71423,24
71424,21
71425,13
71426,0
71427,4
71428,6
71429,86
71430,36
71431,28
71432,20
71433,6
71434,5
71435,12
71436,142
71437,53
71438,48
71439,38
71440,12
71441,12
71442,19
71443,62
71444,34
71445,29
71446,22
71447,5
71448,6
71449,11
71450,685
71451,370
71452,346
71453,311
71454,186
71455,174
71456,200
71457,98
71458,64
71459,58
71460,44
71461,7
71462,4
71463,13
71464,242
71465,120
71466,111
71467,98
71468,58
71469,56
71470,70
71471,102
71472,57
71473,51
71474,44
71475,10
71476,9
71477,14
71478,58
71479,25
71480,20
71481,14
71482,3
71483,4
71484,8
71485,267
71486,137
71487,129
71488,114
71489,67
71490,60
71491,60
71492,267
71493,125
71494,112
71495,98
71496,53
71497,49
71498,54
71499,11
71500,3
71501,2
71502,1
71503,0
71504,1
71505,2
71506,99
71507,45
71508,39
71509,32
71510,9
71511,8
71512,14
71513,73
71514,33
71515,28
71516,21
71517,6
71518,5
71519,14
71520,62
71521,25
71522,20
71523,11
71524,1
71525,6
71526,11
71527,247
71528,119
71529,107
71530,92
71531,41
71532,35
71533,35
71534,120
71535,49
71536,42
71537,34
71538,9
71539,7
71540,13
71541,95
71542,35
71543,29
71544,22
71545,3
71546,7
71547,14
71548,877
71549,488
71550,453
71551,385
71552,243
71553,241
71554,284
71555,11
71556,6
71557,5
71558,1
71559,0
71560,1
71561,3
71562,32
71563,12
71564,10
71565,5
71566,0
71567,2
71568,4
71569,99
71570,43
71571,38
71572,24
71573,2
71574,5
71575,14
71576,88
71577,46
71578,42
71579,32
71580,6
71581,8
71582,13
71583,31
71584,10
71585,7
71586,4
71587,0
71588,3
71589,5
71590,81
71591,65
71592,59
71593,46
71594,7
71595,6
71596,11
71597,22
71598,6
71599,4
71600,0
71601,0
71602,1
71603,4
71604,84
71605,52
71606,47
71607,34
71608,7
71609,8
71610,17
71611,54
71612,20
71613,14
71614,9
71615,0
71616,1
71617,6
71618,34
71619,17
71620,15
71621,10
71622,0
71623,3
71624,5
71625,199
71626,89
71627,79
71628,67
71629,24
71630,24
71631,28
71632,138
71633,58
71634,52
71635,43
71636,13
71637,12
71638,17
71639,121
71640,65
71641,63
71642,52
71643,17
71644,7
71645,10
71646,80
71647,33
71648,27
71649,20
71650,5
71651,5
71652,13
71653,81
71654,48
71655,44
71656,35
71657,10
71658,8
71659,13
71660,295
71661,164
71662,144
71663,124
71664,46
71665,46
71666,49
71667,29
71668,9
71669,7
71670,3
71671,0
71672,1
71673,4
71674,26
71675,10
71676,8
71677,5
71678,0
71679,2
71680,3
71681,141
71682,82
71683,75
71684,67
71685,29
71686,24
71687,27
71688,63
71689,42
71690,38
71691,24
71692,2
71693,3
71694,3
71695,72
71696,27
71697,22
71698,15
71699,4
71700,5
71701,9
71702,81
71703,42
71704,38
71705,31
71706,8
71707,9
71708,15
71709,97
71710,53
71711,48
71712,40
71713,10
71714,8
71715,11
71716,34
71717,14
71718,11
71719,5
71720,0
71721,3
71722,4
71723,362
71724,135
71725,114
71726,96
71727,51
71728,60
71729,87
71730,8
71731,3
71732,3
71733,1
71734,0
71735,0
71736,0
71737,72
71738,37
71739,31
71740,22
71741,7
71742,6
71743,14
71744,71
71745,41
71746,35
71747,26
71748,6
71749,5
71750,11
71751,93
71752,52
71753,45
71754,36
71755,12
71756,10
71757,19
71758,175
71759,83
71760,72
71761,62
71762,16
71763,13
71764,18
71765,58
71766,26
71767,22
71768,15
71769,4
71770,5
71771,11
71772,12
71773,4
71774,4
71775,0
71776,0
71777,1
71778,3
71779,2206
71780,1958
71781,911
71782,779
71783,733
71784,734
71785,853
71786,2921
71787,2510
71788,1290
71789,1130
71790,1068
71791,1034
71792,1203
71793,341
71794,325
71795,131
71796,111
71797,96
71798,92
71799,111
71800,62
71801,57
71802,28
71803,25
71804,22
71805,15
71806,19
71807,233
71808,226
71809,87
71810,76
71811,69
71812,59
71813,69
71814,259
71815,247
71816,89
71817,76
71818,72
71819,63
71820,77
71821,3374
71822,3083
71823,1171
71824,1011
71825,939
71826,936
71827,1114
71828,396
71829,359
71830,214
71831,191
71832,180
71833,175
71834,201
71835,404
71836,366
71837,181
71838,153
71839,135
71840,133
71841,158
71842,428
71843,401
71844,130
71845,114
71846,101
71847,99
71848,125
71849,555
71850,524
71851,255
71852,211
71853,188
71854,186
71855,219
71856,229
71857,219
71858,98
71859,81
71860,68
71861,63
71862,75
71863,148
71864,125
71865,91
71866,81
71867,77
71868,67
71869,77
71870,642
71871,587
71872,317
71873,290
71874,275
71875,265
71876,308
71877,62
71878,60
71879,27
71880,25
71881,22
71882,14
71883,17
71884,50
71885,48
71886,27
71887,24
71888,17
71889,13
71890,16
71891,401
71892,387
71893,172
71894,151
71895,134
71896,124
71897,150
71898,330
71899,311
71900,154
71901,140
71902,129
71903,113
71904,135
71905,79
71906,77
71907,39
71908,36
71909,30
71910,22
71911,25
71912,599
71913,558
71914,220
71915,194
71916,183
71917,186
71918,223
71919,343
71920,332
71921,164
71922,148
71923,134
71924,125
71925,146
71926,1438
71927,1318
71928,578
71929,493
71930,480
71931,478
71932,572
71933,228
71934,215
71935,90
71936,76
71937,70
71938,68
71939,75
71940,314
71941,296
71942,118
71943,106
71944,95
71945,80
71946,103
71947,160
71948,153
71949,63
71950,56
71951,54
71952,48
71953,58
71954,96
71955,93
71956,49
71957,46
71958,33
71959,27
71960,33
71961,103
71962,96
71963,43
71964,39
71965,33
71966,29
71967,36
71968,705
71969,677
71970,272
71971,234
71972,213
71973,208
71974,242
71975,368
71976,351
71977,147
71978,128
71979,120
71980,113
71981,130
71982,136
71983,127
71984,64
71985,58
71986,46
71987,34
71988,41
71989,1842
71990,1693
71991,611
71992,537
71993,509
71994,510
71995,615
71996,392
71997,370
71998,190
71999,159
72000,146
72001,140
72002,166
72003,5192
72004,4504
72005,1879
72006,1635
72007,1506
72008,1471
72009,1761
72010,477
72011,411
72012,273
72013,248
72014,222
72015,206
72016,235
72017,2508
72018,2198
72019,944
72020,832
72021,783
72022,788
72023,918
72024,98
72025,92
72026,57
72027,54
72028,36
72029,28
72030,32
72031,345
72032,324
72033,166
72034,154
72035,143
72036,139
72037,159
72038,591
72039,529
72040,274
72041,237
72042,211
72043,200
72044,247
72045,775
72046,727
72047,258
72048,226
72049,203
72050,197
72051,243
72052,180
72053,167
72054,73
72055,60
72056,52
72057,41
72058,49
72059,44
72060,43
72061,23
72062,21
72063,15
72064,13
72065,15
72066,698
72067,682
72068,264
72069,226
72070,204
72071,196
72072,228
72073,22
72074,20
72075,13
72076,12
72077,9
72078,6
72079,7
72080,183
72081,172
72082,83
72083,70
72084,64
72085,60
72086,70
72087,73
72088,68
72089,36
72090,33
72091,30
72092,30
72093,35
72094,1597
72095,1426
72096,602
72097,502
72098,470
72099,470
72100,563
72101,353
72102,333
72103,159
72104,138
72105,122
72106,118
72107,141
72108,326
72109,314
72110,86
72111,76
72112,67
72113,66
72114,79
72115,36
72116,33
72117,20
72118,17
72119,15
72120,13
72121,15
72122,467
72123,438
72124,177
72125,154
72126,138
72127,132
72128,160
72129,244
72130,219
72131,97
72132,84
72133,75
72134,70
72135,88
72136,113
72137,107
72138,46
72139,39
72140,35
72141,31
72142,36
72143,1991
72144,1785
72145,751
72146,649
72147,610
72148,610
72149,716
72150,751
72151,719
72152,286
72153,241
72154,216
72155,215
72156,268
72157,392
72158,365
72159,163
72160,138
72161,132
72162,121
72163,147
72164,299
72165,289
72166,117
72167,113
72168,107
72169,97
72170,113
72171,8340
72172,7304
72173,3390
72174,2983
72175,2757
72176,2720
72177,3156
72178,293
72179,277
72180,136
72181,120
72182,110
72183,108
72184,124
72185,456
72186,422
72187,202
72188,178
72189,169
72190,168
72191,191
72192,457
72193,440
72194,167
72195,146
72196,126
72197,117
72198,144
72199,500
72200,486
72201,199
72202,171
72203,149
72204,147
72205,171
72206,588
72207,511
72208,263
72209,231
72210,216
72211,211
72212,247
72213,134
72214,129
72215,53
72216,44
72217,39
72218,28
72219,35
72220,804
72221,671
72222,509
72223,447
72224,404
72225,378
72226,430
72227,279
72228,258
72229,84
72230,70
72231,61
72232,62
72233,76
72234,61
72235,61
72236,28
72237,27
72238,24
72239,16
72240,19
72241,795
72242,717
72243,365
72244,318
72245,294
72246,279
72247,337
72248,223
72249,206
72250,104
72251,85
72252,77
72253,70
72254,86
72255,665
72256,600
72257,324
72258,290
72259,268
72260,254
72261,304
72262,1619
72263,1479
72264,574
72265,491
72266,452
72267,444
72268,525
72269,178
72270,172
72271,78
72272,70
72273,66
72274,64
72275,73
72276,136
72277,124
72278,62
72279,56
72280,49
72281,36
72282,43
72283,2228
72284,2028
72285,749
72286,638
72287,590
72288,594
72289,706
72290,2863
72291,2489
72292,973
72293,835
72294,801
72295,810
72296,958
72297,137
72298,135
72299,61
72300,58
72301,41
72302,25
72303,36
72304,191
72305,182
72306,80
72307,73
72308,62
72309,53
72310,60
72311,235
72312,217
72313,127
72314,105
72315,95
72316,73
72317,92
72318,2717
72319,2370
72320,1268
72321,1098
72322,1018
72323,1007
72324,1173
72325,301
72326,283
72327,114
72328,104
72329,94
72330,93
72331,109
72332,680
72333,644
72334,258
72335,227
72336,209
72337,212
72338,252
72339,359
72340,335
72341,133
72342,118
72343,108
72344,109
72345,128
72346,177
72347,170
72348,75
72349,61
72350,54
72351,51
72352,62
72353,141
72354,135
72355,60
72356,49
72357,44
72358,37
72359,44
72360,203
72361,193
72362,79
72363,70
72364,68
72365,63
72366,76
72367,187
72368,177
72369,68
72370,59
72371,55
72372,55
72373,65
72374,550
72375,510
72376,228
72377,205
72378,183
72379,175
72380,208
72381,1799
72382,1599
72383,970
72384,857
72385,803
72386,798
72387,932
72388,782
72389,701
72390,451
72391,394
72392,347
72393,330
72394,374
72395,993
72396,933
72397,341
72398,296
72399,269
72400,267
72401,318
72402,610
72403,559
72404,265
72405,231
72406,220
72407,215
72408,264
72409,1345
72410,1155
72411,675
72412,596
72413,560
72414,555
72415,623
72416,408
72417,334
72418,250
72419,222
72420,189
72421,174
72422,196
72423,1296
72424,1173
72425,465
72426,395
72427,378
72428,377
72429,456
72430,78
72431,77
72432,32
72433,30
72434,25
72435,16
72436,20
72437,459
72438,426
72439,221
72440,180
72441,168
72442,147
72443,181
72444,54
72445,53
72446,21
72447,19
72448,17
72449,14
72450,17
72451,604
72452,490
72453,367
72454,347
72455,335
72456,333
72457,371
72458,293
72459,266
72460,163
72461,147
72462,135
72463,125
72464,142
72465,307
72466,290
72467,141
72468,125
72469,114
72470,108
72471,126
72472,1421
72473,1331
72474,520
72475,440
72476,406
72477,402
72478,496
72479,390
72480,363
72481,182
72482,162
72483,149
72484,147
72485,175
72486,149
72487,145
72488,73
72489,65
72490,50
72491,45
72492,53
72493,240
72494,229
72495,86
72496,75
72497,72
72498,69
72499,81
72500,497
72501,437
72502,150
72503,122
72504,84
72505,62
72506,79
72507,530
72508,467
72509,138
72510,113
72511,79
72512,50
72513,78
72514,373
72515,352
72516,108
72517,83
72518,53
72519,44
72520,65
72521,550
72522,485
72523,128
72524,99
72525,69
72526,59
72527,90
72528,370
72529,337
72530,121
72531,103
72532,72
72533,58
72534,84
72535,403
72536,356
72537,99
72538,82
72539,57
72540,43
72541,55
72542,419
72543,370
72544,119
72545,102
72546,70
72547,52
72548,75
72549,360
72550,330
72551,69
72552,55
72553,37
72554,32
72555,54
72556,923
72557,808
72558,258
72559,208
72560,153
72561,124
72562,168
72563,954
72564,802
72565,267
72566,216
72567,151
72568,88
72569,136
72570,392
72571,349
72572,96
72573,80
72574,56
72575,39
72576,61
72577,312
72578,280
72579,82
72580,68
72581,44
72582,31
72583,49
72584,323
72585,283
72586,85
72587,71
72588,41
72589,28
72590,43
72591,631
72592,562
72593,198
72594,162
72595,115
72596,86
72597,119
72598,581
72599,515
72600,248
72601,204
72602,153
72603,130
72604,166
72605,374
72606,329
72607,122
72608,100
72609,70
72610,45
72611,62
