movie_title,origin_country,is_local,film_kind,is_sequel_or_franchise,franchise_name,predecessor_title,predecessor_year,predecessor_admissions_id,predecessor_source_url,predecessor_published,source_material,production_house,wikipedia_en,wikipedia_id,confidence,notes,split,distributor_id,world_premiere_date,trailer_date,imdb_rating_pre_cutoff,imdb_snapshot_url,info_public_before_cutoff,fact_source_url,fact_source_date
JUMBO,Indonesia,1,animation,0,,,,,,,original,"Visinema Studios (with Springboard, Anami Films)",Jumbo (2025 film),Jumbo (film 2025),high,"Released 2025-03-31 (Lebaran), already running at start of data window",train,,,,,,,,
THE CONJURING: LAST RITES,United States,0,live_action,1,The Conjuring Universe,The Conjuring: The Devil Made Me Do It,2021.0,,,,true_story,"New Line Cinema, Atomic Monster, The Safran Company",The Conjuring: Last Rites,The Conjuring: Last Rites,high,Warren case files; previews from 2025-08-29 (IMAX),train,,,,,,,,
SORE ISTRI DARI MASA DEPAN,Indonesia,1,live_action,0,,,,,,,other,Cerita Films,Sore: A Wife from the Future,Sore: Istri dari Masa Depan (film),high,Adapted from the 2017 web series Sore by the same director (Yandy Laurens),train,,,,,,,,
KOMANG,Indonesia,1,live_action,0,,,,,,,true_story,Kharisma Starvision Plus,,Komang (film),high,True story of Raim Laode and Komang; released 2025-03-31 (Lebaran),train,,,,,,,,
PABRIK GULA UNCUT,Indonesia,1,live_action,0,,,,,,,viral_story,MD Pictures,Sugar Mill,Pabrik Gula (film),high,"Uncut (21+) version of PABRIK GULA, same film; viral story by SimpleMan; released 2025-03-31",train,,,,,,,,
JALAN PULANG,Indonesia,1,live_action,0,,,,,,,original,"Leo Pictures, Legacy Pictures",Jalan Pulang,Jalan Pulang,medium,Directorial debut of Jeropoint (viral horror thread writer); no adaptation stated,train,,,,,,,,
JURASSIC WORLD: REBIRTH,United States,0,live_action,1,Jurassic Park,Jurassic World Dominion,2022.0,,,,novel,"Universal Pictures, Amblin Entertainment",Jurassic World Rebirth,Jurassic World Rebirth,high,,train,,,,,,,,
QODRAT 2,Indonesia,1,live_action,1,Qodrat,Qodrat,2022.0,1675561.0,https://www.detik.com/jatim/berita/d-6418918/15-film-indonesia-terlaris-di-2022,2022-11-22,original,Magma Entertainment,Qodrat 2,Qodrat 2,high,Released 2025-03-31 (Lebaran); predecessor count is as of 2022-11-22 (film still near end of run),train,,,,,,,,
MISSION: IMPOSSIBLE - THE FINAL RECKONING,United States,0,live_action,1,Mission: Impossible,Mission: Impossible – Dead Reckoning Part One,2023.0,,,,other,"Paramount Pictures, Skydance",Mission: Impossible – The Final Reckoning,Mission: Impossible – The Final Reckoning,high,Franchise originally from TV series,train,,,,,,,,
PENGEPUNGAN DI BUKIT DURI,Indonesia,1,live_action,0,,,,,,,original,"Come and See Pictures, Amazon MGM Studios",The Siege at Thorn High,Pengepungan di Bukit Duri,high,Joko Anwar film,train,,,,,,,,
DEMON SLAYER -KIMETSU NO YAIBA- THE MOVIE: INFINITY CASTLE,Japan,0,anime,1,Demon Slayer,Demon Slayer: Kimetsu no Yaiba the Movie: Mugen Train,2020.0,,,,comic,"Ufotable, Aniplex",Demon Slayer: Kimetsu no Yaiba – The Movie: Infinity Castle,Demon Slayer: Kimetsu no Yaiba – The Movie: Infinity Castle,high,Manga by Koyoharu Gotouge; continues TV anime,train,,,,,,,,
FINAL DESTINATION: BLOODLINES,United States,0,live_action,1,Final Destination,Final Destination 5,2011.0,,,,original,New Line Cinema,Final Destination Bloodlines,Final Destination: Bloodlines,high,,train,,,,,,,,
SUPERMAN,United States,0,live_action,1,DC Universe / Superman,Man of Steel,2013.0,,,,comic,"DC Studios, Warner Bros.",Superman (2025 film),Superman (film 2025),high,"Reboot, first DCU film",train,,,,,,,,
THUNDERBOLTS*,United States,0,live_action,1,Marvel Cinematic Universe,Captain America: Brave New World,2025.0,,,,comic,Marvel Studios,Thunderbolts*,Thunderbolts*,high,,train,,,,,,,,
HOW TO TRAIN YOUR DRAGON,United States,0,live_action,1,How to Train Your Dragon,How to Train Your Dragon (2010 animated),2010.0,,,,remake,"Universal Pictures, DreamWorks Animation",How to Train Your Dragon (2025 film),How to Train Your Dragon (film 2025),high,Live-action remake of the 2010 animated film (book series by Cressida Cowell),train,,,,,,,,
THE FANTASTIC FOUR: FIRST STEPS,United States,0,live_action,1,Marvel Cinematic Universe,Thunderbolts*,2025.0,,,,comic,Marvel Studios,The Fantastic Four: First Steps,The Fantastic Four: First Steps,high,,train,,,,,,,,
"BELIEVE - TAKDIR, MIMPI, KEBERANIAN",Indonesia,1,live_action,0,,,,,,,true_story,Bahagia Tanpa Drama,,Believe: The Ultimate Battle,medium,"Biopic of army chief Agus Subiyanto, inspired by biography book Believe",train,,,,,,,,
WEAPONS,United States,0,live_action,0,,,,,,,original,New Line Cinema,Weapons (2025 film),Weapons (film 2025),high,,train,,,,,,,,
THE SHADOWS EDGE,China,0,live_action,0,,,,,,,remake,Chinese-Hong Kong co-production (Beijing Hairun Pictures),The Shadow's Edge,The Shadow's Edge,medium,Jackie Chan; loose remake of Hong Kong film Eye in the Sky (2007); strong Indonesian word of mouth,train,,,,,,,,
ANDAI IBU TIDAK MENIKAH DENGAN AYAH,Indonesia,1,live_action,0,,,,,,,original,Rapi Films,,Andai Ibu Tidak Menikah dengan Ayah,medium,Producer Gope T. Samtani (Rapi Films); no adaptation stated on id.wikipedia,train,,,,,,,,
PABRIK GULA,Indonesia,1,live_action,0,,,,,,,viral_story,MD Pictures,Sugar Mill,Pabrik Gula (film),high,"Viral story by SimpleMan (author of KKN di Desa Penari, 9,233,847 admissions per detik 2022-11-22) but not a sequel; released 2025-03-31; regular (17+) cut",train,,,,,,,,
"LA TAHZAN: CINTA, DOSA, LUKA...",Indonesia,1,live_action,0,,,,,,,viral_story,MD Pictures,,"La Tahzan: Cinta, Dosa, Luka...",high,Based on true affair story shared on TikTok by Elizasifaa (viral),train,,,,,,,,
PANGGIL AKU AYAH,Indonesia,1,live_action,0,,,,,,,remake,Visinema Studios,Call Me Dad,Panggil Aku Ayah,high,Remake of Korean film Pawn (2020),train,,,,,,,,
KANG SOLAH FROM KANG MAK X NENEK GAYUNG,Indonesia,1,live_action,1,Kang Mak,Kang Mak from Pee Mak,2024.0,4860565.0,https://katadata.co.id/lifestyle/varia/67b2c28b4e252/10-film-indonesia-terlaris-sepanjang-2024,2025-02-17,original,Falcon Pictures,,Kang Solah from Kang Mak x Nenek Gayung,high,"Spin-off of Kang Mak from Pee Mak (itself a remake of Thai Pee Mak); crossover with Nenek Gayung; release 2025-09-25, data starts 2025-09-20 (previews)",train,,,,,,,,
SUKMA,Indonesia,1,live_action,0,,,,,,,original,"Tiger Wong Productions, Legacy Pictures",,Sukma (film),high,"Directed and produced by Baim Wong; release 2025-09-11 (data from 2025-08-29, previews)",train,,,,,,,,
LILO & STITCH,United States,0,live_action,1,Lilo & Stitch,Lilo & Stitch (2002 animated),2002.0,,,,remake,Walt Disney Pictures,Lilo & Stitch (2025 film),Lilo & Stitch (film 2025),high,Live-action remake,train,,,,,,,,
SIHIR PELAKOR,Indonesia,1,live_action,0,,,,,,,original,Kharisma Starvision Plus,,Sihir Pelakor,medium,No adaptation stated; release 2025-07-31,train,,,,,,,,
PEMBANTAIAN DUKUN SANTET,Indonesia,1,live_action,0,,,,,,,viral_story,Pichouse Films (MD),,Pembantaian Dukun Santet,high,"Adapted from viral story Lemah Santet Banyuwangi by Jeropoint, about 1998 Banyuwangi killings",train,,,,,,,,
NORMA: ANTARA MERTUA DAN MENANTU,Indonesia,1,live_action,0,,,,,,,viral_story,Dee Company,,Norma: Antara Mertua dan Menantu,high,True story of Norma Risma that went viral on social media; released 2025-03-31,train,,,,,,,,
KITAB SIJJIN & ILLIYYIN,Indonesia,1,live_action,1,Sijjin,Sijjin,2023.0,1930901.0,https://www.ngopibareng.id/read/daftar-film-indonesia-dengan-jumlah-penonton-terbanyak-2023,2023-12-27,other,"Rapi Films (with Sky Media, Rhaya Flicks)",The Book of Sijjin and Illiyyin,Kitab Sijjin & Illiyyin,high,"Sequel of Sijjin (2023, itself a remake of Turkish Siccin); release 2025-07-17 (data from 07-06, previews); predecessor count as of 2023-12-27 (Sijjin released 2023-11-09)",train,,,,,,,,
JODOH 3 BUJANG,Indonesia,1,live_action,0,,,,,,,viral_story,"Kharisma Starvision Plus, Rhaya Flicks",,Jodoh 3 Bujang,medium,Inspired by viral Makassar story of three brothers marrying at once,train,,,,,,,,
A MINECRAFT MOVIE,United States,0,live_action,0,,,,,,,game,"Warner Bros., Legendary Pictures, Mojang Studios",A Minecraft Movie,A Minecraft Movie,high,,train,,,,,,,,
WAKTU MAGHRIB 2,Indonesia,1,live_action,1,Waktu Maghrib,Waktu Maghrib,2023.0,2409112.0,https://www.ngopibareng.id/read/daftar-film-indonesia-dengan-jumlah-penonton-terbanyak-2023,2023-12-27,original,Rapi Films,Waktu Maghrib 2,Waktu Maghrib 2,high,,train,,,,,,,,
F1 THE MOVIE,United States,0,live_action,0,,,,,,,original,"Apple Original Films, Plan B, Jerry Bruckheimer Films",F1 (film),F1 (film),high,,train,,,,,,,,
RUMAH UNTUK ALIE,Indonesia,1,live_action,0,,,,,,,novel,Falcon Pictures,,Rumah untuk Alie,high,Novel by Lenn Liu,train,,,,,,,,
GUNDIK,Indonesia,1,live_action,0,,,,,,,original,Umbara Brothers Film,,Gundik (film),high,Written and directed by Anggy Umbara,train,,,,,,,,
PENCARIAN TERAKHIR,Indonesia,1,live_action,0,,,,,,,original,Kharisma Starvision Plus,,,medium,Mountain-climbing horror; no id.wikipedia article found; source not verified,train,,,,,,,,
GJLS: IBUKU IBU IBU,Indonesia,1,live_action,0,,,,,,,other,Amadeus Sinemagna,,GJLS: Ibuku Ibu-Ibu,high,"Built on GJLS comedy podcast/YouTube group (Rigen, Rispo, Hifdzi)",train,,,,,,,,
KARATE KID: LEGENDS,United States,0,live_action,1,The Karate Kid,The Karate Kid,2010.0,,,,original,Columbia Pictures,Karate Kid: Legends,Karate Kid: Legends,high,,train,,,,,,,,
LABINAK,Indonesia,1,live_action,0,,,,,,,original,,,,low,Cannibal horror by Azhar Kinoi Lubis; producers Chugani family; production house not verified,train,,,,,,,,
PENJAGAL IBLIS DOSA TURUNAN,Indonesia,1,live_action,0,,,,,,,original,"Screenplay Films, Rapi Films, IFI Sinema",,Penjagal Iblis: Dosa Turunan,high,Written and directed by Tommy Dewo,train,,,,,,,,
BALLERINA,United States,0,live_action,1,John Wick,John Wick: Chapter 4,2023.0,,,,original,"Lionsgate, Thunder Road",Ballerina (2025 film),Ballerina (film 2025),high,Spin-off of John Wick,train,,,,,,,,
A WORKING MAN,United States,0,live_action,0,,,,,,,novel,"Amazon MGM Studios, Black Bear, Balboa Productions",A Working Man,A Working Man,medium,"Novel Levon's Trade by Chuck Dixon; released March 2025, already running before April",train,,,,,,,,
SAYAP SAYAP PATAH 2: OLIVIA,Indonesia,1,live_action,1,Sayap-Sayap Patah,Sayap-Sayap Patah,2022.0,2426084.0,https://www.detik.com/jatim/berita/d-6418918/15-film-indonesia-terlaris-di-2022,2022-11-22,true_story,Denny Siregar Pictures,,Sayap-Sayap Patah 2: Olivia,high,"Sequel of Sayap-Sayap Patah (2022, based on 2018 Mako Brimob riot); action-thriller about terror events",train,,,,,,,,
DEMON SLAYER -KIMETSU NO YAIBA- THE MOVIE: INFINITY CASTLE (IMAX 2D),Japan,0,anime,1,Demon Slayer,Demon Slayer: Kimetsu no Yaiba the Movie: Mugen Train,2020.0,,,,comic,"Ufotable, Aniplex",Demon Slayer: Kimetsu no Yaiba – The Movie: Infinity Castle,Demon Slayer: Kimetsu no Yaiba – The Movie: Infinity Castle,high,Format version of DEMON SLAYER -KIMETSU NO YAIBA- THE MOVIE: INFINITY CASTLE. Manga by Koyoharu Gotouge; continues TV anime,train,,,,,,,,
ASSALAMUALAIKUM BAITULLAH,Indonesia,1,live_action,0,,,,,,,original,,,Assalamualaikum Baitullah,low,Religious romance by Hadrah Daeng Ratu; production house and source not verified; not part of Assalamualaikum Beijing series as far as known,train,,,,,,,,
MENDADAK DANGDUT,Indonesia,1,live_action,0,,,,,,,remake,SinemArt,,Mendadak Dangdut (film 2025),medium,New version of the 2006 film Mendadak Dangdut (Rudi Soedjarwo),train,,,,,,,,
REGO NYOWO,Indonesia,1,live_action,0,,,,,,,viral_story,Hitmaker Studios,,Rego Nyowo,high,Based on viral X thread Kosan Berdarah by Kelanara Studio (2024),train,,,,,,,,
GEREJA SETAN,Indonesia,1,live_action,0,,,,,,,original,"Amazing Grace Production, Shakti Cinema",,Gereja Setan (film),medium,,train,,,,,,,,
TAK INGIN USAI DI SINI,Indonesia,1,live_action,0,,,,,,,original,"Paragon Pictures, Ideosource Entertainment",,Tak Ingin Usai di Sini,medium,Romance drama by Robert Ronny,train,,,,,,,,
MY DAUGHTER IS A ZOMBIE,South Korea,0,live_action,0,,,,,,,comic,"Next Entertainment World (NEW), Studio N",My Daughter Is a Zombie,My Daughter is a Zombie,medium,Based on Naver webtoon,train,,,,,,,,
LYORA: PENANTIAN BUAH HATI,Indonesia,1,live_action,0,,,,,,,true_story,Paragon Pictures,,Lyora: Penantian Buah Hati,medium,From Fenty Effendy book on Meutya Hafid and husband IVF struggle; production house inferred from producer Robert Ronny,train,,,,,,,,
JADI TUH BARANG,Indonesia,1,live_action,0,,,,,,,original,,,,low,Comedy written/directed by Kemal Palevi; production house not verified,train,,,,,,,,
NARIK SUKMO,Indonesia,1,live_action,0,,,,,,,novel,,,Narik Sukmo: Menari atau Mati,medium,Adapted from novel by Dewie Yulliantina; production house not verified,train,,,,,,,,
EJEN ALI: THE MOVIE 2,Malaysia,0,animation,1,Ejen Ali,Ejen Ali The Movie,2019.0,,,,original,WAU Animation,Ejen Ali The Movie 2,Ejen Ali The Movie 2: Misi Satria,high,Malaysian animation (TV series origin); predecessor Indonesian admissions not found,train,,,,,,,,
MUSLIHAT,Indonesia,1,live_action,0,,,,,,,original,IM Pictures (Indonesia MaknaKarya Pictures),,Muslihat (film),medium,,train,,,,,,,,
COCOTE TONGGO,Indonesia,1,live_action,0,,,,,,,original,"Skak Pictures, Tobali Film",,Cocote Tonggo,high,Bayu Skak Javanese-language comedy (Solo),train,,,,,,,,
PAMALI: TUMBAL,Indonesia,1,live_action,1,Pamali,Pamali: Dusun Pocong,2023.0,1607054.0,https://www.ngopibareng.id/read/daftar-film-indonesia-dengan-jumlah-penonton-terbanyak-2023,2023-12-27,game,"LYTO Pictures, Legacy Pictures",,Pamali: Tumbal,high,"Third Pamali film, based on horror game Pamali; first film Pamali (2022) had 880,618 per detik 2022-11-22",train,,,,,,,,
TINGGAL MENINGGAL,Indonesia,1,live_action,0,,,,,,,original,Imajinari Pictures,Better Off Dead (2025 film),Tinggal Meninggal,high,Debut of Kristo Immanuel; produced by Ernest Prakasa,train,,,,,,,,
28 YEARS LATER,United Kingdom,0,live_action,1,28 Days Later,28 Weeks Later,2007.0,,,,original,"Columbia Pictures, DNA Films",28 Years Later,28 Years Later,high,,train,,,,,,,,
THE ACCOUNTANT 2,United States,0,live_action,1,The Accountant,The Accountant,2016.0,,,,original,Amazon MGM Studios,The Accountant 2,The Accountant 2,high,,train,,,,,,,,
ELIO,United States,0,animation,0,,,,,,,original,"Pixar Animation Studios, Disney",Elio (film),Elio (film),high,,train,,,,,,,,
THE AMATEUR,United States,0,live_action,0,,,,,,,novel,20th Century Studios,The Amateur (2025 film),The Amateur (film 2025),high,Novel by Robert Littell (also 1981 film),train,,,,,,,,
DASIM,Indonesia,1,live_action,0,,,,,,,original,Kharisma Starvision Plus,,Dasim,high,,train,,,,,,,,
THE FANTASTIC FOUR: FIRST STEPS (IMAX 2D),United States,0,live_action,1,Marvel Cinematic Universe,Thunderbolts*,2025.0,,,,comic,Marvel Studios,The Fantastic Four: First Steps,The Fantastic Four: First Steps,high,Format version of THE FANTASTIC FOUR: FIRST STEPS.,train,,,,,,,,
SUPERMAN (IMAX 2D),United States,0,live_action,1,DC Universe / Superman,Man of Steel,2013.0,,,,comic,"DC Studios, Warner Bros.",Superman (2025 film),Superman (film 2025),high,"Format version of SUPERMAN. Reboot, first DCU film",train,,,,,,,,
MISSION: IMPOSSIBLE - THE FINAL RECKONING (IMAX 2D) ,United States,0,live_action,1,Mission: Impossible,Mission: Impossible – Dead Reckoning Part One,2023.0,,,,other,"Paramount Pictures, Skydance",Mission: Impossible – The Final Reckoning,Mission: Impossible – The Final Reckoning,high,Format version of MISSION: IMPOSSIBLE - THE FINAL RECKONING. Franchise originally from TV series,train,,,,,,,,
GOWOK KAMASUTRA JAWA UNCUT,Indonesia,1,live_action,0,,,,,,,original,"MVP Pictures, Dapur Films",Gowok: Javanese Kamasutra,Gowok: Kamasutra Jawa,high,"Uncut (21+) version of GOWOK KAMASUTRA JAWA, same film",train,,,,,,,,
SELEPAS TAHLIL,Indonesia,1,live_action,0,,,,,,,original,BION Studios,,Selepas Tahlil,medium,,train,,,,,,,,
GHOST TRAIN,South Korea,0,live_action,0,,,,,,,original,,Ghost Train (2025 film),Ghost Train (film 2025),medium,Korean horror; production house not verified,train,,,,,,,,
F1 THE MOVIE (IMAX 2D),United States,0,live_action,0,,,,,,,original,"Apple Original Films, Plan B, Jerry Bruckheimer Films",F1 (film),F1 (film),high,Format version of F1 THE MOVIE.,train,,,,,,,,
TENUNG BY RISA SARASWATI & DIMASTA,Indonesia,1,live_action,0,,,,,,,novel,MD Pictures,,Tenung by Risa Saraswati & Dimasta,high,From novel Tenung by Risa Saraswati (Danur author) and Dimasta; not a Danur sequel,train,,,,,,,,
UNTIL DAWN,United States,0,live_action,0,,,,,,,game,"Screen Gems, PlayStation Productions",Until Dawn (film),Until Dawn (film),high,,train,,,,,,,,
KAMPUNG JABANG MAYIT: RITUAL MAUT,Indonesia,1,live_action,1,Jabang Mayit,,,,,,viral_story,"Kucing Hitam Pictures, Spasi Moving Image, BEN Film",,Kampung Jabang Mayit,medium,From viral X thread by Qwertyping and Jabang Mayit podcast; positioned as prequel; same producers released Jabang Mayit earlier in 2025 (admissions not found),train,,,,,,,,
PEREMPUAN PEMBAWA SIAL,Indonesia,1,live_action,0,,,,,,,folklore,IDN Pictures,,Perempuan Pembawa Sial,high,Javanese Bahu Laweyan myth; Fajar Nugros,train,,,,,,,,
THE CONJURING: LAST RITES (IMAX 2D),United States,0,live_action,1,The Conjuring Universe,The Conjuring: The Devil Made Me Do It,2021.0,,,,true_story,"New Line Cinema, Atomic Monster, The Safran Company",The Conjuring: Last Rites,The Conjuring: Last Rites,high,Format version of THE CONJURING: LAST RITES. Warren case files; previews from 2025-08-29 (IMAX),train,,,,,,,,
MAMA: PESAN DARI NERAKA,Indonesia,1,live_action,0,,,,,,,viral_story,"Pichouse Films, PAW Pictures",,Mama: Pesan dari Neraka,high,Adapted from viral Nessie Judge YouTube video Mama,train,,,,,,,,
ONE BATTLE AFTER ANOTHER,United States,0,live_action,0,,,,,,,novel,Warner Bros.,One Battle After Another,One Battle After Another,high,Loosely based on Thomas Pynchon novel Vineland,train,,,,,,,,
LORONG KOST,Indonesia,1,live_action,0,,,,,,,original,Minka Rosie Production,,Lorong Kost,medium,,train,,,,,,,,
NE ZHA 2,China,0,animation,1,Ne Zha,Ne Zha,2019.0,,,,novel,"Chengdu Coco Cartoon, Beijing Enlight Pictures",Ne Zha 2,Ne Zha 2,high,"Based on Investiture of the Gods mythology; Indonesian release March 2025, already running",train,,,,,,,,
ANAK MEDAN: COCOK KO RASA???,Indonesia,1,live_action,0,,,,,,,original,"PIM Pictures, D'Ayu Pictures",,Anak Medan: Cocok Ko Rasa???,high,,train,,,,,,,,
PERANG KOTA,Indonesia,1,live_action,0,,,,,,,novel,"Kharisma Starvision Plus, Cinesurya",This City Is a Battlefield,Perang Kota,high,Loose adaptation of Mochtar Lubis novel Jalan Tak Ada Ujung (1952),train,,,,,,,,
MATERIALISTS,United States,0,live_action,0,,,,,,,original,"A24, Killer Films",Materialists (film),Materialists (film),high,,train,,,,,,,,
KELUARGA SUPER IRIT,Indonesia,1,live_action,0,,,,,,,comic,Falcon Pictures,,Keluarga Super Irit,high,Adapted from Korean comic by Yim Chang-ho,train,,,,,,,,
THUNDERBOLTS* (IMAX 2D),United States,0,live_action,1,Marvel Cinematic Universe,Captain America: Brave New World,2025.0,,,,comic,Marvel Studios,Thunderbolts*,Thunderbolts*,high,Format version of THUNDERBOLTS*.,train,,,,,,,,
THE LONG WALK,United States,0,live_action,0,,,,,,,novel,Lionsgate,The Long Walk (2025 film),The Long Walk (film 2025),high,Stephen King (Richard Bachman) novel,train,,,,,,,,
THE LAST SUPPER,United States,0,live_action,0,,,,,,,other,Pinnacle Peak Pictures,The Last Supper (2025 film),The Last Supper (film 2025),medium,"Biblical drama; released before April, already running",train,,,,,,,,
DIA BUKAN IBU,Indonesia,1,live_action,0,,,,,,,viral_story,MVP Pictures,A Woman Called Mother,Dia Bukan Ibu,high,Based on viral X thread by Jeropoint,train,,,,,,,,
MENJELANG MAGRIB 2: WANITA YANG DI RANTAI,Indonesia,1,live_action,1,Menjelang Magrib,Menjelang Magrib,2022.0,,,,original,Helroad Films,,Menjelang Magrib 2: Wanita yang Dirantai,medium,Release 2025-09-04; predecessor admissions not found (small film),train,,,,,,,,
BERTAUT RINDU: SEMUA IMPIAN BERHAK DIRAYAKAN,Indonesia,1,live_action,0,,,,,,,novel,SinemArt,,Bertaut Rindu,high,Novel by Tian Topandi,train,,,,,,,,
HOW TO TRAIN YOUR DRAGON (IMAX 2D),United States,0,live_action,1,How to Train Your Dragon,How to Train Your Dragon (2010 animated),2010.0,,,,remake,"Universal Pictures, DreamWorks Animation",How to Train Your Dragon (2025 film),How to Train Your Dragon (film 2025),high,Format version of HOW TO TRAIN YOUR DRAGON. Live-action remake of the 2010 animated film (book series by Cressida Cowell),train,,,,,,,,
THE NAKED GUN,United States,0,live_action,1,The Naked Gun,Naked Gun 33 1/3: The Final Insult,1994.0,,,,other,"Paramount Pictures, Fuzzy Door Productions",The Naked Gun (2025 film),The Naked Gun (film 2025),high,Legacy sequel; franchise from TV series Police Squad!,train,,,,,,,,
A MINECRAFT MOVIE (IMAX 2D),United States,0,live_action,0,,,,,,,game,"Warner Bros., Legendary Pictures, Mojang Studios",A Minecraft Movie,A Minecraft Movie,high,Format version of A MINECRAFT MOVIE.,train,,,,,,,,
MANGKU POCONG,Indonesia,1,live_action,0,,,,,,,original,"Rumpi Entertainment, Virgo Putra Film, 786 Productions",,Mangku Pocong,medium,,train,,,,,,,,
TABAYYUN,Indonesia,1,live_action,0,,,,,,,novel,"A&Z Films, Legacy Pictures, Beehave Pictures",,Tabayyun (film),high,Novel Tabayyun by Ilyas Bachtiar,train,,,,,,,,
DRACULA: A LOVE TALE,France,0,live_action,0,,,,,,,novel,"LBP (Luc Besson Production), SND",Dracula (2025 French film),Dracula: A Love Tale,medium,Bram Stoker novel,train,,,,,,,,
WARFARE,United States,0,live_action,0,,,,,,,true_story,A24,Warfare (film),Warfare (film),high,US-UK; Iraq war memories of Ray Mendoza,train,,,,,,,,
M3GAN 2.0,United States,0,live_action,1,M3GAN,M3GAN,2022.0,,,,original,"Blumhouse, Atomic Monster, Universal",M3GAN 2.0,M3GAN 2.0,high,,train,,,,,,,,
AGEN +62,Indonesia,1,live_action,0,,,,,,,original,,,Agen +62,medium,Comedy by Dinna Jasanti; production house not verified,train,,,,,,,,
AFTERBURN,United States,0,live_action,0,,,,,,,comic,,Afterburn (2025 film),Afterburn (film 2025),medium,Based on Red 5 Comics graphic novel; production house not verified,train,,,,,,,,
MARYAM: JANJI DAN JIWA YANG TERIKAT,Indonesia,1,live_action,0,,,,,,,viral_story,"Legacy Pictures, Visual Media Studio",,Maryam: Janji dan Jiwa yang Terikat,high,Based on story told in viral podcast Lentera Malam (Belenggu Jin Kafir),train,,,,,,,,
OMNISCIENT READER: THE PROPHECY,South Korea,0,live_action,0,,,,,,,novel,Realies Pictures,Omniscient Reader: The Prophecy,Omniscient Reader: The Prophet,medium,Based on web novel Omniscient Reader's Viewpoint (also webtoon); Indonesian actor Jisoo co-stars,train,,,,,,,,
SAH! KATANYA...,Indonesia,1,live_action,0,,,,,,,original,MVP Pictures,,Sah! Katanya...,medium,,train,,,,,,,,
SINNERS,United States,0,live_action,0,,,,,,,original,"Warner Bros., Proximity Media",Sinners (2025 film),Sinners (film 2025),high,,train,,,,,,,,
CHAINSAW MAN - THE MOVIE: REZE ARC,Japan,0,anime,1,Chainsaw Man,Chainsaw Man (TV anime),2022.0,,,,comic,MAPPA,Chainsaw Man – The Movie: Reze Arc,Chainsaw Man – The Movie: Reze Arc,high,Continues TV anime season 1; manga by Tatsuki Fujimoto,train,,,,,,,,
PANGGILAN DARI KUBUR,Indonesia,1,live_action,0,,,,,,,original,Maxima Pictures,,Panggilan dari Kubur,low,Production house inferred from producer Yoen K,train,,,,,,,,
NOBODY 2,United States,0,live_action,1,Nobody,Nobody,2021.0,,,,original,"Universal Pictures, 87North",Nobody 2,Nobody 2,high,Directed by Indonesian Timo Tjahjanto,train,,,,,,,,
DENDAM MALAM KELAM,Indonesia,1,live_action,0,,,,,,,remake,Falcon Pictures,,Dendam Malam Kelam,high,"Official remake of Spanish film The Body (El cuerpo, 2012)",train,,,,,,,,
DILANJUTKAN SALAH DISUDAHI PERIH,Indonesia,1,live_action,0,,,,,,,original,,,,low,"Romance by Benni Setiawan, producer Bambang Drias; source and production house not verified",train,,,,,,,,
GODAAN SETAN YANG TERKUTUK,Indonesia,1,live_action,0,,,,,,,original,Maxima Pictures,,Godaan Setan yang Terkutuk,low,Production house inferred from producer Yoen K,train,,,,,,,,
THE KING OF KINGS,South Korea,0,animation,0,,,,,,,novel,Mofac Studio,The King of Kings (2025 film),The King of Kings (film 2025),high,Inspired by Charles Dickens The Life of Our Lord; Korean-made English-language animation,train,,,,,,,,
PABRIK GULA UNCUT (IMAX 2D),Indonesia,1,live_action,0,,,,,,,viral_story,MD Pictures,Sugar Mill,Pabrik Gula (film),high,"Format version of PABRIK GULA UNCUT. Uncut (21+) version of PABRIK GULA, same film; viral story by SimpleMan; released 2025-03-31",train,,,,,,,,
FINAL DESTINATION: BLOODLINES (IMAX 2D),United States,0,live_action,1,Final Destination,Final Destination 5,2011.0,,,,original,New Line Cinema,Final Destination Bloodlines,Final Destination: Bloodlines,high,Format version of FINAL DESTINATION: BLOODLINES.,train,,,,,,,,
I KNOW WHAT YOU DID LAST SUMMER,United States,0,live_action,1,I Know What You Did Last Summer,I Know What You Did Last Summer,1997.0,,,,novel,"Columbia Pictures, Original Film",I Know What You Did Last Summer (2025 film),I Know What You Did Last Summer (film 2025),high,Legacy sequel; novel by Lois Duncan,train,,,,,,,,
GERBANG SETAN,Indonesia,1,live_action,0,,,,,,,original,Setia One Vision,,Gerbang Setan,medium,Horror comedy with many comedians,train,,,,,,,,
GAZA,Indonesia,1,live_action,1,Hayya,"Hayya 2: Hope, Dream & Reality",2022.0,,,,original,"Warna Pictures, 786 Productions",Hayya 3: Gaza,Hayya 3: Gaza,medium,Title in data GAZA = Hayya 3: Gaza; religious family drama; predecessor admissions not found,train,,,,,,,,
SMURFS,United States,0,animation,1,The Smurfs,Smurfs: The Lost Village,2017.0,,,,comic,Paramount Animation,Smurfs (film),Smurfs (film),high,Comic by Peyo,train,,,,,,,,
WEAPONS (IMAX 2D),United States,0,live_action,0,,,,,,,original,New Line Cinema,Weapons (2025 film),Weapons (film 2025),high,Format version of WEAPONS.,train,,,,,,,,
HANYA NAMAMU DALAM DOAKU,Indonesia,1,live_action,0,,,,,,,original,Sinemaku Pictures,,Hanya Namamu dalam Doaku,medium,Family drama about ALS,train,,,,,,,,
ASSALAMUALAIKUM BEIJING 2: LOST IN NINGXIA,Indonesia,1,live_action,1,Assalamualaikum Beijing,Assalamualaikum Beijing,2014.0,,,,novel,"786 Production, Rumpi Entertainment, Imperial Pictures",,Assalamualaikum Beijing 2: Lost in Ningxia,medium,Sequel of 2014 film based on Asma Nadia novel; predecessor admissions not found with dated source,train,,,,,,,,
SHADOW FORCE,United States,0,live_action,0,,,,,,,original,Lionsgate,,,medium,,train,,,,,,,,
A MINECRAFT MOVIE (3D),United States,0,live_action,0,,,,,,,game,"Warner Bros., Legendary Pictures, Mojang Studios",A Minecraft Movie,A Minecraft Movie,high,Format version of A MINECRAFT MOVIE.,train,,,,,,,,
BRING HER BACK,Australia,0,live_action,0,,,,,,,original,"Causeway Films, A24",Bring Her Back,Bring Her Back,high,Philippou brothers (Talk to Me),train,,,,,,,,
HOLY NIGHT: DEMON HUNTERS,South Korea,0,live_action,0,,,,,,,original,Big Punch Pictures,Holy Night: Demon Hunters,Holy Night: Demon Hunters,medium,Ma Dong-seok,train,,,,,,,,
LEBIH DARI SELAMANYA,Indonesia,1,live_action,0,,,,,,,original,"FMM Studios, Golden Scene Pictures",,Lebih dari Selamanya,medium,,train,,,,,,,,
JURASSIC WORLD: REBIRTH (3D),United States,0,live_action,1,Jurassic Park,Jurassic World Dominion,2022.0,,,,novel,"Universal Pictures, Amblin Entertainment",Jurassic World Rebirth,Jurassic World Rebirth,high,Format version of JURASSIC WORLD: REBIRTH.,train,,,,,,,,
PABRIK GULA (IMAX 2D),Indonesia,1,live_action,0,,,,,,,viral_story,MD Pictures,Sugar Mill,Pabrik Gula (film),high,"Format version of PABRIK GULA. Viral story by SimpleMan (author of KKN di Desa Penari, 9,233,847 admissions per detik 2022-11-22) but not a sequel; released 2025-03-31; regular (17+) cut",train,,,,,,,,
ARWAH,Indonesia,1,live_action,0,,,,,,,original,,,,low,Horror by Ivan Bandhito; no article found; production house not verified,train,,,,,,,,
THE BAD GUYS 2,United States,0,animation,1,The Bad Guys,The Bad Guys,2022.0,,,,novel,DreamWorks Animation,The Bad Guys 2,The Bad Guys 2,high,Book series by Aaron Blabey,train,,,,,,,,
HOTEL SAKURA,Indonesia,1,live_action,0,,,,,,,original,,,Hotel Sakura,medium,Production house not verified,train,,,,,,,,
SINNERS (IMAX 2D),United States,0,live_action,0,,,,,,,original,"Warner Bros., Proximity Media",Sinners (2025 film),Sinners (film 2025),high,Format version of SINNERS.,train,,,,,,,,
THARAE: THE EXORCIST,Thailand,0,live_action,0,,,,,,,original,,,,low,Thai horror directed by Taweewat Wantha (Death Whisperer 1-2 director); franchise link not verified,train,,,,,,,,
RED SONJA,United States,0,live_action,0,,,,,,,comic,Millennium Media,Red Sonja (2025 film),,high,Robert E. Howard character,train,,,,,,,,
RELAY,United States,0,live_action,0,,,,,,,original,,Relay (film),Relay (film),medium,2024 film released in Indonesia 2025; production house not verified,train,,,,,,,,
DROP,United States,0,live_action,0,,,,,,,original,"Blumhouse, Platinum Dunes, Universal",Drop (film),Drop (film),high,,train,,,,,,,,
GAK NYANGKA..!!,Indonesia,1,live_action,0,,,,,,,original,iBuzz Entertainment,,Gak Nyangka..!!,medium,,train,,,,,,,,
ANGEL POL,Indonesia,1,live_action,0,,,,,,,original,DHF Entertainment,,Angel Pol,medium,Musical comedy,train,,,,,,,,
THE RITUAL,United States,0,live_action,0,,,,,,,true_story,XYZ Films,The Ritual (2025 film),The Ritual (film 2025),medium,1928 Emma Schmidt exorcism,train,,,,,,,,
SYIRIK (DANYANG LAUT SELATAN),Indonesia,1,live_action,0,,,,,,,folklore,Ganesa Film,,Syirik: Danyang Laut Selatan,medium,South Sea (Laut Selatan) spirit lore,train,,,,,,,,
HOME SWEET HOME: REBIRTH,Germany,0,live_action,0,,,,,,,game,,,,low,Based on Thai horror game Home Sweet Home (Yggdrazil Group); international co-production,train,,,,,,,,
MUMU,China,0,live_action,0,,,,,,,other,,,,low,Chinese drama; source and production house not verified,train,,,,,,,,
DOTI - TUMBAL ILMU HITAM,Indonesia,1,live_action,0,,,,,,,folklore,"Ruang Visual Production, Dream Picture",,Doti: Tumbal Ilmu Hitam,medium,Regional (South Sulawesi) black magic lore,train,,,,,,,,
LOCKED,United States,0,live_action,0,,,,,,,remake,Raimi Productions,Locked (film),Locked (film),high,Remake of Argentine film 4x4 (2019),train,,,,,,,,
PINJAM 100 THE MOVIE,Indonesia,1,live_action,0,,,,,,,other,VBS Studio,,Pinjam 100 the Movie,medium,Built on Paris Pernandes social media comedy skits (Pinjam 100); regional (Binjai/Medan) comedy,train,,,,,,,,
MUNGKIN KITA PERLU WAKTU,Indonesia,1,live_action,0,,,,,,,original,"Kathanika Films, Karuna Pictures, Adhya Pictures",All We Need Is Time,Mungkin Kita Perlu Waktu,high,Festival film (JAFF 2024 premiere),train,,,,,,,,
AGAPE THE UNCONDITIONAL LOVE,Indonesia,1,live_action,0,,,,,,,original,Holofa Pictures,,Agape: The Unconditional Love,medium,Christian family drama,train,,,,,,,,
CONCLAVE,United States,0,live_action,0,,,,,,,novel,"Focus Features, FilmNation",Conclave (film),Conclave (film),high,"US-UK; Robert Harris novel; 2024 film, already running/re-screened in April 2025 (papal conclave news)",train,,,,,,,,
WARKOP DKI KARTUN,Indonesia,1,animation,1,Warkop DKI,Warkop DKI Reborn (film series),2019.0,,,,other,Falcon Pictures,,Warkop DKI Kartun,medium,"Animated Warkop DKI (Dono Kasino Indro); predecessor is the live-action Reborn series, admissions not used",train,,,,,,,,
GABBYS DOLLHOUSE: THE MOVIE,United States,0,live_action,1,Gabby's Dollhouse,Gabby's Dollhouse (TV series),2021.0,,,,other,"DreamWorks Animation, Universal",Gabby's Dollhouse: The Movie,,high,Live action and animation hybrid based on preschool TV series,train,,,,,,,,
THE CONJURING (REISSUE),United States,0,rerelease,1,The Conjuring Universe,,,,,,true_story,New Line Cinema,The Conjuring,The Conjuring,high,2013 film re-released before The Conjuring: Last Rites,train,,,,,,,,
ONE BATTLE AFTER ANOTHER (IMAX 2D),United States,0,live_action,0,,,,,,,novel,Warner Bros.,One Battle After Another,One Battle After Another,high,Format version of ONE BATTLE AFTER ANOTHER. Loosely based on Thomas Pynchon novel Vineland,train,,,,,,,,
THUNDERBOLTS* (3D),United States,0,live_action,1,Marvel Cinematic Universe,Captain America: Brave New World,2025.0,,,,comic,Marvel Studios,Thunderbolts*,Thunderbolts*,high,Format version of THUNDERBOLTS*.,train,,,,,,,,
KARUNRUNG 1995,Indonesia,1,live_action,0,,,,,,,original,,,Karunrung 1995,low,Regional Makassar film; production house not verified,train,,,,,,,,
PANJI TENGKORAK,Indonesia,1,animation,0,,,,,,,comic,Falcon Pictures,,Panji Tengkorak (film 2025),high,Adult animation adapted from Hans Jaladara comic,train,,,,,,,,
RABI JIWO,Indonesia,1,live_action,0,,,,,,,original,Tawang Khan Production,,Rabi Jiwo,medium,,train,,,,,,,,
DETECTIVE CONAN THE MOVIE: ONE-EYED FLASHBACK,Japan,0,anime,1,Detective Conan,Detective Conan: The Million-dollar Pentagram,2024.0,,,,comic,TMS Entertainment,Detective Conan: One-eyed Flashback,,high,,train,,,,,,,,
DETECTIVE CONAN THE MOVIE: ONE-EYED FLASHBACK (IMAX 2D),Japan,0,anime,1,Detective Conan,Detective Conan: The Million-dollar Pentagram,2024.0,,,,comic,TMS Entertainment,Detective Conan: One-eyed Flashback,,high,Format version of DETECTIVE CONAN THE MOVIE: ONE-EYED FLASHBACK.,train,,,,,,,,
NOISE,South Korea,0,live_action,0,,,,,,,original,,Noise (2024 film),,medium,2024 Korean horror; production house not verified,train,,,,,,,,
BRIDE HARD,United States,0,live_action,0,,,,,,,original,,Bride Hard,,medium,Rebel Wilson action comedy; production house not verified,train,,,,,,,,
SIAPA DIA,Indonesia,1,live_action,0,,,,,,,original,"Fabis Entertainment, 909 Studio",Siapa Dia,Siapa Dia,high,Garin Nugroho musical,train,,,,,,,,
A BIG BOLD BEAUTIFUL JOURNEY,United States,0,live_action,0,,,,,,,original,"Columbia Pictures, 30West",A Big Bold Beautiful Journey,A Big Bold Beautiful Journey,medium,,train,,,,,,,,
BAD GENIUS,United States,0,live_action,0,,,,,,,remake,"Vertical, Picturestart",Bad Genius (2024 film),Bad Genius (film 2024),medium,Remake of Thai film Bad Genius (2017),train,,,,,,,,
THE CONJURING 2 (REISSUE),United States,0,rerelease,1,The Conjuring Universe,,,,,,true_story,New Line Cinema,The Conjuring 2,The Conjuring 2,high,2016 film re-released before The Conjuring: Last Rites,train,,,,,,,,
THE SUN GAZER: CINTA DARI LANGIT,Indonesia,1,live_action,0,,,,,,,novel,Warna Pictures,,The Sun Gazer: Cinta dari Langit,high,Novel Sang Penatap Matahari by M. Gunawan Yasni,train,,,,,,,,
GOWOK KAMASUTRA JAWA,Indonesia,1,live_action,0,,,,,,,original,"MVP Pictures, Dapur Films",Gowok: Javanese Kamasutra,Gowok: Kamasutra Jawa,high,Regular (17+) version; also released as uncut version; about Javanese gowok tradition,train,,,,,,,,
ANGKARA MURKA,Indonesia,1,live_action,0,,,,,,,original,Forka Films,,Angkara Murka (film 2025),medium,,train,,,,,,,,
JUJUTSU KAISEN: HIDDEN INVENTORY/PREMATURE DEATH - THE MOVIE,Japan,0,anime,1,Jujutsu Kaisen,Jujutsu Kaisen 0,2021.0,,,,comic,MAPPA,,,high,Compilation film of TV anime season 2 arc; manga by Gege Akutami,train,,,,,,,,
LINTRIK,Indonesia,1,live_action,0,,,,,,,folklore,"Prama Gatra Film, Rumah Semut Film",,Lintrik: Ilmu Pemikat,medium,Lintrik love-charm lore,train,,,,,,,,
FREAKIER FRIDAY,United States,0,live_action,1,Freaky Friday,Freaky Friday,2003.0,,,,novel,Walt Disney Pictures,Freakier Friday,Freakier Friday,high,Novel by Mary Rodgers,train,,,,,,,,
CHAINSAW MAN - THE MOVIE: REZE ARC (IMAX 2D),Japan,0,anime,1,Chainsaw Man,Chainsaw Man (TV anime),2022.0,,,,comic,MAPPA,Chainsaw Man – The Movie: Reze Arc,Chainsaw Man – The Movie: Reze Arc,high,Format version of CHAINSAW MAN - THE MOVIE: REZE ARC. Continues TV anime season 1; manga by Tatsuki Fujimoto,train,,,,,,,,
SERIBU BAYANG PURNAMA,Indonesia,1,live_action,0,,,,,,,original,Baraka Film,,Seribu Bayang Purnama,medium,,train,,,,,,,,
PETAKA GUNUNG GEDE,Indonesia,1,live_action,0,,,,,,,viral_story,"Kharisma Starvision Plus, Legacy Pictures",,Petaka Gunung Gede,high,"True story of Maya Azka told on YouTube (viral); released Feb 2025, already running before April",train,,,,,,,,
THE CONJURING: THE DEVIL MADE ME DO IT (REISSUE),United States,0,rerelease,1,The Conjuring Universe,,,,,,true_story,New Line Cinema,The Conjuring: The Devil Made Me Do It,The Conjuring: The Devil Made Me Do It,high,2021 film re-released before The Conjuring: Last Rites,train,,,,,,,,
THE RED ENVELOPE,Thailand,0,live_action,0,,,,,,,remake,GDH 559,,,medium,Thai remake of Taiwanese film Marry My Dead Body (2022),train,,,,,,,,
DARAH NYAI,Indonesia,1,live_action,0,,,,,,,original,Imaginarium Pictures,,Darah Nyai,medium,,train,,,,,,,,
SAIYAARA,India,0,live_action,0,,,,,,,remake,Yash Raj Films,Saiyaara (film),,medium,Loosely based on Korean film A Moment to Remember (2004),train,,,,,,,,
HI-FIVE,South Korea,0,live_action,0,,,,,,,original,Annapurna Films (Korea),Hi-Five (film),Hi-Five (film),medium,,train,,,,,,,,
NE ZHA 2 (IMAX 2D),China,0,animation,1,Ne Zha,Ne Zha,2019.0,,,,novel,"Chengdu Coco Cartoon, Beijing Enlight Pictures",Ne Zha 2,Ne Zha 2,high,"Format version of NE ZHA 2. Based on Investiture of the Gods mythology; Indonesian release March 2025, already running",train,,,,,,,,
WAR 2,India,0,live_action,1,YRF Spy Universe,War,2019.0,,,,original,Yash Raj Films,War 2 (film),,high,,train,,,,,,,,
SICCIN 8,Turkey,0,live_action,1,Siccin,Siccin 7,2024.0,,,,original,,,,medium,Turkish horror franchise by Alper Mestci (Indonesian remake Sijjin exists),train,,,,,,,,
SITAARE ZAMEEN PAR,India,0,live_action,0,,,,,,,remake,Aamir Khan Productions,Sitaare Zameen Par,Sitaare Zameen Par,high,"Remake of Spanish film Champions (Campeones, 2018); spiritual sequel to Taare Zameen Par",train,,,,,,,,
SNOW WHITE,United States,0,live_action,1,Snow White,Snow White and the Seven Dwarfs,1937.0,,,,remake,Walt Disney Pictures,Snow White (2025 film),Snow White (film 2025),high,"Live-action remake; released March 2025, already running",train,,,,,,,,
ARTI CINTA,Indonesia,1,live_action,0,,,,,,,original,,,Arti Cinta (film),low,Romance by Monty Tiwa and Tepan Kobain; production house not verified,train,,,,,,,,
INSYA ALLAH BERKAH,Indonesia,1,live_action,0,,,,,,,original,"Anugerah Pictures, Fine In Pro",,Insya Allah Berkah,medium,"Produced in 2017, released 2025; children religious film",train,,,,,,,,
SOMEBODY,South Korea,0,live_action,0,,,,,,,comic,,Somebody (film),Somebody (film),medium,2024 Korean thriller based on Naver webtoon (Korean title Chimbeom),train,,,,,,,,
LILO & STITCH (3D),United States,0,live_action,1,Lilo & Stitch,Lilo & Stitch (2002 animated),2002.0,,,,remake,Walt Disney Pictures,Lilo & Stitch (2025 film),Lilo & Stitch (film 2025),high,Format version of LILO & STITCH. Live-action remake,train,,,,,,,,
RANGGA & CINTA,Indonesia,1,live_action,1,Ada Apa dengan Cinta?,Ada Apa dengan Cinta? 2,2016.0,3665509.0,http://web.archive.org/web/20250613220124/https://filmindonesia.or.id/film/penonton?tahun=2016,2025-06-13,remake,Miles Films,Rangga & Cinta,Rangga & Cinta,medium,"Musical reimagining of AADC (2002), fourth film in AADC universe; release 2025-10-02, data from 2025-09-23 (previews); AADC 2 reported about 3.6 million admissions but no dated source verified",train,,,,,,,,
JAWS (IMAX 2D),United States,0,rerelease,0,,,,,,,novel,Universal Pictures,Jaws (film),Jaws,high,"1975 film, 50th anniversary IMAX re-release; Peter Benchley novel",train,,,,,,,,
MERAH PUTIH ONE FOR ALL,Indonesia,1,animation,0,,,,,,,original,Perfiki Kreasindo,Merah Putih: One for All,Merah Putih: One for All,high,Heavily criticised before release for animation quality,train,,,,,,,,
PRINCESS MONONOKE (IMAX 2D),Japan,0,rerelease,0,,,,,,,original,Studio Ghibli,Princess Mononoke,Mononoke Hime,high,"1997 anime, IMAX re-release",train,,,,,,,,
PENGIN HIJRAH,Indonesia,1,live_action,0,,,,,,,original,,,Pengin Hijrah,medium,Religious drama by Jastis Arimba; production house not verified,train,,,,,,,,
"SAMPAI JUMPA, SELAMAT TINGGAL",Indonesia,1,live_action,0,,,,,,,original,"Adhya Pictures, Relate Films","Goodbye, Farewell",Sampai Jumpa Selamat Tinggal,high,"Shot in Seoul; festival premiere 2024, cinema release 2025-06-05",train,,,,,,,,
DORAEMON THE MOVIE: NOBITAS ART WORLD TALES,Japan,0,anime,1,Doraemon,Doraemon: Nobita's Earth Symphony,2024.0,,,,comic,Shin-Ei Animation,Doraemon: Nobita's Art World Tales,Doraemon: Nobita's Art World Tales,high,,train,,,,,,,,
REST AREA,Indonesia,1,live_action,0,,,,,,,original,Mahakarya Pictures,,Rest Area (film),high,"Release 2025-10, data from 2025-09-23 (previews)",train,,,,,,,,
THE DARK HOUSE,Indonesia,1,live_action,0,,,,,,,original,"Infinix One Pictures, Citrus Sinema",,The Dark House,medium,,train,,,,,,,,
JANJI SENJA,Indonesia,1,live_action,0,,,,,,,original,,,,low,Family drama by Rendra Ahmad; no article found,train,,,,,,,,
AIR MATA DI UJUNG SAJADAH 2,Indonesia,1,live_action,1,Air Mata di Ujung Sajadah,Air Mata di Ujung Sajadah,2023.0,3127671.0,https://www.ngopibareng.id/read/daftar-film-indonesia-dengan-jumlah-penonton-terbanyak-2023,2023-12-27,original,Beehave Pictures,,Air Mata di Ujung Sajadah 2,medium,Wide release 2025-10-23; data from 2025-09-26 is previews only; production house inferred from producer Ronny Irawan (Beehave made film 1),train,,,,,,,,
TUKAR TAKDIR,Indonesia,1,live_action,0,,,,,,,novel,"Kharisma Starvision Plus, Cinesurya, Legacy Pictures",,Tukar Takdir,high,"Loose adaptation of 2019 anthology Tukar Takdir by Valiant Budi Yogi; release 2025-10, data from 09-25 (previews)",train,,,,,,,,
RAID 2,India,0,live_action,1,Raid,Raid,2018.0,,,,true_story,"T-Series, Panorama Studios",Raid 2 (film),,high,,train,,,,,,,,
DHADAK 2,India,0,live_action,1,Dhadak,Dhadak,2018.0,,,,remake,"Dharma Productions, Zee Studios",Dhadak 2,Dhadak 2,high,Remake of Tamil film Pariyerum Perumal (2018),train,,,,,,,,
THE PHOENICIAN SCHEME,United States,0,live_action,0,,,,,,,original,"Focus Features, American Empirical Pictures",The Phoenician Scheme,The Phoenician Scheme,high,,train,,,,,,,,
KESARI CHAPTER 2,India,0,live_action,1,Kesari,Kesari,2019.0,,,,true_story,"Dharma Productions, Cape of Good Films",Kesari Chapter 2,Kesari Chapter 2,high,Based on book The Case That Shook the Empire,train,,,,,,,,
PANOR,Thailand,0,live_action,0,,,,,,,original,,,,low,Thai horror; details not verified,train,,,,,,,,
SIKANDAR,India,0,live_action,0,,,,,,,original,Nadiadwala Grandson Entertainment,Sikandar (2025 film),,high,"Salman Khan; released 2025-03-30, already running",train,,,,,,,,
TEGAR,Indonesia,1,rerelease,0,,,,,,,original,,,Tegar (film),medium,2022 drama (released 2022-11-24) re-screened in 2025; disabled child lead,train,,,,,,,,
PARAM SUNDARI,India,0,live_action,0,,,,,,,original,Maddock Films,Param Sundari (film),,high,,train,,,,,,,,
JOLLY LLB 3,India,0,live_action,1,Jolly LLB,Jolly LLB 2,2017.0,,,,original,"Star Studio18, Kangra Talkies",Jolly LLB 3,,high,,train,,,,,,,,
HOW TO TRAIN YOUR DRAGON (3D),United States,0,live_action,1,How to Train Your Dragon,How to Train Your Dragon (2010 animated),2010.0,,,,remake,"Universal Pictures, DreamWorks Animation",How to Train Your Dragon (2025 film),How to Train Your Dragon (film 2025),high,Format version of HOW TO TRAIN YOUR DRAGON. Live-action remake of the 2010 animated film (book series by Cressida Cowell),train,,,,,,,,
MALAM JAHANAM,Indonesia,1,live_action,0,,,,,,,original,Bianglala Bikin Film Project,,Malam Jahanam,medium,,train,,,,,,,,
CRAYON SHIN-CHAN THE MOVIE: OUR DINOSAUR STORY,Japan,0,anime,1,Crayon Shin-chan,Crayon Shin-chan: Battle of Supernatural Powers,2023.0,,,,comic,Shin-Ei Animation,Crayon Shin-chan the Movie: Our Dinosaur Diary,Crayon Shin-chan the Movie: Our Dinosaur Diary,medium,2024 Japanese film released in Indonesia 2025; manga by Yoshito Usui,train,,,,,,,,
JANGAN PANGGIL MAMA KAFIR,Indonesia,1,live_action,0,,,,,,,original,Maxima Pictures,,Jangan Panggil Mama Kafir,low,Release 2025-10-16; data from 2025-09-16 is previews; production house inferred from producer Yoen K,train,,,,,,,,
BAAGHI 4,India,0,live_action,1,Baaghi,Baaghi 3,2020.0,,,,original,Nadiadwala Grandson Entertainment,Baaghi 4,,high,,train,,,,,,,,
EKSIL,Indonesia,1,documentary,0,,,,,,,true_story,Lola Amaria Production,The Exiles (2022 film),Eksil (film),high,"2022 documentary on 1965 exiles; theatrical release Feb 2024, 2025 is a re-screening",train,,,,,,,,
THE FANTASTIC FOUR: FIRST STEPS (3D),United States,0,live_action,1,Marvel Cinematic Universe,Thunderbolts*,2025.0,,,,comic,Marvel Studios,The Fantastic Four: First Steps,The Fantastic Four: First Steps,high,Format version of THE FANTASTIC FOUR: FIRST STEPS.,train,,,,,,,,
HOUSEFULL 5,India,0,live_action,1,Housefull,Housefull 4,2019.0,,,,original,Nadiadwala Grandson Entertainment,Housefull 5,,high,,train,,,,,,,,
SUPERMAN (3D),United States,0,live_action,1,DC Universe / Superman,Man of Steel,2013.0,,,,comic,"DC Studios, Warner Bros.",Superman (2025 film),Superman (film 2025),high,"Format version of SUPERMAN. Reboot, first DCU film",train,,,,,,,,
JAAT,India,0,live_action,0,,,,,,,original,"Mythri Movie Makers, People Media Factory",Jaat (film),,high,,train,,,,,,,,
KAIJU NO. 8: MISSION RECON,Japan,0,anime,1,Kaiju No. 8,Kaiju No. 8 (TV anime),2024.0,,,,comic,Production I.G,,,high,Compilation of TV anime season 1 plus new short,train,,,,,,,,
KEAJAIBAN AIR MATA WANITA,Indonesia,1,live_action,0,,,,,,,original,Bahagia Pictures,,Keajaiban Air Mata Wanita,medium,Released 2025-01-23; data starts 2025-05-17 (late or second run),train,,,,,,,,
MAA,India,0,live_action,1,Shaitaan universe,Shaitaan,2024.0,,,,folklore,"Devgn Films, Jio Studios",Maa (2025 film),,medium,"Mythological horror, Kajol",train,,,,,,,,
YAKIN NIKAH,Indonesia,1,live_action,0,,,,,,,original,Adhya Pictures,,Yakin Nikah,medium,Release 2025-10-09; data from 2025-08-26 is previews,train,,,,,,,,
BHOOL CHUK MAAF,India,0,live_action,0,,,,,,,original,Maddock Films,Bhool Chuk Maaf,,high,,train,,,,,,,,
SENYUM MANIES LOVE STORY,Indonesia,1,live_action,0,,,,,,,true_story,,,Senyum Manies Love Story,medium,Romance biopic of Anies Baswedan and wife,train,,,,,,,,
INVINCIBLE SWORDSMAN,China,0,live_action,0,,,,,,,other,,,,low,Chinese wuxia (Wong Jing producer); source not verified; already running before April,train,,,,,,,,
DEATH WHISPERER 3,Thailand,0,live_action,1,Death Whisperer (Tee Yod),Death Whisperer 2,2024.0,,,,novel,"Major Joint Film, BEC Film",Death Whisperer 3,,high,"Based on Krittanon Jitkham online horror story; release in Indonesia Oct 2025, data from 09-29 (previews)",train,,,,,,,,
ULTRAMAN ARC THE MOVIE: THE CLASH OF LIGHT AND EVIL,Japan,0,live_action,1,Ultraman,Ultraman Arc (TV series),2024.0,,,,other,Tsuburaya Productions,,,high,Tokusatsu film continuing TV series,train,,,,,,,,
THE SNITCH,South Korea,0,live_action,0,,,,,,,original,,,,low,Korean crime action; details not verified,train,,,,,,,,
DAN DA DAN: EVIL EYE,Japan,0,anime,1,Dandadan,Dandadan (TV anime season 1),2024.0,,,,comic,Science SARU,Dan Da Dan: Evil Eye,,high,Compilation of TV episodes,train,,,,,,,,
PRETTY CRAZY,South Korea,0,live_action,0,,,,,,,original,,Pretty Crazy,Pretty Crazy,medium,Lim Yoona romantic comedy,train,,,,,,,,
COLORFUL STAGE! THE MOVIE: A MIKU WHO CANT SING,Japan,0,anime,1,Project Sekai,,,,,,game,P.A. Works,Colorful Stage! The Movie: A Miku Who Can't Sing,Colorful Stage! The Movie: A Miku Who Can't Sing,high,Based on rhythm game Project Sekai: Colorful Stage,train,,,,,,,,
BTS ARMY: FOREVER WE ARE YOUNG,United States,0,documentary,0,,,,,,,true_story,,,,medium,Documentary about BTS fans (ARMY),train,,,,,,,,
ELIO (3D),United States,0,animation,0,,,,,,,original,"Pixar Animation Studios, Disney",Elio (film),Elio (film),high,Format version of ELIO.,train,,,,,,,,
YOU ARE THE APPLE OF MY EYE,South Korea,0,live_action,0,,,,,,,remake,,,,medium,Korean remake of 2011 Taiwanese film (novel by Giddens Ko),train,,,,,,,,
STOLEN GIRL,United Kingdom,0,live_action,0,,,,,,,original,Iervolino & Lady Bacardi Entertainment,,,low,Thriller; origin and source not verified,train,,,,,,,,
THE STRANGERS: CHAPTER 2,United States,0,live_action,1,The Strangers,The Strangers: Chapter 1,2024.0,,,,remake,Lionsgate,The Strangers – Chapter 2,,high,Reboot trilogy of The Strangers (2008); release in Indonesia late Sep 2025,train,,,,,,,,
IMAGINE DRAGONS: LIVE FROM THE HOLLYWOOD BOWL (WITH THE LA FILM ORCHESTRA),United States,0,concert,0,,,,,,,other,,,,high,Concert film,train,,,,,,,,
SEVENTEEN [RIGHT HERE] WORLD TOUR IN CINEMAS,South Korea,0,concert,0,,,,,,,other,"HYBE, Pledis Entertainment",,,high,K-pop concert film,train,,,,,,,,
AGAK LAEN: MENYALA PANTIKU!,Indonesia,1,live_action,1,Agak Laen,Agak Laen,2024.0,9125188.0,https://amp.kompas.com/hype/read/2025/04/29/090702166/daftar-10-film-indonesia-terlaris-sepanjang-masa,2025-04-29,original,Imajinari,Agak Laen: Menyala Pantiku!,,high,Same four leads and director as Agak Laen (2024); new standalone story. Teaser trailer released 2025-09-20.,test,,,2025-09-20,,,yes,https://www.kompas.com/hype/read/2025/08/06/202515666/ada-teaser-trailer-agak-laen-menyala-pantiku-di-film-tinggal-meninggal,2025-08-06
AVATAR: FIRE AND ASH,United States,0,live_action,1,Avatar,Avatar: The Way of Water,2022.0,,,,original,Lightstorm Entertainment,Avatar: Fire and Ash,,high,"Title announced at D23 2024-08-09. First trailer shown with Fantastic Four in cinemas 2025-07-25, online 2025-07-28; full trailer 2025-09-25. Indonesian admissions of foreign predecessors are not published in a dated source; left blank.",test,20th Century Studios (Disney),2025-12-01,2025-07-28,,,yes,https://variety.com/2017/film/news/avatar-sequels-fox-1202187533/,2024-08-09
JANUR IRENG: SEWU DINO THE PREQUEL,Indonesia,1,live_action,1,Sewu Dino / SimpleMan universe (MD Pictures),Sewu Dino,2023.0,4891469.0,https://amp.kompas.com/hype/read/2025/04/29/090702166/daftar-10-film-indonesia-terlaris-sepanjang-masa,2025-04-29,viral_story,MD Pictures,,Janur Ireng,high,"Prequel to Sewu Dino; based on SimpleMan horror thread. Jawapos 2025-06-08 list gives 4,886,406.",test,,,,,,unknown,,
SAMPAI TITIK TERAKHIRMU,Indonesia,1,live_action,0,,,,,,,viral_story,"LYTO Pictures, Legacy Pictures, TIX ID",,Sampai Titik Terakhirmu,medium,"True story of Albi and Shella that went viral on TikTok (2021-2024); the real story was public by 2024-08-30 (Suara), but no pre-cutoff source announcing the film was found.",test,,,,,,unknown,https://www.liputan6.com/showbiz/read/6169881/poster-film-sampai-titik-terakhirmu-didominasi-warna-kuning-hijau-hangat-sekaligus-penuh-harapan,
SOSOK KETIGA: LINTRIK,Indonesia,1,live_action,1,Sosok Ketiga,Sosok Ketiga,2023.0,1162291.0,https://www.ngopibareng.id/read/film-sosok-ketiga-pamit-dari-bioskop-ditonton-1-161-291-penonton,2023,original,"Leo Pictures, Legacy Pictures, Role Entertainment, SL23, TIX ID",,Sosok Ketiga: Lintrik,medium,"Shares brand and producer with Sosok Ketiga (2023) but standalone story (not a sequel per Suara 2025-11-05). Predecessor 1,161,291 or 1,162,291 depending on source; >1M by 2023-07-12 per Liputan6.",test,,,,,,unknown,,
DANUR: THE LAST CHAPTER,Indonesia,1,live_action,1,Danur,Danur 3: Sunyaruri,2019.0,2416691.0,https://www.jawapos.com/amp/music-movie/016114349/25-film-horor-indonesia-terlaris-sepanjang-masa-raih-jutaan-penonton-di-bioskop?page=2,2025-06-08,novel,MD Pictures,Danur: The Last Chapter,,high,"Fourth main Danur film, based on Risa Saraswati books. Danur 1 2,736,391; Danur 2 2,572,871; spin-off Ivanna 2,793,775 (same Jawapos list).",test,,,,,,unknown,,
DUSUN MAYIT,Indonesia,1,live_action,0,,,,,,,viral_story,Hitmaker Studios,,,high,Adapted from a viral X thread by @JeroPoint about Mount Welirang; announced by Hitmaker Studios 2025-06-28 (date decoded from post ID).,test,,,,,,yes,https://x.com/HitMakeStudios/status/1938898821909741889,2025-06-28
NOW YOU SEE ME: NOW YOU DONT,United States,0,live_action,1,Now You See Me,Now You See Me 2,2016.0,,,,original,"Summit Entertainment, Cohen Pictures",Now You See Me: Now You Don't,,high,Premiere in Amsterdam. Trailer released before cutoff but exact date not verified. Indonesian admissions of foreign predecessors are not published in a dated source; left blank.,test,Lionsgate,2025-11-11,,,,yes,https://collider.com/why-now-you-see-me-2-wasnt-called-now-you-dont/,2025-04-03
COMIC 8 REVOLUTION SANTET K4BINET,Indonesia,1,live_action,1,Comic 8,Comic 8: Casino Kings Part 2,2016.0,1835644.0,https://entertainment.espos.id/film-box-office-komedi-mendominasi-inilah-10-film-indonesia-terlaris-kuartal-ii-737966,2016,original,Falcon Pictures,,Comic 8 Revolution: Santet K4bin3t,medium,Franchise reboot with new comedians chosen by open audition; audition announced by Falcon Pictures 2024-08-08 (Antara). Official trailer 2025-11-22 (after cutoff). Predecessor figure is Q2 2016 cumulative; publication date approximate (mid 2016).,test,,,,,,yes,https://www.antaranews.com/berita/4247651/falcon-pictures-gelar-audisi-pencarian-bakat-comic-8-revolution,2024-08-08
MODUAL NEKAD,Indonesia,1,live_action,1,Modal Nekad,Modal Nekad,2024.0,,,,original,"Starvision, Pabrik Cerita",,Modual Nekad,medium,"Sequel to Modal Nekad (2024-12-19), same director Imam Darto. Predecessor admissions not found in a dated source. No dated pre-cutoff source found (search budget exhausted).",test,,,,,,unknown,,
ZOOTOPIA 2,United States,0,animation,1,Zootopia,Zootopia,2016.0,,,,original,Walt Disney Animation Studios,Zootopia 2,,high,Trailer date per Wikipedia (an earlier teaser may exist). Indonesian admissions of foreign predecessors are not published in a dated source; left blank.,test,Walt Disney Studios Motion Pictures,2025-11-13,2025-09-29,,,yes,https://www.hollywoodreporter.com/movies/movie-news/annecy-sneak-peek-zootopia-2-1236290156/,2025-06-13
TUNGGU AKU SUKSES NANTI,Indonesia,1,live_action,0,,,,,,,original,"Rapi Films, Screenplay Films, Legacy Pictures, Vortera Studios, Navvaros Entertainment",,Tunggu Aku Sukses Nanti,medium,Original screenplay by Evelyn Afnilia. Earliest reference on id.wikipedia is 2026-02-03. No dated pre-cutoff source found (search budget exhausted).,test,,,,,,unknown,,
TIMUR,Indonesia,1,live_action,0,,,,,,,original,Uwais Pictures,,Timur (film),high,Iko Uwais directorial debut; release date announced on cutoff day. Teaser and poster came in early Oct 2025 (after cutoff).,test,,,,,,yes,https://www.suara.com/entertainment/2025/09/30/204500/film-timur-yang-disutradarai-iko-uwais-umumkan-tanggal-tayang,2025-09-30
WICKED: FOR GOOD,United States,0,live_action,1,Wicked,Wicked,2024.0,,,,other,"Universal Pictures, Marc Platt Productions",Wicked: For Good,,high,Stage musical adaptation (itself from the Gregory Maguire novel). Premiere Sao Paulo. Indonesian admissions of foreign predecessors are not published in a dated source; left blank.,test,Universal Pictures,2025-11-04,2025-06-04,,,yes,https://deadline.com/2022/04/wicked-universal-two-part-release-1235010059/,2022-04-26
PAPA ZOLA THE MOVIE,Malaysia,0,animation,1,BoBoiBoy,BoBoiBoy Movie 2,2019.0,,,,other,Monsta Studios,Papa Zola The Movie,,medium,Spin-off of the BoBoiBoy animated franchise (character Papa Zola). Teaser per Bernama 2025-03-05 'Monsta Releases Teaser Trailer For Papa Zola The Movie' (URL not captured). Malaysia release 2025-12-11. Indonesian admissions of foreign predecessors are not published in a dated source; left blank.,test,,2025-12-06,2025-03-05,,,yes,,2025-03-05
PANGKU,Indonesia,1,live_action,0,,,,,,,original,Gambar Gerak,,Pangku (film),high,English title On Your Lap. Reza Rahadian directorial debut; world premiere Busan IFF (Vision Asia) 2025-09-20 and Busan awards before cutoff. IMDb left blank: no Wayback snapshot could be checked.,test,,2025-09-20,,,,yes,https://variety.com/2025/film/news/reza-rahadian-on-your-lap-busan-vision-awards-1236529732/,2025-09-25
RANGGA & CINTA,Indonesia,1,live_action,1,Ada Apa dengan Cinta?,Ada Apa dengan Cinta? 2,2016.0,3626929.0,https://m.tribunnews.com/seleb/2016/06/01/36-juta-penonton-antarkan-ada-apa-dengan-cinta-2-ke-puncak-box-office-indonesia,2016-06-01,remake,Miles Films,Rangga & Cinta,,high,"Musical reimagining of Ada Apa dengan Cinta? (2002) with a new cast; world premiere Busan IFF (Window on Asian Cinema) 2025-09-18, so a pre-cutoff IMDb page may exist but no Wayback snapshot could be checked. Predecessor figure is AADC 2 as of 2016-05-31.",test,,2025-09-18,,,,yes,https://voi.id/lifestyle/385866/mira-lesmana-dan-riri-riza-gandeng-melly-goeslaw-dan-anto-hoed-untuk-garap-film-musikal-rangga-and-cinta,2024-05-31
PREDATOR: BADLANDS,United States,0,live_action,1,Predator,Prey,2022.0,,,,original,"20th Century Studios, Davis Entertainment, Lawrence Gordon Productions, Toberoff Entertainment",Predator: Badlands,,high,"Last theatrical Predator film was The Predator (2018); Prey (2022) and Killer of Killers (2025) were streaming only. Trailer pre-cutoff, exact date not verified. Indonesian admissions of foreign predecessors are not published in a dated source; left blank.",test,20th Century Studios (Disney),2025-11-03,,,,yes,https://deadline.com/2024/02/dan-trachtenberg-predator-movie-badlands-20th-century-expands-on-universe/,2024-02-09
GETIH IRENG,Indonesia,1,live_action,0,,,,,,,viral_story,"Hitmaker Studios, Legacy Pictures, KAI Pictures, Masih Belajar Pictures, DT Films",,Getih Ireng,medium,Based on a viral X thread by @JeroPoint. Earliest id.wikipedia ref is Liputan6 2025-10-01. info_public_before_cutoff=yes is inferred: national release within about 2.5 weeks after the cutoff means poster/trailer promotion ran before 2025-09-30; no dated URL captured (search budget exhausted).,test,,,,,,yes,,
PESUGIHAN SATE GAGAK,Indonesia,1,live_action,0,,,,,,,original,,,,low,"Comedy horror (dir. Etienne Caesar, Dono Pradana). Production house not verified. No dated pre-cutoff source found (search budget exhausted).",test,,,,,,unknown,,
"KAFIR, GERBANG SUKMA",Indonesia,1,live_action,1,Kafir,Kafir: Bersekutu dengan Setan,2018.0,,,,original,Starvision,,Kafir: Gerbang Sukma,medium,"Sequel to Kafir (2018), same director Azhar Kinoi Lubis. Predecessor admissions not found in a dated source (below the 2018 top 10, which all exceeded 1M).",test,,,,,,unknown,,
TUKAR TAKDIR,Indonesia,1,live_action,0,,,,,,,novel,"Starvision, Cinesurya, Legacy Pictures",,Tukar Takdir,high,Mouly Surya; based on the 2019 anthology/novel Tukar Takdir by Valiant Budi Yogi (plane crash survivor story). info_public_before_cutoff=yes is inferred: national release within about 2.5 weeks after the cutoff means poster/trailer promotion ran before 2025-09-30; no dated URL captured (search budget exhausted).,test,,,,,,yes,,
THE SPONGEBOB MOVIE: SEARCH FOR SQUAREPANTS,United States,0,animation,1,SpongeBob SquarePants,The SpongeBob Movie: Sponge on the Run,2020.0,,,,other,"Paramount Animation, Nickelodeon Movies",The SpongeBob Movie: Search for SquarePants,,high,Based on TV animated series. Premiere AFI Fest. Indonesian admissions of foreign predecessors are not published in a dated source; left blank.,test,Paramount Pictures,2025-10-26,2025-07-09,,,yes,https://deadline.com/2022/02/spongebob-squarepants-paramount-plus-movies-theatrical-1234933589/,2022-02-15
SUZZANNA: SANTET DOSA DI ATAS DOSA,Indonesia,1,live_action,1,Suzzanna (Soraya Intercine),Suzzanna: Malam Jumat Kliwon,2023.0,2189363.0,https://www.jawapos.com/amp/music-movie/016114349/25-film-horor-indonesia-terlaris-sepanjang-masa-raih-jutaan-penonton-di-bioskop?page=2,2025-06-08,remake,"Soraya Intercine Films, Legacy Pictures, Navvaros Entertainment",,Suzzanna: Santet Dosa di Atas Dosa,medium,"Third Soraya Suzzanna film. Suzzanna: Bernapas dalam Kubur (2018) had 3,346,185 (same source).",test,,,,,,unknown,,
SENGKOLO PETAKA SATU SURO,Indonesia,1,live_action,1,Sengkolo,Sengkolo: Malam Satu Suro,2024.0,,,,folklore,MVP Pictures,,Sengkolo: Petaka Satu Suro,medium,"Follow-up to Sengkolo: Malam Satu Suro (2024, MVP Pictures, dir. Hanny R. Saputra); sequel status inferred from title and producer. Predecessor admissions not found in a dated source. No dated pre-cutoff source found (search budget exhausted).",test,,,,,,unknown,,
QORIN 2,Indonesia,1,live_action,1,Qorin,Qorin,2022.0,1323008.0,https://www.popmama.com/life/health/alasan-film-qorin-masuk-kategori-17-plus-00-wz39d-ykhn94,2023-04-13,original,"Rapi Films, SL23",,,high,"Same director (Ginanti Rona) and writer as Qorin (2022), which was produced by IDN Pictures.",test,,,,,,yes,https://www.kabarindorayanews.com/2025/08/qorin-2-resmi-diluncurkansekuel-dari.html,2025-08
PENERBANGAN TERAKHIR,Indonesia,1,live_action,0,,,,,,,original,Visual Media Studio,,,low,Dir. Benni Setiawan. Source material not verified. No dated pre-cutoff source found (search budget exhausted).,test,,,,,,unknown,,
TUMBAL DARAH,Indonesia,1,live_action,0,,,,,,,original,,,,low,"Dir. Charles Gozali, prod. Linda Gozali and Salman Aristo. Production house not verified. Released 2025-10-23. No dated pre-cutoff source found (search budget exhausted).",test,,,,,,unknown,,
MERTUA NGERI KALI,Indonesia,1,live_action,0,,,,,,,original,Rapi Films,,,low,"Medan/Batak family comedy, dir. Key Mangunsong, prod. Chetan Samtani (Rapi Films, inferred from producer). No dated pre-cutoff source found (search budget exhausted).",test,,,,,,unknown,,
SHELTER,United Kingdom / United States,0,live_action,0,,,,,,,original,"Punch Palace Productions, Cinemachine, Stampede Ventures",Shelter (2026 film),,medium,Jason Statham action film; announced at Cannes market 2024 as untitled project (later retitled Shelter).,test,Black Bear Pictures,2026-01-20,,,,yes,https://deadline.com/2024/05/jason-statham-baltasar-kormakur-movie-black-bear-sales-cannes-1235913669/,2024-05-13
ESOK TANPA IBU,Indonesia,1,live_action,0,,,,,,,original,"BASE Entertainment, Beacon Film, Refinery Media",,Esok tanpa Ibu,medium,"Dir. Ho Wi Ding (Malaysian-born, Taiwan based); Refinery Media is Singaporean, so likely an international co-production. Earliest id.wikipedia ref is 2026-01-26. No dated pre-cutoff source found (search budget exhausted).",test,,,,,,unknown,,
TRON: ARES,United States,0,live_action,1,Tron,Tron: Legacy,2010.0,,,,original,"Walt Disney Pictures, Sean Bailey Productions",Tron: Ares,,high,Trailer date per Wikipedia (official trailer; an earlier teaser may exist). Indonesian admissions of foreign predecessors are not published in a dated source; left blank.,test,Walt Disney Studios Motion Pictures,2025-10-06,2025-07-17,,,yes,https://www.hollywoodreporter.com/movies/movie-news/tron-reboot-jared-leto-circling-lead-role-new-disney-film-982575/,2017-03-03
SHUTTER,Indonesia,1,live_action,0,,,,,,,remake,Falcon Pictures,,Shutter (film 2025),high,"Indonesian remake of the Thai horror film Shutter (2004), announced at Cannes market 2025.",test,,,,,,yes,https://en.kapanlagi.com/indonesian-movie/the-horror-film-shutter-will-be-made-in-an-indonesian-version-by-falcon-pictures-premiering-late-2025.html,2025-05-18
UNEXPECTED FAMILY,China,0,live_action,0,,,,,,,original,,,,low,"Chinese comedy drama (dir. Li Taiyan, prod. Han Sanping). Not researched further (search budget exhausted); source material and dates unverified.",test,,,,,,unknown,,
BLADES OF THE GUARDIANS,China / Hong Kong,0,live_action,0,,,,,,,comic,"Beijing Damai, Beijing Dengfeng International, Woo Ping Pictures, China Film Group and others",Blades of the Guardians,,high,Based on manhua Biao Ren by Xu Xianzhe; Wu Jing stars and produces. world_premiere_date = China release.,test,Beijing Dengfeng International (CN); Mandarin Motion Pictures (HK),2026-02-17,,,,yes,https://www.sohu.com/a/786786830_119038,2024-06-18
SENIN HARGA NAIK,Indonesia,1,live_action,0,,,,,,,original,"Starvision, Legacy Pictures",,,low,"Family comedy drama, dir. Dinna Jasanti; Lebaran 2026 release. No dated pre-cutoff source found (search budget exhausted).",test,,,,,,unknown,,
JEMBATAN SHIRATAL MUSTAQIM,Indonesia,1,live_action,0,,,,,,,original,Dee Company,,,medium,"Religious horror, dir. Bounty Umbara. info_public_before_cutoff=yes is inferred: national release within about 2.5 weeks after the cutoff means poster/trailer promotion ran before 2025-09-30; no dated URL captured (search budget exhausted).",test,,,,,,yes,,
AVATAR: FIRE AND ASH (IMAX 3D),United States,0,live_action,1,Avatar,Avatar: The Way of Water,2022.0,,,,original,Lightstorm Entertainment,Avatar: Fire and Ash,,high,"Format version of AVATAR: FIRE AND ASH; same profile. Title announced at D23 2024-08-09. First trailer shown with Fantastic Four in cinemas 2025-07-25, online 2025-07-28; full trailer 2025-09-25. Indonesian admissions of foreign predecessors are not published in a dated source; left blank.",test,20th Century Studios (Disney),2025-12-01,2025-07-28,,,yes,https://variety.com/2017/film/news/avatar-sequels-fox-1202187533/,2024-08-09
SEBELUM DIJEMPUT NENEK,Indonesia,1,live_action,0,,,,,,,original,Rapi Films,,,medium,Comedy horror. No dated pre-cutoff source found (search budget exhausted).,test,,,,,,unknown,,
KUYANK,Indonesia,1,live_action,1,Saranjana,Saranjana: Kota Gaib,2023.0,,,,folklore,DHF Entertainment (Darihati Films),,Kuyank,medium,"Prequel to Saranjana: Kota Gaib (2023), same director Johansyah Jumberan; Banjar/Kalimantan kuyang folklore. Not related to Kuyang (2024). Predecessor admissions not found in a dated source. Earliest film refs Dec 2025.",test,,,,,,unknown,,
KEADILAN (THE VERDICT),Indonesia / South Korea,1,live_action,0,,,,,,,original,"MD Pictures, JNC Media Group, Innikor Pictures",,Keadilan (film),medium,"Korean-Indonesian co-production in Indonesian, co-directed by Lee Chang-hee and Yusron Fuadi; story by Yoon Hyun-ho. Earliest id.wikipedia ref is 2025-10-23. No dated pre-cutoff source found (search budget exhausted).",test,,,,,,unknown,,
NA WILLA,Indonesia,1,live_action,0,,,,,,,novel,Visinema Pictures,,Na Willa,medium,Based on children's book series Na Willa by Reda Gaudiamo (2012). Director Ryan Adriandhy (Jumbo). Teaser 2025-12-29; earliest id.wikipedia ref is Antara 2025-11-12. No dated pre-cutoff source found (search budget exhausted).,test,,,,,,unknown,,
GOAT,United States,0,animation,0,,,,,,,original,"Sony Pictures Animation, Columbia Pictures, Unanimous Media, Modern Magic",Goat (2026 film),,high,Original animated sports comedy produced with Stephen Curry.,test,Sony Pictures Releasing,2026-02-06,,,,yes,https://deadline.com/2024/05/sony-pictures-animation-goat-stephen-curry-nba-all-star-weekend-1235944973/,2024-05-30
MAJU SEREM MUNDUR HOROR,Indonesia,1,live_action,0,,,,,,,original,,,,low,"Comedy horror, dir. Chiska Doppert. Production house not verified. No dated pre-cutoff source found (search budget exhausted).",test,,,,,,unknown,,
AIR MATA DI UJUNG SAJADAH 2,Indonesia,1,live_action,1,Air Mata di Ujung Sajadah,Air Mata di Ujung Sajadah,2023.0,3127671.0,http://web.archive.org/web/20250711003138/https://filmindonesia.or.id/film/penonton?tahun=2023,2025-07-11,original,Beehave Pictures,,Air Mata di Ujung Sajadah 2,medium,"Sequel, same director Key Mangunsong; first film by Beehave Pictures and Multi Buana Kreasindo (production house of the sequel inferred). Predecessor admissions not found in a dated source. No dated pre-cutoff source found (search budget exhausted).",test,,,,,,unknown,,
GREENLAND 2 : MIGRATION,United States / United Kingdom,0,live_action,1,Greenland,Greenland,2020.0,,,,original,"STXfilms, Anton, Thunder Road Films, G-BASE, Cinemachine",Greenland 2: Migration,,high,Indonesian admissions of foreign predecessors are not published in a dated source; left blank.,test,Lionsgate,2026-01-06,,,,yes,https://variety.com/2024/film/global/gerard-butler-greenland-sequel-migration-lionsgate-1235985380/,2024-05-09
MUSUH DALAM SELIMUT,Indonesia,1,live_action,0,,,,,,,original,Narasi Semesta,,,low,"Domestic drama, dir. Hadrah Daeng Ratu. Source material not verified. No dated pre-cutoff source found (search budget exhausted).",test,,,,,,unknown,,
RIBA,Indonesia,1,live_action,0,,,,,,,original,,,,low,"Full title Riba (Getih Anak); horror, dir. Adhe Dharmastriya. Production house not verified. No dated pre-cutoff source found (search budget exhausted).",test,,,,,,unknown,,
PATAH HATI YANG KUPILIH,Indonesia,1,live_action,0,,,,,,,original,Sinemaku Pictures,,,low,"Family drama, dir. Danial Rifki. Source material not verified. No dated pre-cutoff source found (search budget exhausted).",test,,,,,,unknown,,
PELANGI DI MARS,Indonesia,1,live_action,0,,,,,,,original,"Mahakarya Pictures, MBK Productions",,Pelangi di Mars,high,Original family sci-fi with live action and CGI/XR virtual production (dir. Upie Guava).,test,,,,,,yes,https://www.tempo.co/teroka/astronot-perempuan-pertama-indonesia-jadi-inspirasi-film-pelangi-di-mars-2059607,2025-08-16
PANDA PLAN: THE MAGICAL TRIBE,China,0,live_action,1,Panda Plan,Panda Plan,2024.0,,,,original,"Emei Film Group, Maoyan, Beijing Enlight Media, Huaxia Film Distribution",Panda Plan: The Magical Tribe,,high,Jackie Chan; Chinese New Year 2026 release (world_premiere_date = China release). Indonesian admissions of foreign predecessors are not published in a dated source; left blank.,test,HY Media,2026-02-17,,,,yes,https://www.sohu.com/a/893372495_122177422,2025-04-26
THE HOUSEMAID,United States,0,live_action,0,,,,,,,novel,"Hidden Pictures, Pretty Dangerous Pictures",The Housemaid (2025 film),,high,Based on the 2022 bestselling novel by Freida McFadden. Project announced well before 2025 (2024 casting).,test,Lionsgate,2025-12-02,,,,yes,https://deadline.com/2025/09/sydney-sweeney-amanda-seyfried-the-housemaid-release-date-1236504902/,2025-09-03
UANG PASSOLO,Indonesia,1,live_action,0,,,,,,,original,"786 Production, Rumpi Entertainment, Timur Pictures",,,low,"Makassar regional film (Bugis-Makassar language/culture), narrow release (36 cinemas). No dated pre-cutoff source found (search budget exhausted).",test,,,,,,unknown,,
DOPAMIN,Indonesia,1,live_action,0,,,,,,,original,"Starvision, Karuna Pictures",,Dopamin (film),medium,Dir. Teddy Soeriaatmadja. No dated pre-cutoff source found (search budget exhausted).,test,,,,,,unknown,,
HOPPERS,United States,0,animation,0,,,,,,,original,Pixar Animation Studios,Hoppers (film),,high,Original Pixar film. First teaser attached to Elio (released 2025-06-20); exact day not verified.,test,Walt Disney Studios Motion Pictures,2026-02-23,2025-06,,,yes,https://deadline.com/2024/08/hoppers-pixar-new-movie-jon-hamm-bobby-moynihan-1236036385/,2024-08-10
DANYANG WINGIT JUMAT KLIWON,Indonesia,1,live_action,0,,,,,,,folklore,,,,low,"Javanese mystic horror, dir. Agus Riyanto; small release (57 cinemas). Production house and source not verified. No dated pre-cutoff source found (search budget exhausted).",test,,,,,,unknown,,
FIVE NIGHTS AT FREDDYS 2,United States,0,live_action,1,Five Nights at Freddy's,Five Nights at Freddy's,2023.0,,,,game,Blumhouse Productions,Five Nights at Freddy's 2 (film),,high,Sequel announced 2023-2024 (earlier sources exist). Teaser released before cutoff but exact date not verified. Indonesian admissions of foreign predecessors are not published in a dated source; left blank.,test,Universal Pictures,2025-12-02,,,,yes,https://collider.com/five-nights-at-freddys-2-cast-skeet-ulrich-scream-reunion-matthew-lillard/,2025-07-24
"TUHAN, BENARKAH KAU MENDENGARKU?",Indonesia,1,live_action,0,,,,,,,original,"Paragon Pictures, Ideosource Entertainment",,,low,"Religious drama, dir. Jay Sukmo. Source material not verified. No dated pre-cutoff source found (search budget exhausted).",test,,,,,,unknown,,
RUMAH TANPA CAHAYA,Indonesia,1,live_action,0,,,,,,,original,"Citra Sinema, SinemArt",,,low,"Family drama, dir. Odi Harahap. Source material not verified. No dated pre-cutoff source found (search budget exhausted).",test,,,,,,unknown,,
ANACONDA,United States,0,live_action,1,Anaconda,Anaconda,1997.0,,,,remake,"Columbia Pictures, Fully Formed Entertainment",Anaconda (2025 film),,high,Meta comedy reboot of Anaconda (1997) with Jack Black and Paul Rudd.,test,Sony Pictures Releasing,2025-12-13,,,,yes,https://people.com/anaconda-first-photos-paul-rudd-jack-black-remake-exclusive-11809983,2025-09-16
CRIME 101,United States / United Kingdom,0,live_action,0,,,,,,,novel,"Working Title Films, Raw, Wild State, The Story Factory",Crime 101 (2026 film),,high,Based on Don Winslow novella Crime 101.,test,Amazon MGM Studios (US); Sony Pictures Releasing International,2026-01-28,,,,yes,https://deadline.com/2023/08/chris-hemsworth-pedro-pascal-don-winslow-crime-101-bart-layton-amazon-netflix-auction-bidding-battle-1235530106,2023-08-28
SCREAM 7,United States,0,live_action,1,Scream,Scream VI,2023.0,,,,original,"Spyglass Media Group, Project X Entertainment",Scream 7,,high,"First trailer 2025-10-30 (after cutoff, so trailer_date blank). Indonesian admissions of foreign predecessors are not published in a dated source; left blank.",test,Paramount Pictures,2026-02-25,,,,yes,https://www.hollywoodreporter.com/movies/movie-news/christopher-landon-to-direct-scream-7-1235549639/,2023-08-02
SUKA DUKA TAWA,Indonesia,1,live_action,0,,,,,,,original,"BION Sinema, Spasi Moving Image",,,low,"Family comedy drama, dir. Aco Tenriyagelli. No dated pre-cutoff source found (search budget exhausted).",test,,,,,,unknown,,
YAKIN NIKAH,Indonesia,1,live_action,0,,,,,,,original,Adhya Pictures,,,medium,"Romantic drama, dir. Pritagita Arianegara. info_public_before_cutoff=yes is inferred: national release within about 2.5 weeks after the cutoff means poster/trailer promotion ran before 2025-09-30; no dated URL captured (search budget exhausted).",test,,,,,,yes,,
WHISTLE,Canada / Ireland,0,live_action,0,,,,,,,original,"No Trace Camping, Wild Atlantic Pictures",Whistle (2025 film),,medium,"World premiere Fantastic Fest 2025-09-25 (before cutoff), but no Wayback IMDb snapshot could be checked (web.archive.org not reachable), so IMDb left blank.",test,Elevation Pictures (CA); Black Bear (UK/IE),2025-09-25,2025-07-28,,,yes,https://deadline.com/2023/10/dafne-keen-sophie-nelisse-percy-hynes-white-nick-frost-horror-movie-whistle-corin-hardy-1235578350/,2023-10-19
KUNCEN,Indonesia,1,live_action,0,,,,,,,original,,,,low,"Horror, dir. Jose Poernomo. Production house and source not verified. No dated pre-cutoff source found (search budget exhausted).",test,,,,,,unknown,,
WASIAT WARISAN,Indonesia,1,live_action,0,,,,,,,original,PIM Pictures,,,low,"Batak family drama, dir. Agustinus Sitorus; narrow release (40 cinemas). No dated pre-cutoff source found (search budget exhausted).",test,,,,,,unknown,,
"ANTARA MAMA, CINTA DAN SURGA",Indonesia,1,live_action,0,,,,,,,original,PIM Pictures,,,low,"Full title Antara Mama, Cinta dan Surga: Bahasa Cinta Nommensen; Batak family drama by Agustinus Sitorus (same team as Wasiat Warisan). No dated pre-cutoff source found (search budget exhausted).",test,,,,,,unknown,,
BLACK PHONE 2,United States,0,live_action,1,The Black Phone,The Black Phone,2022.0,,,,other,"Blumhouse Productions, Crooked Highway",Black Phone 2,,high,"Original film based on Joe Hill short story; sequel is an original story. Premiered Fantastic Fest 2025-09-20 (before cutoff); IMDb left blank because no Wayback snapshot could be checked. Trailer pre-cutoff, exact date not verified. Indonesian admissions of foreign predecessors are not published in a dated source; left blank.",test,Universal Pictures,2025-09-20,,,,yes,https://deadline.com/2023/11/black-phone-2-ethan-hawke-1235642634,2023-11-29
REST AREA,Indonesia,1,live_action,0,,,,,,,original,Mahakarya Pictures,,,medium,"Horror, dir. Aditya Testarossa. info_public_before_cutoff=yes is inferred: national release within about 2.5 weeks after the cutoff means poster/trailer promotion ran before 2025-09-30; no dated URL captured (search budget exhausted).",test,,,,,,yes,,
AVATAR: FIRE AND ASH (3D),United States,0,live_action,1,Avatar,Avatar: The Way of Water,2022.0,,,,original,Lightstorm Entertainment,Avatar: Fire and Ash,,high,"Format version of AVATAR: FIRE AND ASH; same profile. Title announced at D23 2024-08-09. First trailer shown with Fantastic Four in cinemas 2025-07-25, online 2025-07-28; full trailer 2025-09-25. Indonesian admissions of foreign predecessors are not published in a dated source; left blank.",test,20th Century Studios (Disney),2025-12-01,2025-07-28,,,yes,https://variety.com/2017/film/news/avatar-sequels-fox-1202187533/,2024-08-09
"CHECK OUT SEKARANG, PAY LATER (CAPER)",Indonesia,1,live_action,0,,,,,,,original,"Scovi Films, Rapi Films",,,low,"Comedy drama, dir. Surya Ardy Octaviand. No dated pre-cutoff source found (search budget exhausted).",test,,,,,,unknown,,
TITIP BUNDA DI SURGA-MU,Indonesia,1,live_action,0,,,,,,,original,"RRK Pictures, Spectrum Film",,,low,"Family drama, dir. Hanny R. Saputra. Source material not verified. No dated pre-cutoff source found (search budget exhausted).",test,,,,,,unknown,,
28 YEARS LATER: THE BONE TEMPLE,United Kingdom / United States,0,live_action,1,28 Days Later,28 Years Later,2025.0,,,,original,"Columbia Pictures, Decibel Films, DNA Films",28 Years Later: The Bone Temple,,high,"Wikipedia cites a trailer dated 2025-09-05, not verified, so trailer_date left blank. Indonesian admissions of foreign predecessors are not published in a dated source; left blank.",test,Sony Pictures Releasing,2026-01-13,,,,yes,https://deadline.com/2024/04/candyman-nia-dacosta-28-years-later-part-2-1236880839/,2024-04-10
ROSARIO,United States,0,live_action,0,,,,,,,original,"Silk Mass, Mucho Mas Media, Highland Film Group",Rosario (2025 film),,high,"US theatrical release 2025-05-02 (world_premiere_date = first release). Released before cutoff, so a pre-cutoff IMDb rating existed, but no Wayback snapshot could be checked; left blank.",test,Mucho Mas Releasing (US),2025-05-02,,,,yes,https://variety.com/2023/film/global/david-dastmalchian-jose-zuniga-rosario-1235774060/,2023-10-31
JANGAN PANGGIL MAMA KAFIR,Indonesia,1,live_action,0,,,,,,,original,"Sinergi Pictures, BEN Films, Rocket Studio Entertainment, Maxima Pictures",,,medium,"Interfaith family drama, dir. Dyan Sunu Prastowo. Source material not verified. info_public_before_cutoff=yes is inferred: national release within about 2.5 weeks after the cutoff means poster/trailer promotion ran before 2025-09-30; no dated URL captured (search budget exhausted).",test,,,,,,yes,,
THE CURSED,South Korea,0,live_action,0,,,,,,,original,,,,low,"Korean horror (dir. Hong Won-ki). Not researched further (search budget exhausted); Korean title, release dates and source unverified.",test,,,,,,unknown,,
SI PALING AKTOR,Indonesia,1,live_action,0,,,,,,,original,MD Pictures,,,medium,"Comedy, dir. Ody Harahap. Released 2025-10-30. No dated pre-cutoff source found (search budget exhausted).",test,,,,,,unknown,,
AIUEO MACAM BETOOL AJA,Indonesia,1,live_action,0,,,,,,,original,TCK Entertainment,,,low,"Listed as AIU-EO: Macam Betool Aja! on id.wikipedia 2026 list; romantic comedy, dir. Etienne Caesar. Title uses Malay slang; possible Malaysian involvement not verified. No dated pre-cutoff source found (search budget exhausted).",test,,,,,,unknown,,
WUTHERING HEIGHTS,United Kingdom / United States,0,live_action,0,,,,,,,novel,"MRC, LuckyChap Entertainment, Lie Still",Wuthering Heights (2026 film),,high,Adaptation of Emily Bronte novel; Margot Robbie and Jacob Elordi.,test,Warner Bros. Pictures,2026-01-28,2025-09-03,,,yes,https://www.digitalspy.com/movies/a61586390/emerald-fennell-wuthering-heights/,2024-07-13
PENGIN HIJRAH,Indonesia,1,live_action,0,,,,,,,original,,,,low,"Religious drama, dir. Jastis Arimba (Hayya films). Production house and source not verified. Released 2025-10-30. No dated pre-cutoff source found (search budget exhausted).",test,,,,,,unknown,,
LEGENDA KELAM MALIN KUNDANG,Indonesia,1,live_action,0,,,,,,,folklore,Come and See Pictures; Rapi Films; Legacy Pictures,,Legenda Kelam Malin Kundang,high,Announced by Joko Anwar 2025-05-19 (producer and writer); modern take on Minangkabau legend,test,,2025-11-27,,,,yes,https://www.cnnindonesia.com/hiburan/20250520105915-220-1231047/joko-anwar-umumkan-film-legenda-kelam-malin-kundang-gaet-rio-dewanto,2025-05-20
AIR MATA MUALAF,Indonesia,1,live_action,0,,,,,,,original,Merak Abadi Production,,Air Mata Mualaf,medium,"Religious drama with Acha Septriasa, shot in Sydney 2024; whether inspired by a true story not verified",test,,2025-11-27,,,,yes,https://pop.matamata.com/read/2024/09/29/143930/syuting-di-sydney-acha-septriasa-bintangi-film-air-mata-mualaf,2024-09-29
STOLEN GIRL,United States,0,live_action,0,,,,,,,original,Iervolino & Lady Bacardi Entertainment (inferred from producers),Stolen Girl (2025 film),,low,Action thriller with Kate Beckinsale and Scott Eastwood; not the TV series Stolen Girl; en.wikipedia article created 2025-11-25; source material and premiere not verified,test,,,,,,unknown,https://en.wikipedia.org/wiki/Stolen_Girl_(2025_film),
THE STRANGERS: CHAPTER 3,United States,0,live_action,1,The Strangers,The Strangers – Chapter 2,2025.0,,,,remake,,The Strangers – Chapter 3,,high,Final part of reboot trilogy of The Strangers (2008); predecessor opened in Indonesia 2025-10-01 so no pre-cutoff admissions can exist; US distributor Lionsgate,test,,2026-01-15,,,,yes,https://en.wikipedia.org/w/index.php?oldid=1313743137,2025-09-27
THE STRANGERS: CHAPTER 2,United States,0,live_action,1,The Strangers,The Strangers: Chapter 1,2024.0,,,,remake,,The Strangers – Chapter 2,,high,Reboot trilogy part 2; US release 2025-09-26 (Lionsgate); Indonesian admissions of Chapter 1 not published; IMDb latest pre-cutoff snapshot (2025-07-30) is pre-release with no rating,test,,2025-09-16,,,,yes,https://en.wikipedia.org/w/index.php?oldid=1314349341,2025-09-30
THE FIRST RIDE,South Korea,0,live_action,0,,,,,,,original,,The First Ride,The First Ride,high,"Comedy adventure with Kang Ha-neul, Cha Eun-woo; Korean distributor Showbox",test,,2025-10-29,,,,yes,https://en.wikipedia.org/w/index.php?oldid=1312942536,2025-09-23
MERCY,United States,0,live_action,0,,,,,,,original,Amazon MGM Studios,Mercy (2026 film),Mercy (film 2026),high,"Chris Pratt, Rebecca Ferguson; international release by Sony Pictures Releasing International; date is US release",test,,2026-01-23,,,,yes,https://en.wikipedia.org/w/index.php?oldid=1310398524,2025-09-09
DEATH WHISPERER 3,Thailand,0,live_action,1,Death Whisperer (Tee Yod),Death Whisperer 2,2024.0,,,,novel,Major Joint Film; BEC World,Death Whisperer 3,,high,Thai horror franchise based on Krittanon's Tee Yod writings; predecessor released in Indonesia 2024-11-27 but no dated Indonesian admissions figure found,test,,2025-10-01,,,,yes,https://en.wikipedia.org/w/index.php?oldid=1314315732,2025-09-30
BALAS BUDI,Indonesia,1,live_action,0,,,,,,,original,Im-a-gin-e; Anami Films,,Balas Budi,medium,Romantic comedy with Michelle Ziudith and Yoshi Sudarso; no pre-cutoff source found,test,,2026-02-05,,,,unknown,https://filmindonesia.or.id/film/lf-b009-26-569002,
PRIMATE,United States,0,live_action,0,,,,,,,original,18hz Productions,Primate (2025 film),Primate (film 2025),high,Premiered Fantastic Fest; Paramount; IMDb pre-cutoff snapshot not retrievable,test,,2025-09-18,,,,yes,https://en.wikipedia.org/w/index.php?oldid=1314293277,2025-09-30
WICKED: FOR GOOD (IMAX 2D),United States,0,live_action,1,Wicked,Wicked,2024.0,,,,other,Universal Pictures; Marc Platt Productions,Wicked: For Good,Wicked: For Good,high,Based on stage musical and Maguire novel; date is US release; Indonesian admissions of Wicked (2024) not published; format version of WICKED: FOR GOOD,test,,2025-11-21,,,,yes,https://en.wikipedia.org/w/index.php?oldid=1314140043,2025-09-29
WILDCAT,United States,0,live_action,0,,,,,,,original,Capstone Pictures,Wildcat (2025 film),,medium,Kate Beckinsale action thriller; date is US release; IMDb snapshot 2025-08-20 shows no rating,test,,2025-11-25,,,,yes,https://en.wikipedia.org/w/index.php?oldid=1296295385,2025-06-19
SISU: ROAD TO REVENGE,Finland,0,live_action,1,Sisu,Sisu,2022.0,,,,original,Stage 6 Films; Subzero Film Entertainment; Good Chaos,Sisu: Road to Revenge,Sisu: Road to Revenge,high,"Finland and US co-production, Sony Screen Gems worldwide; premiered Fantastic Fest; IMDb snapshot 2025-09-15 had no votes; predecessor Indonesian admissions not published",test,,2025-09-21,,,,yes,https://en.wikipedia.org/w/index.php?oldid=1313798474,2025-09-28
DANUR: THE LAST CHAPTER (IMAX 2D),Indonesia,1,live_action,1,Danur,Danur 3: Sunyaruri,2019.0,2416691.0,https://www.inilah.com/daftar-50-film-indonesia-terlaris-sepanjang-masa,2024-05-09,novel,MD Pictures,Danur: The Last Chapter,Danur: The Last Chapter,high,"Announced as Danur 4 (cast reveal 2025-02-21); final title announced 2026-01-12; same source lists Danur (2017) 2,736,391 and Danur 2: Maddah (2018) 2,572,871; spin-offs Asih and Ivanna (2022, 2,951,204); based on Risa Saraswati books; Lebaran 2026 release with IMAX; format version of DANUR: THE LAST CHAPTER",test,MD Pictures,2026-03-18,,,,yes,https://mdentertainment.com/pictures/id/news-id/danur-4/,2025-02-21
JANGAN SEPERTI BAPAK,Indonesia,1,live_action,0,,,,,,,original,Amazing Grace Production (reported as JHN Production in 2024),,Jangan Seperti Bapak,medium,Action drama starring Zee Asadel (ex JKT48); long gap between shooting and release,test,,2026-02-12,,,,yes,https://www.popline.id/music/75570747/lulus-dari-jkt48-zee-main-film-jangan-seperti-bapak,2024-09-15
THE RUNNING MAN,United Kingdom; United States,0,live_action,0,,,,,,,novel,Kinberg Genre; Complete Fiction,The Running Man (2025 film),The Running Man (film 2025),high,"New Stephen King adaptation by Edgar Wright (1987 film is an earlier adaptation, not a predecessor); Paramount; date is US release",test,,2025-11-14,,,,yes,https://en.wikipedia.org/w/index.php?oldid=1314203189,2025-09-30
THE SMASHING MACHINE,United States,0,live_action,0,,,,,,,true_story,A24; Seven Bucks Productions; Out for the Count; Magnetic Fields Entertainment,The Smashing Machine (2025 film),The Smashing Machine,high,Mark Kerr biopic (based on 2002 documentary); Venice premiere; rating not extractable from pre-cutoff IMDb snapshot,test,,2025-09-01,,,,yes,https://en.wikipedia.org/w/index.php?oldid=1314337611,2025-09-30
WE BURY THE DEAD,Australia; United States,0,live_action,0,,,,,,,original,The Penguin Empire; Campfire Studios; Gramercy Park Media; Giant Leap Media,We Bury the Dead,We Bury the Dead,high,Premiered SXSW; IMDb 7.1 from 116 votes at snapshot,test,,2025-03-09,,7.1,https://web.archive.org/web/20250531152106/https://www.imdb.com/title/tt29713093/?ref_=fn_all_ttl_1,yes,https://en.wikipedia.org/w/index.php?oldid=1313376564,2025-09-25
ZOOTOPIA 2 (IMAX 2D),United States,0,animation,1,Zootopia,Zootopia,2016.0,,,,original,Walt Disney Animation Studios,Zootopia 2,Zootopia 2,high,Disney; date is US release; predecessor Indonesian admissions not published; format version of ZOOTOPIA 2,test,,2025-11-26,,,,yes,https://en.wikipedia.org/w/index.php?oldid=1314288325,2025-09-30
TEMAN TEGAR MAIRA,Indonesia,1,live_action,1,Tegar,Tegar,2022.0,1183928.0,http://web.archive.org/web/20250803121148/https://filmindonesia.or.id/film/penonton?tahun=2022,2025-08-03,original,Aksa Bumi Langit (producer of Tegar; not verified for sequel),,Teman Tegar Maira,medium,"Sequel to Tegar (released 2022-11-24); no dated cinema admissions for Tegar found (reported 1.7M+ reach mostly via school screenings, not comparable)",test,,2026-02-05,,,,unknown,https://www.betahita.id/berita/11783/film-teman-tegar-maira-dua-sekawan-cerita-papua,
5 CENTIMETERS PER SECOND (LIVE ACTION),Japan,0,live_action,1,5 Centimeters per Second,5 Centimeters per Second (anime),2007.0,,,,remake,,,,medium,"Live action remake of Makoto Shinkai anime, directed by Yoshiyuki Okuyama, lead Hokuto Matsumura; announced 2024-09-22 and released in Japan 2025-10-10 per Wikipedia (no dated primary URL); the 2007 anime was re-released in Indonesia on 2026-01-17",test,,2025-10-10,,,,yes,https://en.wikipedia.org/wiki/5_Centimeters_per_Second,2024-09-22
PENUNGGU RUMAH: BUTO IJO,Indonesia,1,live_action,0,,,,,,,folklore,,,Penunggu Rumah: Buto Ijo,medium,"Family friendly horror based on Timun Mas folklore; Gandhi Fernando producer, writer and lead; production company not verified; id.wikipedia article created 2025-11-22",test,,2026-01-15,,,,unknown,https://www.liputan6.com/showbiz/read/6250231/gandhi-fernando-bahas-film-penunggu-rumah-buto-ijo-menafsir-keserakahan-dan-pilihan-hidup-manusia,
MARTY SUPREME,United States,0,live_action,0,,,,,,,original,A24; Central Group,Marty Supreme,Marty Supreme,high,"Loosely inspired by table tennis player Marty Reisman; premiere date (NYFF) from own knowledge, low confidence for that field",test,,2025-10-06,,,,yes,https://en.wikipedia.org/w/index.php?oldid=1314059591,2025-09-29
KEEPER,United States,0,live_action,0,,,,,,,original,Oddfellows,Keeper (2025 film),Keeper (film 2025),high,Osgood Perkins horror; Neon; date is US release,test,,2025-11-14,,,,yes,https://en.wikipedia.org/w/index.php?oldid=1311659708,2025-09-16
SADALI,Indonesia,1,live_action,1,Hidup Ini Terlalu Banyak Kamu (Pidi Baiq),Hidup Ini Terlalu Banyak Kamu,2024.0,,,,novel,MVP Pictures,,Sadali (film),medium,"Sequel to Hidup Ini Terlalu Banyak Kamu (released 2024-11-21, MVP); no dated admissions for predecessor found",test,,2026-02-05,,,,unknown,https://www.antaranews.com/berita/5359822/sadalilanjutkan-kisah-best-seller-hidup-ini-terlalu-banyak-kamu,
AHLAN SINGAPORE,Indonesia,1,live_action,0,,,,,,,original,MD Pictures (with Singapore Tourism Board),,Ahlan Singapore,medium,Romance with Rebecca Klopper and Kiesha Alvaro; shot in Singapore September 2025,test,MD Pictures,2026-02-05,,,,unknown,https://en.tempo.co/read/2085654/ahlan-singapore-movie-highlights-muslim-friendly-travel,
PROJECT Y,South Korea,0,live_action,0,,,,,,,original,Wow Point; Climax Studio,Project Y (film),Project Y (film),high,TIFF premiere then Busan 2025-09-18; Korean distributor Plus M; IMDb snapshot 2025-09-25 had no rating,test,,2025-09-10,,,,yes,https://en.wikipedia.org/w/index.php?oldid=1313525807,2025-09-26
TIN SOLDIER,United States,0,live_action,0,,,,,,,original,Unified Pictures; Current Entertainment; Road Less Traveled,Tin Soldier (film),Tin Soldier (film),high,"First release Russia 2025-05-29, US 2025-09-12 (Samuel Goldwyn); IMDb 3.4 from 2354 votes at snapshot",test,,2025-05-29,,3.4,https://web.archive.org/web/20250703073630/https://www.imdb.com/title/tt20258920/,yes,https://en.wikipedia.org/w/index.php?oldid=1314328398,2025-09-30
THE BRIDE!,United States,0,live_action,0,,,,,,,other,First Love Films; In the Current Company,The Bride!,The Bride!,high,Reimagining of Bride of Frankenstein (Frankenstein material); Warner Bros.; date is US release,test,,2026-03-06,,,,yes,https://en.wikipedia.org/w/index.php?oldid=1313876871,2025-09-28
"GOOD LUCK, HAVE FUN, DONT DIE",United States; Germany,0,live_action,0,,,,,,,original,3 Arts Entertainment; Blind Wink Productions; Constantin Film; Robert Kulzer Productions; WAM Films,"Good Luck, Have Fun, Don't Die",,high,Gore Verbinski; premiered Fantastic Fest; IMDb pre-cutoff snapshot not retrievable,test,,2025-09-24,,,,yes,https://en.wikipedia.org/w/index.php?oldid=1313882187,2025-09-28
I WAS A STRANGER,United States,0,live_action,0,,,,,,,original,,I Was a Stranger,,medium,Premiered Berlinale 2024 under title The Stranger's Case (premiere date per current Wikipedia); US release 2025-12-31; IMDb not checked,test,,2024-02-23,,,,yes,https://en.wikipedia.org/wiki/I_Was_a_Stranger,2024-02-23
BIDADARI SURGA,Indonesia,1,live_action,0,,,,,,,original,Max Pictures,,Bidadari Surga,medium,"Religious romantic comedy; shot around 2021 to 2022 and delayed about 5 years (pandemic, editing); not the 2012 Tere Liye adaptation; no dated pre-cutoff source found",test,,2026-01-15,,,,unknown,https://www.tempo.co/teroka/alasan-film-bidadari-surga-baru-tayang-januari-2026-2106233,
MOON THE PANDA,France,0,live_action,0,,,,,,,original,,,,low,"French family film Moon, le panda by Gilles de Maistre (Gaumont); French release April 2025 from own knowledge, no dated URL verified",test,,2025-04,,,,yes,,
TRON: ARES (IMAX 2D),United States,0,live_action,1,Tron,Tron: Legacy,2010.0,,,,other,Walt Disney Pictures; Sean Bailey Productions,Tron: Ares,Tron: Ares,high,Disney; date is US release; predecessor Indonesian admissions not published; format version of TRON: ARES,test,,2025-10-10,,,,yes,https://en.wikipedia.org/w/index.php?oldid=1314282803,2025-09-30
NUMBER ONE,South Korea,0,live_action,0,,,,,,,novel,By4M Studio,Number One (2026 film),Number One (film 2026),medium,"Based on Japanese novel by Sora Uwano; Choi Woo-shik; en.wikipedia article created 2026-02-27, no pre-cutoff source checked",test,,2026-02-11,,,,unknown,https://en.wikipedia.org/wiki/Number_One_(2026_film),
THE TOXIC AVENGER,United States,0,live_action,1,The Toxic Avenger,The Toxic Avenger,1984.0,,,,remake,,The Toxic Avenger (2023 film),,high,"Remake of 1984 Troma film; premiered Fantastic Fest 2023, US release 2025-08-29 (Cineverse); no meaningful Indonesian predecessor admissions; IMDb snapshot unreadable",test,,2023-09-21,,,,yes,https://en.wikipedia.org/w/index.php?oldid=1313601739,2025-09-27
"13 DAYS, 13 NIGHTS",France; Belgium,0,live_action,0,,,,,,,true_story,Chapter 2 Productions; Pathe; M6 Films; Umedia; Canal+,"13 Days, 13 Nights","13 Days, 13 Nights",high,"Kabul evacuation 2021, based on Mohamed Bida's account; Cannes premiere; IMDb 7.0 from 430 votes at snapshot",test,,2025-05-23,,7.0,https://web.archive.org/web/20250902153258/https://www.imdb.com/title/tt28291010/,yes,https://en.wikipedia.org/w/index.php?oldid=1314331934,2025-09-30
MURDER REPORT,South Korea,0,live_action,0,,,,,,,original,,,,medium,"Korean title Murderer Report (Jo Yeo-jeong, Jung Sung-il); Korea release 2025-09-05; archived IMDb capture exists but rating not readable",test,,2025-09-05,,,,yes,https://web.archive.org/web/20250911060938/https://www.imdb.com/title/tt37718411/,2025-09-11
BLADES OF THE GUARDIANS (IMAX 2D),China,0,live_action,0,,,,,,,comic,Damai Entertainment; Beijing Dengfeng International Culture Communications; Woo Ping Pictures,Blades of the Guardians,Blades of the Guardians,high,"Yuen Woo-ping wuxia based on manhua Biao Ren, Wu Jing; pre-cutoff infobox listed Alibaba Pictures; China release Chinese New Year 2026; format version of BLADES OF THE GUARDIANS",test,,2026-02-17,,,,yes,https://en.wikipedia.org/w/index.php?oldid=1303176051,2025-07-29
PREDATOR: BADLANDS (IMAX 2D),United States,0,live_action,1,Predator,The Predator,2018.0,,,,other,Davis Entertainment; Lawrence Gordon Productions,Predator: Badlands,Predator: Badlands,high,"20th Century Studios; last theatrical entry The Predator (2018), Prey (2022) and Killer of Killers (2025) were streaming only; date is US release; format version of PREDATOR: BADLANDS",test,,2025-11-07,,,,yes,https://en.wikipedia.org/w/index.php?oldid=1313835420,2025-09-28
REGRETTING YOU,United States; Germany,0,live_action,0,,,,,,,novel,Constantin Film; Harbinger Pictures; Frayed Pages Entertainment; Heartbones Entertainment,Regretting You,Regretting You (film),high,Colleen Hoover novel; Paramount worldwide; first release Germany,test,,2025-10-23,,,,yes,https://en.wikipedia.org/w/index.php?oldid=1312877611,2025-09-23
THE CARPENTERS SON,France; United States,0,live_action,0,,,,,,,other,Cinenovo; Spacemaker Productions; Saturn Films; Anonymous Content; BlueLight,The Carpenter's Son,The Carpenter's Son,high,Nicolas Cage; based on Infancy Gospel of Thomas; Magnolia (US); date is US release,test,,2025-11-14,,,,yes,https://en.wikipedia.org/w/index.php?oldid=1314327090,2025-09-30
HAMNET,United Kingdom; United States,0,live_action,0,,,,,,,novel,Hera Pictures; Neal Street Productions; Amblin Entertainment; Book of Shadows,Hamnet (film),Hamnet (film),high,Chloe Zhao; Maggie O'Farrell novel; Telluride premiere; Focus Features; IMDb snapshot unreadable,test,,2025-08-29,,,,yes,https://en.wikipedia.org/w/index.php?oldid=1314022206,2025-09-29
SETANNYA CUAN,Indonesia,1,live_action,0,,,,,,,true_story,,,,low,"Horror comedy (Joe P Project, Aming); said to be based on executive producer's family experience in 1970s Bandung; production company not verified",test,,2026-03-05,,,,unknown,https://www.beritasatu.com/lifestyle/2972049/setannya-cuan-tayang-5-maret-2026-horor-komedi-satir,
ASRAMA PUTRI,Indonesia,1,live_action,0,,,,,,,viral_story,,,,medium,Horror adapted from a viral campus story in Bogor; producer Adipati Karna; production company not verified,test,,2026-02-19,,,,unknown,https://filmindonesia.or.id/film/lf-a011-26-990444,
5 CENTIMETERS PER SECOND (ANIMATION),Japan,0,rerelease,0,,,,,,,original,CoMix Wave Films,5 Centimeters per Second,5 Centimeters Per Second,high,"Re-release of 2007 Makoto Shinkai anime, timed with live action remake; IMDb 7.4 from 68743 votes",test,,2007-03-03,,7.4,https://web.archive.org/web/20250919050903/https://www.imdb.com/title/tt0983213/,yes,https://en.wikipedia.org/w/index.php?oldid=1312854052,2025-09-23
ONCE WE WERE US,South Korea,0,live_action,0,,,,,,,remake,,Once We Were Us,Once We Were Us,medium,"Remake of Chinese film Us and Them (2018); Koo Kyo-hwan, Moon Ga-young; Showbox; en.wikipedia created 2026-01-09",test,,2025-12-31,,,,unknown,https://en.wikipedia.org/wiki/Once_We_Were_Us,
REMINDERS OF HIM,United States,0,live_action,0,,,,,,,novel,Heartbones Entertainment; Little Engine Productions,Reminders of Him,,high,Colleen Hoover novel; Universal; date is US release,test,,2026-03-13,,,,yes,https://en.wikipedia.org/w/index.php?oldid=1314293406,2025-09-30
CAUGHT STEALING,United States,0,live_action,0,,,,,,,novel,Columbia Pictures; Protozoa Pictures,Caught Stealing,,high,Charlie Huston novel; Sony; US release 2025-08-29; IMDb pre-cutoff snapshot not retrievable,test,,2025-08-29,,,,yes,https://en.wikipedia.org/w/index.php?oldid=1314317359,2025-09-30
BELUM ADA JUDUL,Indonesia,1,live_action,0,,,,,,,original,Citra Sinema; SinemArt,,Belum Ada Judul (film),medium,"Teacher drama with Bucek Depp, Deddy Mizwar, Iwan Fals",test,,2025-11-20,,,,unknown,https://www.liputan6.com/showbiz/read/6216400/belum-ada-judul-tayang-di-bioskop-mulai-20-november-2025-dibintangi-bucek-depp-hingga-nurra-datau,
HOPPERS (3D),United States,0,animation,0,,,,,,,original,Pixar Animation Studios,Hoppers (film),Hoppers,high,Disney/Pixar original; date is US release; format version of HOPPERS,test,,2026-03-06,,,,yes,https://en.wikipedia.org/w/index.php?oldid=1313175530,2025-09-24
SEND HELP,United States,0,live_action,0,,,,,,,original,Raimi Productions,Send Help,Send Help,high,Sam Raimi; 20th Century Studios; date is US release,test,,2026-01-30,,,,yes,https://en.wikipedia.org/w/index.php?oldid=1312972986,2025-09-23
THE RUNNING MAN (IMAX 2D),United Kingdom; United States,0,live_action,0,,,,,,,novel,Kinberg Genre; Complete Fiction,The Running Man (2025 film),The Running Man (film 2025),high,"New Stephen King adaptation by Edgar Wright (1987 film is an earlier adaptation, not a predecessor); Paramount; date is US release; format version of THE RUNNING MAN",test,,2025-11-14,,,,yes,https://en.wikipedia.org/w/index.php?oldid=1314203189,2025-09-30
WUTHERING HEIGHTS (IMAX 2D),United Kingdom; United States,0,live_action,0,,,,,,,novel,MRC; Lie Still; LuckyChap Entertainment,Wuthering Heights (2026 film),Wuthering Heights (film 2026),high,Emerald Fennell adaptation of Emily Bronte novel; Warner Bros.; format version of WUTHERING HEIGHTS,test,,2026-02-11,,,,yes,https://en.wikipedia.org/w/index.php?oldid=1314179141,2025-09-30
SCREAM 7 (IMAX 2D),United States,0,live_action,1,Scream,Scream VI,2023.0,,,,other,Spyglass Media Group; Project X Entertainment; Outerbanks Entertainment,Scream 7,Scream 7,high,Paramount; date is US release; predecessor Indonesian admissions not published; format version of SCREAM 7,test,,2026-02-27,,,,yes,https://en.wikipedia.org/w/index.php?oldid=1314293132,2025-09-30
MARIA,Italy; Germany; Chile; United States,0,live_action,0,,,,,,,true_story,Fremantle; The Apartment Pictures; Komplizen Film; Fabula; FilmNation Entertainment,Maria (2024 film),Maria (film 2024),high,"Maria Callas biopic with Angelina Jolie; Venice 2024 premiere, late Indonesian release; IMDb 6.4 from 21832 votes",test,,2024-08-29,,6.4,https://web.archive.org/web/20250814234411/https://www.imdb.com/title/tt22893404/,yes,https://en.wikipedia.org/w/index.php?oldid=1311696745,2025-09-16
TRON: ARES (3D),United States,0,live_action,1,Tron,Tron: Legacy,2010.0,,,,other,Walt Disney Pictures; Sean Bailey Productions,Tron: Ares,Tron: Ares,high,Disney; date is US release; predecessor Indonesian admissions not published; format version of TRON: ARES,test,,2025-10-10,,,,yes,https://en.wikipedia.org/w/index.php?oldid=1314282803,2025-09-30
STRAY KIDS: THE DOMINATE EXPERIENCE (IMAX 2D),South Korea,0,concert,0,,,,,,,other,,,,low,Stray Kids concert film; no Wikipedia article and no pre-cutoff source checked; format version of STRAY KIDS: THE DOMINATE EXPERIENCE,test,,2026-02,,,,unknown,,
MERCY (IMAX 2D),United States,0,live_action,0,,,,,,,original,Amazon MGM Studios,Mercy (2026 film),Mercy (film 2026),high,"Chris Pratt, Rebecca Ferguson; international release by Sony Pictures Releasing International; date is US release; format version of MERCY",test,,2026-01-23,,,,yes,https://en.wikipedia.org/w/index.php?oldid=1310398524,2025-09-09
STRAY KIDS: THE DOMINATE EXPERIENCE,South Korea,0,concert,0,,,,,,,other,,,,low,Stray Kids concert film; no Wikipedia article and no pre-cutoff source checked,test,,2026-02,,,,unknown,,
G-DRAGON IN CINEMA: UBERMENSCH,South Korea,0,concert,0,,,,,,,other,,G-Dragon in Cinema: Übermensch,,medium,"Concert film of 2025 Ubermensch world tour, global release 2025-10-29; en.wikipedia created 2025-10-22",test,,2025-10-29,,,,unknown,https://en.wikipedia.org/wiki/G-Dragon_in_Cinema:_%C3%9Cbermensch,
TAJ MAHAL: AN ETERNAL LOVE STORY,India,0,rerelease,0,,,,,,,true_story,,Taj Mahal: An Eternal Love Story,Taj Mahal: An Eternal Love Story,medium,"2005 Indian historical drama by Akbar Khan (Shah Jahan and Mumtaz); Indonesian 2026 release credits Pen Densham, Neil Kaplan, John Watson so may be a re-edited version, not verified; IMDb 5.3 from 197 votes",test,,2005-11-18,,5.3,https://web.archive.org/web/20240716140401/https://www.imdb.com/title/tt0328503/,yes,https://en.wikipedia.org/w/index.php?oldid=1270492862,2025-01-19
NIA,Indonesia,1,live_action,0,,,,,,,true_story,,,Nia (film),medium,Based on the 2024 murder of Nia Kurnia Sari (Padang Pariaman); Ruben Onsu among producers; production company not verified,test,,2025-12-04,,,,unknown,https://www.liputan6.com/showbiz/read/6212723/6-fakta-film-nia-karya-sineas-aditya-gumay-dibintangi-syakira-humaira-ruben-onsu-jadi-produser,
THE BRIDE! (IMAX 2D),United States,0,live_action,0,,,,,,,other,First Love Films; In the Current Company,The Bride!,The Bride!,high,Reimagining of Bride of Frankenstein (Frankenstein material); Warner Bros.; date is US release; format version of THE BRIDE!,test,,2026-03-06,,,,yes,https://en.wikipedia.org/w/index.php?oldid=1313876871,2025-09-28
HOPPERS (IMAX 2D),United States,0,animation,0,,,,,,,original,Pixar Animation Studios,Hoppers (film),Hoppers,high,Disney/Pixar original; date is US release; format version of HOPPERS,test,,2026-03-06,,,,yes,https://en.wikipedia.org/w/index.php?oldid=1313175530,2025-09-24
"WE, EVERYDAY",South Korea,0,live_action,0,,,,,,,comic,,,,medium,"Korean title Everyday, We Are, based on a webtoon; shot around 2021 and delayed (late Kim Sae-ron's final film); no dated pre-cutoff source checked",test,,2026-03-04,,,,unknown,,
ZOOTOPIA 2 (3D),United States,0,animation,1,Zootopia,Zootopia,2016.0,,,,original,Walt Disney Animation Studios,Zootopia 2,Zootopia 2,high,Disney; date is US release; predecessor Indonesian admissions not published; format version of ZOOTOPIA 2,test,,2025-11-26,,,,yes,https://en.wikipedia.org/w/index.php?oldid=1314288325,2025-09-30
EPIC: ELVIS PRESLEY IN CONCERT,United States; Australia,0,documentary,0,,,,,,,other,,EPiC: Elvis Presley in Concert,,high,"Baz Luhrmann concert documentary from restored 1970s footage, follow-up to Elvis (2022) but not a sequel; TIFF premiere; IMDb 9.2 from only 56 votes",test,,2025-09-06,,9.2,https://web.archive.org/web/20250915063743/https://www.imdb.com/title/tt35003538/,yes,https://en.wikipedia.org/w/index.php?oldid=1314277263,2025-09-30
WICKED: FOR GOOD (3D),United States,0,live_action,1,Wicked,Wicked,2024.0,,,,other,Universal Pictures; Marc Platt Productions,Wicked: For Good,Wicked: For Good,high,Based on stage musical and Maguire novel; date is US release; Indonesian admissions of Wicked (2024) not published; format version of WICKED: FOR GOOD,test,,2025-11-21,,,,yes,https://en.wikipedia.org/w/index.php?oldid=1314140043,2025-09-29
G-DRAGON IN CINEMA: UBERMENSCH (IMAX 2D),South Korea,0,concert,0,,,,,,,other,,G-Dragon in Cinema: Übermensch,,medium,"Concert film of 2025 Ubermensch world tour, global release 2025-10-29; en.wikipedia created 2025-10-22; format version of G-DRAGON IN CINEMA: UBERMENSCH",test,,2025-10-29,,,,unknown,https://en.wikipedia.org/wiki/G-Dragon_in_Cinema:_%C3%9Cbermensch,
JUARA SEJATI,Indonesia,1,live_action,0,,,,,,,original,,,Juara Sejati,medium,Children friendship drama; producer and writer Amanda Latief; production company not verified,test,,2026-03-05,,,,unknown,https://demifilm.id/juara-sejati-mulai-tayang-kamis-5-maret-2026,
PREDATOR: BADLANDS (3D),United States,0,live_action,1,Predator,The Predator,2018.0,,,,other,Davis Entertainment; Lawrence Gordon Productions,Predator: Badlands,Predator: Badlands,high,"20th Century Studios; last theatrical entry The Predator (2018), Prey (2022) and Killer of Killers (2025) were streaming only; date is US release; format version of PREDATOR: BADLANDS",test,,2025-11-07,,,,yes,https://en.wikipedia.org/w/index.php?oldid=1313835420,2025-09-28
EPIC: ELVIS PRESLEY IN CONCERT (IMAX 2D),United States; Australia,0,documentary,0,,,,,,,other,,EPiC: Elvis Presley in Concert,,high,"Baz Luhrmann concert documentary from restored 1970s footage, follow-up to Elvis (2022) but not a sequel; TIFF premiere; IMDb 9.2 from only 56 votes; format version of EPIC: ELVIS PRESLEY IN CONCERT",test,,2025-09-06,,9.2,https://web.archive.org/web/20250915063743/https://www.imdb.com/title/tt35003538/,yes,https://en.wikipedia.org/w/index.php?oldid=1314277263,2025-09-30
DEATH WHISPERER 3 (IMAX 2D),Thailand,0,live_action,1,Death Whisperer (Tee Yod),Death Whisperer 2,2024.0,,,,novel,Major Joint Film; BEC World,Death Whisperer 3,,high,Thai horror franchise based on Krittanon's Tee Yod writings; predecessor released in Indonesia 2024-11-27 but no dated Indonesian admissions figure found; format version of DEATH WHISPERER 3,test,,2025-10-01,,,,yes,https://en.wikipedia.org/w/index.php?oldid=1314315732,2025-09-30
